location_id,sensor_id,parameter,value,unit,timestamp,hour,temperature,humidity,wind_speed,precipitation
17,12234782,co,1.69,ppb,2025-02-19 01:30:00,2025-02-19 01:00:00,16.8,63,4.2,0.0
17,12234782,co,1.6,ppb,2025-02-19 01:45:00,2025-02-19 01:00:00,16.8,63,4.2,0.0
17,12234782,co,1.2,ppb,2025-02-19 02:30:00,2025-02-19 02:00:00,16.0,66,4.1,0.0
17,12234782,co,1.29,ppb,2025-02-19 02:45:00,2025-02-19 02:00:00,16.0,66,4.1,0.0
17,12234782,co,1.2,ppb,2025-02-19 03:00:00,2025-02-19 03:00:00,15.3,68,4.5,0.0
17,12234782,co,1.2,ppb,2025-02-19 03:15:00,2025-02-19 03:00:00,15.3,68,4.5,0.0
17,12234782,co,1.26,ppb,2025-02-19 03:30:00,2025-02-19 03:00:00,15.3,68,4.5,0.0
17,12234782,co,1.15,ppb,2025-02-19 03:45:00,2025-02-19 03:00:00,15.3,68,4.5,0.0
17,12234782,co,0.84,ppb,2025-02-19 04:00:00,2025-02-19 04:00:00,14.7,70,4.4,0.0
17,12234782,co,0.68,ppb,2025-02-19 04:15:00,2025-02-19 04:00:00,14.7,70,4.4,0.0
17,12234782,co,0.64,ppb,2025-02-19 04:30:00,2025-02-19 04:00:00,14.7,70,4.4,0.0
17,12234782,co,0.65,ppb,2025-02-19 04:45:00,2025-02-19 04:00:00,14.7,70,4.4,0.0
17,12234782,co,0.77,ppb,2025-02-19 05:00:00,2025-02-19 05:00:00,14.2,70,4.5,0.0
17,12234782,co,0.69,ppb,2025-02-19 05:15:00,2025-02-19 05:00:00,14.2,70,4.5,0.0
17,12234782,co,0.58,ppb,2025-02-19 05:30:00,2025-02-19 05:00:00,14.2,70,4.5,0.0
17,12234782,co,0.5,ppb,2025-02-19 05:45:00,2025-02-19 05:00:00,14.2,70,4.5,0.0
17,12234782,co,0.54,ppb,2025-02-19 06:00:00,2025-02-19 06:00:00,13.8,76,4.3,0.0
17,12234782,co,0.6,ppb,2025-02-19 06:15:00,2025-02-19 06:00:00,13.8,76,4.3,0.0
17,12234782,co,0.66,ppb,2025-02-19 06:30:00,2025-02-19 06:00:00,13.8,76,4.3,0.0
17,12234782,co,0.8,ppb,2025-02-19 06:45:00,2025-02-19 06:00:00,13.8,76,4.3,0.0
17,12234782,co,0.8,ppb,2025-02-19 07:00:00,2025-02-19 07:00:00,14.2,74,4.7,0.0
17,12234782,co,0.89,ppb,2025-02-19 07:15:00,2025-02-19 07:00:00,14.2,74,4.7,0.0
17,12234782,co,1.1,ppb,2025-02-19 07:30:00,2025-02-19 07:00:00,14.2,74,4.7,0.0
17,12234782,co,1.1,ppb,2025-02-19 07:45:00,2025-02-19 07:00:00,14.2,74,4.7,0.0
17,12234782,co,0.95,ppb,2025-02-19 08:00:00,2025-02-19 08:00:00,15.9,67,5.4,0.0
17,12234782,co,0.81,ppb,2025-02-19 08:15:00,2025-02-19 08:00:00,15.9,67,5.4,0.0
17,12234782,co,0.53,ppb,2025-02-19 08:30:00,2025-02-19 08:00:00,15.9,67,5.4,0.0
17,12234782,co,0.44,ppb,2025-02-19 08:45:00,2025-02-19 08:00:00,15.9,67,5.4,0.0
17,12234782,co,0.5,ppb,2025-02-19 09:00:00,2025-02-19 09:00:00,19.0,54,3.4,0.0
17,12234782,co,0.47,ppb,2025-02-19 09:15:00,2025-02-19 09:00:00,19.0,54,3.4,0.0
17,12234782,co,0.45,ppb,2025-02-19 09:30:00,2025-02-19 09:00:00,19.0,54,3.4,0.0
17,12234782,co,0.24,ppb,2025-02-19 09:45:00,2025-02-19 09:00:00,19.0,54,3.4,0.0
17,12234782,co,0.18,ppb,2025-02-19 10:00:00,2025-02-19 10:00:00,22.0,43,4.0,0.0
17,12234782,co,0.19,ppb,2025-02-19 10:15:00,2025-02-19 10:00:00,22.0,43,4.0,0.0
17,12234782,co,0.17,ppb,2025-02-19 10:30:00,2025-02-19 10:00:00,22.0,43,4.0,0.0
17,12234782,co,0.22,ppb,2025-02-19 10:45:00,2025-02-19 10:00:00,22.0,43,4.0,0.0
17,12234782,co,0.24,ppb,2025-02-19 11:00:00,2025-02-19 11:00:00,24.4,34,5.4,0.0
17,12234782,co,0.25,ppb,2025-02-19 11:15:00,2025-02-19 11:00:00,24.4,34,5.4,0.0
17,12234782,co,0.29,ppb,2025-02-19 11:30:00,2025-02-19 11:00:00,24.4,34,5.4,0.0
17,12234782,co,0.26,ppb,2025-02-19 11:45:00,2025-02-19 11:00:00,24.4,34,5.4,0.0
17,12234782,co,0.23,ppb,2025-02-19 12:00:00,2025-02-19 12:00:00,26.0,27,6.3,0.0
17,12234782,co,0.19,ppb,2025-02-19 12:15:00,2025-02-19 12:00:00,26.0,27,6.3,0.0
17,12234782,co,0.09,ppb,2025-02-19 12:30:00,2025-02-19 12:00:00,26.0,27,6.3,0.0
17,12234782,co,0.1,ppb,2025-02-19 12:45:00,2025-02-19 12:00:00,26.0,27,6.3,0.0
17,12234782,co,0.16,ppb,2025-02-19 13:00:00,2025-02-19 13:00:00,27.0,23,6.7,0.0
17,12234782,co,0.07,ppb,2025-02-19 13:15:00,2025-02-19 13:00:00,27.0,23,6.7,0.0
17,12234782,co,0.0,ppb,2025-02-19 13:30:00,2025-02-19 13:00:00,27.0,23,6.7,0.0
17,12234782,co,0.16,ppb,2025-02-19 13:45:00,2025-02-19 13:00:00,27.0,23,6.7,0.0
17,12234782,co,0.07,ppb,2025-02-19 14:00:00,2025-02-19 14:00:00,27.6,22,7.3,0.0
17,12234782,co,0.03,ppb,2025-02-19 14:45:00,2025-02-19 14:00:00,27.6,22,7.3,0.0
17,12234782,co,0.02,ppb,2025-02-19 15:00:00,2025-02-19 15:00:00,27.5,24,9.0,0.0
17,12234782,co,0.11,ppb,2025-02-19 17:30:00,2025-02-19 17:00:00,25.9,29,7.9,0.0
17,12234782,co,0.17,ppb,2025-02-19 17:45:00,2025-02-19 17:00:00,25.9,29,7.9,0.0
17,12234782,co,0.89,ppb,2025-02-19 18:15:00,2025-02-19 18:00:00,25.1,33,5.3,0.0
17,12234782,co,1.36,ppb,2025-02-19 18:30:00,2025-02-19 18:00:00,25.1,33,5.3,0.0
17,12234782,co,1.56,ppb,2025-02-19 18:45:00,2025-02-19 18:00:00,25.1,33,5.3,0.0
17,12234782,co,1.45,ppb,2025-02-19 19:00:00,2025-02-19 19:00:00,24.2,39,3.1,0.0
17,12234782,co,1.61,ppb,2025-02-19 19:15:00,2025-02-19 19:00:00,24.2,39,3.1,0.0
17,12234782,co,1.55,ppb,2025-02-19 19:30:00,2025-02-19 19:00:00,24.2,39,3.1,0.0
17,12234782,co,1.49,ppb,2025-02-19 19:45:00,2025-02-19 19:00:00,24.2,39,3.1,0.0
17,12234782,co,1.8,ppb,2025-02-19 20:00:00,2025-02-19 20:00:00,23.0,45,3.1,0.0
17,12234782,co,1.66,ppb,2025-02-19 20:15:00,2025-02-19 20:00:00,23.0,45,3.1,0.0
17,12234782,co,1.72,ppb,2025-02-19 20:30:00,2025-02-19 20:00:00,23.0,45,3.1,0.0
17,12234782,co,2.24,ppb,2025-02-19 20:45:00,2025-02-19 20:00:00,23.0,45,3.1,0.0
17,12234782,co,2.79,ppb,2025-02-19 21:00:00,2025-02-19 21:00:00,22.3,48,5.0,0.0
17,12234782,co,1.64,ppb,2025-02-19 21:15:00,2025-02-19 21:00:00,22.3,48,5.0,0.0
17,12234782,co,1.03,ppb,2025-02-19 21:30:00,2025-02-19 21:00:00,22.3,48,5.0,0.0
17,12234782,co,0.71,ppb,2025-02-19 21:45:00,2025-02-19 21:00:00,22.3,48,5.0,0.0
17,12234782,co,0.85,ppb,2025-02-19 22:00:00,2025-02-19 22:00:00,21.1,54,6.1,0.2
17,12234782,co,0.63,ppb,2025-02-19 22:15:00,2025-02-19 22:00:00,21.1,54,6.1,0.2
17,12234782,co,0.93,ppb,2025-02-19 22:30:00,2025-02-19 22:00:00,21.1,54,6.1,0.2
17,12234782,co,0.88,ppb,2025-02-19 22:45:00,2025-02-19 22:00:00,21.1,54,6.1,0.2
17,12234782,co,0.86,ppb,2025-02-19 23:00:00,2025-02-19 23:00:00,19.2,67,0.8,0.3
17,12234782,co,0.62,ppb,2025-02-19 23:15:00,2025-02-19 23:00:00,19.2,67,0.8,0.3
17,12234782,co,0.26,ppb,2025-02-19 23:30:00,2025-02-19 23:00:00,19.2,67,0.8,0.3
17,12234782,co,1.02,ppb,2025-02-20 00:30:00,2025-02-20 00:00:00,19.1,67,7.4,0.0
17,12234782,co,1.13,ppb,2025-02-20 00:45:00,2025-02-20 00:00:00,19.1,67,7.4,0.0
17,12234782,co,1.12,ppb,2025-02-20 01:00:00,2025-02-20 01:00:00,17.7,73,1.8,0.4
17,12234782,co,1.16,ppb,2025-02-20 01:15:00,2025-02-20 01:00:00,17.7,73,1.8,0.4
17,12234782,co,1.2,ppb,2025-02-20 01:30:00,2025-02-20 01:00:00,17.7,73,1.8,0.4
17,12234782,co,1.06,ppb,2025-02-20 01:45:00,2025-02-20 01:00:00,17.7,73,1.8,0.4
17,12234782,co,1.04,ppb,2025-02-20 02:30:00,2025-02-20 02:00:00,17.4,74,8.2,0.0
17,12234782,co,1.1,ppb,2025-02-20 02:45:00,2025-02-20 02:00:00,17.4,74,8.2,0.0
17,12234782,co,1.58,ppb,2025-02-20 03:00:00,2025-02-20 03:00:00,16.4,81,11.6,0.5
17,12234782,co,1.03,ppb,2025-02-20 03:15:00,2025-02-20 03:00:00,16.4,81,11.6,0.5
17,12234782,co,0.87,ppb,2025-02-20 03:30:00,2025-02-20 03:00:00,16.4,81,11.6,0.5
17,12234782,co,0.76,ppb,2025-02-20 03:45:00,2025-02-20 03:00:00,16.4,81,11.6,0.5
17,12234782,co,0.7,ppb,2025-02-20 04:00:00,2025-02-20 04:00:00,15.7,88,12.9,2.0
17,12234782,co,0.66,ppb,2025-02-20 04:15:00,2025-02-20 04:00:00,15.7,88,12.9,2.0
17,12234782,co,0.64,ppb,2025-02-20 04:30:00,2025-02-20 04:00:00,15.7,88,12.9,2.0
17,12234782,co,0.77,ppb,2025-02-20 04:45:00,2025-02-20 04:00:00,15.7,88,12.9,2.0
17,12234782,co,0.65,ppb,2025-02-20 05:00:00,2025-02-20 05:00:00,15.1,86,11.0,0.3
17,12234782,co,0.64,ppb,2025-02-20 05:15:00,2025-02-20 05:00:00,15.1,86,11.0,0.3
17,12234782,co,0.65,ppb,2025-02-20 05:30:00,2025-02-20 05:00:00,15.1,86,11.0,0.3
17,12234782,co,0.72,ppb,2025-02-20 05:45:00,2025-02-20 05:00:00,15.1,86,11.0,0.3
17,12234782,co,0.7,ppb,2025-02-20 06:00:00,2025-02-20 06:00:00,16.5,89,9.0,0.0
17,12234782,co,0.71,ppb,2025-02-20 06:15:00,2025-02-20 06:00:00,16.5,89,9.0,0.0
17,12234782,co,0.69,ppb,2025-02-20 06:30:00,2025-02-20 06:00:00,16.5,89,9.0,0.0
17,12234782,co,0.72,ppb,2025-02-20 06:45:00,2025-02-20 06:00:00,16.5,89,9.0,0.0
17,12234782,co,0.86,ppb,2025-02-20 07:00:00,2025-02-20 07:00:00,16.6,83,11.1,0.0
17,12234783,no,93.2,ppb,2025-02-19 01:30:00,2025-02-19 01:00:00,16.8,63,4.2,0.0
17,12234783,no,90.4,ppb,2025-02-19 01:45:00,2025-02-19 01:00:00,16.8,63,4.2,0.0
17,12234783,no,84.7,ppb,2025-02-19 02:30:00,2025-02-19 02:00:00,16.0,66,4.1,0.0
17,12234783,no,80.8,ppb,2025-02-19 02:45:00,2025-02-19 02:00:00,16.0,66,4.1,0.0
17,12234783,no,81.6,ppb,2025-02-19 03:00:00,2025-02-19 03:00:00,15.3,68,4.5,0.0
17,12234783,no,94.8,ppb,2025-02-19 03:15:00,2025-02-19 03:00:00,15.3,68,4.5,0.0
17,12234783,no,100.2,ppb,2025-02-19 03:30:00,2025-02-19 03:00:00,15.3,68,4.5,0.0
17,12234783,no,97.8,ppb,2025-02-19 03:45:00,2025-02-19 03:00:00,15.3,68,4.5,0.0
17,12234783,no,71.5,ppb,2025-02-19 04:00:00,2025-02-19 04:00:00,14.7,70,4.4,0.0
17,12234783,no,62.6,ppb,2025-02-19 04:15:00,2025-02-19 04:00:00,14.7,70,4.4,0.0
17,12234783,no,57.6,ppb,2025-02-19 04:30:00,2025-02-19 04:00:00,14.7,70,4.4,0.0
17,12234783,no,49.5,ppb,2025-02-19 04:45:00,2025-02-19 04:00:00,14.7,70,4.4,0.0
17,12234783,no,57.3,ppb,2025-02-19 05:00:00,2025-02-19 05:00:00,14.2,70,4.5,0.0
17,12234783,no,46.7,ppb,2025-02-19 05:15:00,2025-02-19 05:00:00,14.2,70,4.5,0.0
17,12234783,no,42.0,ppb,2025-02-19 05:30:00,2025-02-19 05:00:00,14.2,70,4.5,0.0
17,12234783,no,40.5,ppb,2025-02-19 05:45:00,2025-02-19 05:00:00,14.2,70,4.5,0.0
17,12234783,no,47.1,ppb,2025-02-19 06:00:00,2025-02-19 06:00:00,13.8,76,4.3,0.0
17,12234783,no,57.2,ppb,2025-02-19 06:15:00,2025-02-19 06:00:00,13.8,76,4.3,0.0
17,12234783,no,65.8,ppb,2025-02-19 06:30:00,2025-02-19 06:00:00,13.8,76,4.3,0.0
17,12234783,no,62.0,ppb,2025-02-19 06:45:00,2025-02-19 06:00:00,13.8,76,4.3,0.0
17,12234783,no,56.6,ppb,2025-02-19 07:00:00,2025-02-19 07:00:00,14.2,74,4.7,0.0
17,12234783,no,68.0,ppb,2025-02-19 07:15:00,2025-02-19 07:00:00,14.2,74,4.7,0.0
17,12234783,no,82.4,ppb,2025-02-19 07:30:00,2025-02-19 07:00:00,14.2,74,4.7,0.0
17,12234783,no,73.5,ppb,2025-02-19 07:45:00,2025-02-19 07:00:00,14.2,74,4.7,0.0
17,12234783,no,55.8,ppb,2025-02-19 08:00:00,2025-02-19 08:00:00,15.9,67,5.4,0.0
17,12234783,no,41.5,ppb,2025-02-19 08:15:00,2025-02-19 08:00:00,15.9,67,5.4,0.0
17,12234783,no,25.4,ppb,2025-02-19 08:30:00,2025-02-19 08:00:00,15.9,67,5.4,0.0
17,12234783,no,24.1,ppb,2025-02-19 08:45:00,2025-02-19 08:00:00,15.9,67,5.4,0.0
17,12234783,no,17.1,ppb,2025-02-19 09:00:00,2025-02-19 09:00:00,19.0,54,3.4,0.0
17,12234783,no,12.0,ppb,2025-02-19 09:15:00,2025-02-19 09:00:00,19.0,54,3.4,0.0
17,12234783,no,12.3,ppb,2025-02-19 09:30:00,2025-02-19 09:00:00,19.0,54,3.4,0.0
17,12234783,no,13.6,ppb,2025-02-19 09:45:00,2025-02-19 09:00:00,19.0,54,3.4,0.0
17,12234783,no,10.1,ppb,2025-02-19 10:00:00,2025-02-19 10:00:00,22.0,43,4.0,0.0
17,12234783,no,7.8,ppb,2025-02-19 10:15:00,2025-02-19 10:00:00,22.0,43,4.0,0.0
17,12234783,no,4.6,ppb,2025-02-19 10:30:00,2025-02-19 10:00:00,22.0,43,4.0,0.0
17,12234783,no,6.3,ppb,2025-02-19 10:45:00,2025-02-19 10:00:00,22.0,43,4.0,0.0
17,12234783,no,1.4,ppb,2025-02-19 11:00:00,2025-02-19 11:00:00,24.4,34,5.4,0.0
17,12234783,no,2.8,ppb,2025-02-19 11:15:00,2025-02-19 11:00:00,24.4,34,5.4,0.0
17,12234783,no,4.1,ppb,2025-02-19 11:30:00,2025-02-19 11:00:00,24.4,34,5.4,0.0
17,12234783,no,2.8,ppb,2025-02-19 11:45:00,2025-02-19 11:00:00,24.4,34,5.4,0.0
17,12234783,no,5.3,ppb,2025-02-19 12:00:00,2025-02-19 12:00:00,26.0,27,6.3,0.0
17,12234783,no,7.5,ppb,2025-02-19 12:15:00,2025-02-19 12:00:00,26.0,27,6.3,0.0
17,12234783,no,3.2,ppb,2025-02-19 12:30:00,2025-02-19 12:00:00,26.0,27,6.3,0.0
17,12234783,no,0.2,ppb,2025-02-19 12:45:00,2025-02-19 12:00:00,26.0,27,6.3,0.0
17,12234783,no,0.4,ppb,2025-02-19 13:00:00,2025-02-19 13:00:00,27.0,23,6.7,0.0
17,12234783,no,4.8,ppb,2025-02-19 13:30:00,2025-02-19 13:00:00,27.0,23,6.7,0.0
17,12234783,no,7.8,ppb,2025-02-19 13:45:00,2025-02-19 13:00:00,27.0,23,6.7,0.0
17,12234783,no,7.7,ppb,2025-02-19 14:00:00,2025-02-19 14:00:00,27.6,22,7.3,0.0
17,12234783,no,6.1,ppb,2025-02-19 14:15:00,2025-02-19 14:00:00,27.6,22,7.3,0.0
17,12234783,no,6.3,ppb,2025-02-19 14:30:00,2025-02-19 14:00:00,27.6,22,7.3,0.0
17,12234783,no,2.5,ppb,2025-02-19 14:45:00,2025-02-19 14:00:00,27.6,22,7.3,0.0
17,12234783,no,2.2,ppb,2025-02-19 15:00:00,2025-02-19 15:00:00,27.5,24,9.0,0.0
17,12234783,no,2.5,ppb,2025-02-19 15:15:00,2025-02-19 15:00:00,27.5,24,9.0,0.0
17,12234783,no,1.2,ppb,2025-02-19 15:30:00,2025-02-19 15:00:00,27.5,24,9.0,0.0
17,12234783,no,4.6,ppb,2025-02-19 15:45:00,2025-02-19 15:00:00,27.5,24,9.0,0.0
17,12234783,no,6.0,ppb,2025-02-19 16:00:00,2025-02-19 16:00:00,26.9,26,9.3,0.0
17,12234783,no,5.0,ppb,2025-02-19 16:15:00,2025-02-19 16:00:00,26.9,26,9.3,0.0
17,12234783,no,7.7,ppb,2025-02-19 16:30:00,2025-02-19 16:00:00,26.9,26,9.3,0.0
17,12234783,no,9.8,ppb,2025-02-19 16:45:00,2025-02-19 16:00:00,26.9,26,9.3,0.0
17,12234783,no,4.8,ppb,2025-02-19 17:00:00,2025-02-19 17:00:00,25.9,29,7.9,0.0
17,12234783,no,2.4,ppb,2025-02-19 17:15:00,2025-02-19 17:00:00,25.9,29,7.9,0.0
17,12234783,no,4.8,ppb,2025-02-19 17:30:00,2025-02-19 17:00:00,25.9,29,7.9,0.0
17,12234783,no,2.6,ppb,2025-02-19 17:45:00,2025-02-19 17:00:00,25.9,29,7.9,0.0
17,12234783,no,28.2,ppb,2025-02-19 18:15:00,2025-02-19 18:00:00,25.1,33,5.3,0.0
17,12234783,no,42.3,ppb,2025-02-19 18:30:00,2025-02-19 18:00:00,25.1,33,5.3,0.0
17,12234783,no,34.2,ppb,2025-02-19 18:45:00,2025-02-19 18:00:00,25.1,33,5.3,0.0
17,12234783,no,30.3,ppb,2025-02-19 19:00:00,2025-02-19 19:00:00,24.2,39,3.1,0.0
17,12234783,no,35.2,ppb,2025-02-19 19:15:00,2025-02-19 19:00:00,24.2,39,3.1,0.0
17,12234783,no,31.3,ppb,2025-02-19 19:30:00,2025-02-19 19:00:00,24.2,39,3.1,0.0
17,12234783,no,33.2,ppb,2025-02-19 19:45:00,2025-02-19 19:00:00,24.2,39,3.1,0.0
17,12234783,no,37.0,ppb,2025-02-19 20:00:00,2025-02-19 20:00:00,23.0,45,3.1,0.0
17,12234783,no,32.8,ppb,2025-02-19 20:15:00,2025-02-19 20:00:00,23.0,45,3.1,0.0
17,12234783,no,35.9,ppb,2025-02-19 20:30:00,2025-02-19 20:00:00,23.0,45,3.1,0.0
17,12234783,no,46.2,ppb,2025-02-19 20:45:00,2025-02-19 20:00:00,23.0,45,3.1,0.0
17,12234783,no,80.3,ppb,2025-02-19 21:00:00,2025-02-19 21:00:00,22.3,48,5.0,0.0
17,12234783,no,50.5,ppb,2025-02-19 21:15:00,2025-02-19 21:00:00,22.3,48,5.0,0.0
17,12234783,no,15.0,ppb,2025-02-19 21:30:00,2025-02-19 21:00:00,22.3,48,5.0,0.0
17,12234783,no,8.6,ppb,2025-02-19 21:45:00,2025-02-19 21:00:00,22.3,48,5.0,0.0
17,12234783,no,5.9,ppb,2025-02-19 22:00:00,2025-02-19 22:00:00,21.1,54,6.1,0.2
17,12234783,no,6.9,ppb,2025-02-19 22:15:00,2025-02-19 22:00:00,21.1,54,6.1,0.2
17,12234783,no,5.3,ppb,2025-02-19 22:30:00,2025-02-19 22:00:00,21.1,54,6.1,0.2
17,12234783,no,10.1,ppb,2025-02-19 22:45:00,2025-02-19 22:00:00,21.1,54,6.1,0.2
17,12234783,no,15.7,ppb,2025-02-19 23:00:00,2025-02-19 23:00:00,19.2,67,0.8,0.3
17,12234783,no,10.4,ppb,2025-02-19 23:15:00,2025-02-19 23:00:00,19.2,67,0.8,0.3
17,12234783,no,10.1,ppb,2025-02-19 23:30:00,2025-02-19 23:00:00,19.2,67,0.8,0.3
17,12234783,no,32.0,ppb,2025-02-20 00:30:00,2025-02-20 00:00:00,19.1,67,7.4,0.0
17,12234783,no,34.2,ppb,2025-02-20 00:45:00,2025-02-20 00:00:00,19.1,67,7.4,0.0
17,12234783,no,36.1,ppb,2025-02-20 01:00:00,2025-02-20 01:00:00,17.7,73,1.8,0.4
17,12234783,no,42.7,ppb,2025-02-20 01:15:00,2025-02-20 01:00:00,17.7,73,1.8,0.4
17,12234783,no,39.2,ppb,2025-02-20 01:30:00,2025-02-20 01:00:00,17.7,73,1.8,0.4
17,12234783,no,35.4,ppb,2025-02-20 01:45:00,2025-02-20 01:00:00,17.7,73,1.8,0.4
17,12234783,no,30.3,ppb,2025-02-20 02:30:00,2025-02-20 02:00:00,17.4,74,8.2,0.0
17,12234783,no,28.3,ppb,2025-02-20 02:45:00,2025-02-20 02:00:00,17.4,74,8.2,0.0
17,12234783,no,20.5,ppb,2025-02-20 03:00:00,2025-02-20 03:00:00,16.4,81,11.6,0.5
17,12234783,no,25.2,ppb,2025-02-20 03:15:00,2025-02-20 03:00:00,16.4,81,11.6,0.5
17,12234783,no,19.8,ppb,2025-02-20 03:30:00,2025-02-20 03:00:00,16.4,81,11.6,0.5
17,12234783,no,6.9,ppb,2025-02-20 03:45:00,2025-02-20 03:00:00,16.4,81,11.6,0.5
17,12234783,no,4.1,ppb,2025-02-20 04:00:00,2025-02-20 04:00:00,15.7,88,12.9,2.0
17,12234783,no,5.8,ppb,2025-02-20 04:15:00,2025-02-20 04:00:00,15.7,88,12.9,2.0
17,12234783,no,3.7,ppb,2025-02-20 04:30:00,2025-02-20 04:00:00,15.7,88,12.9,2.0
17,12234784,no2,39.3,ppb,2025-02-19 01:30:00,2025-02-19 01:00:00,16.8,63,4.2,0.0
17,12234784,no2,43.2,ppb,2025-02-19 01:45:00,2025-02-19 01:00:00,16.8,63,4.2,0.0
17,12234784,no2,40.6,ppb,2025-02-19 02:30:00,2025-02-19 02:00:00,16.0,66,4.1,0.0
17,12234784,no2,39.0,ppb,2025-02-19 02:45:00,2025-02-19 02:00:00,16.0,66,4.1,0.0
17,12234784,no2,52.8,ppb,2025-02-19 03:00:00,2025-02-19 03:00:00,15.3,68,4.5,0.0
17,12234784,no2,52.3,ppb,2025-02-19 03:15:00,2025-02-19 03:00:00,15.3,68,4.5,0.0
17,12234784,no2,52.8,ppb,2025-02-19 03:30:00,2025-02-19 03:00:00,15.3,68,4.5,0.0
17,12234784,no2,44.5,ppb,2025-02-19 03:45:00,2025-02-19 03:00:00,15.3,68,4.5,0.0
17,12234784,no2,49.0,ppb,2025-02-19 04:00:00,2025-02-19 04:00:00,14.7,70,4.4,0.0
17,12234784,no2,50.3,ppb,2025-02-19 04:15:00,2025-02-19 04:00:00,14.7,70,4.4,0.0
17,12234784,no2,42.8,ppb,2025-02-19 04:30:00,2025-02-19 04:00:00,14.7,70,4.4,0.0
17,12234784,no2,41.1,ppb,2025-02-19 04:45:00,2025-02-19 04:00:00,14.7,70,4.4,0.0
17,12234784,no2,45.0,ppb,2025-02-19 05:00:00,2025-02-19 05:00:00,14.2,70,4.5,0.0
17,12234784,no2,39.5,ppb,2025-02-19 05:15:00,2025-02-19 05:00:00,14.2,70,4.5,0.0
17,12234784,no2,44.8,ppb,2025-02-19 05:30:00,2025-02-19 05:00:00,14.2,70,4.5,0.0
17,12234784,no2,45.2,ppb,2025-02-19 05:45:00,2025-02-19 05:00:00,14.2,70,4.5,0.0
17,12234784,no2,43.1,ppb,2025-02-19 06:00:00,2025-02-19 06:00:00,13.8,76,4.3,0.0
17,12234784,no2,34.8,ppb,2025-02-19 06:15:00,2025-02-19 06:00:00,13.8,76,4.3,0.0
17,12234784,no2,42.2,ppb,2025-02-19 06:30:00,2025-02-19 06:00:00,13.8,76,4.3,0.0
17,12234784,no2,41.0,ppb,2025-02-19 06:45:00,2025-02-19 06:00:00,13.8,76,4.3,0.0
17,12234784,no2,35.1,ppb,2025-02-19 07:00:00,2025-02-19 07:00:00,14.2,74,4.7,0.0
17,12234784,no2,40.6,ppb,2025-02-19 07:15:00,2025-02-19 07:00:00,14.2,74,4.7,0.0
17,12234784,no2,61.0,ppb,2025-02-19 07:30:00,2025-02-19 07:00:00,14.2,74,4.7,0.0
17,12234784,no2,61.7,ppb,2025-02-19 07:45:00,2025-02-19 07:00:00,14.2,74,4.7,0.0
17,12234784,no2,59.5,ppb,2025-02-19 08:00:00,2025-02-19 08:00:00,15.9,67,5.4,0.0
17,12234784,no2,57.7,ppb,2025-02-19 08:15:00,2025-02-19 08:00:00,15.9,67,5.4,0.0
17,12234784,no2,51.2,ppb,2025-02-19 08:30:00,2025-02-19 08:00:00,15.9,67,5.4,0.0
17,12234784,no2,52.7,ppb,2025-02-19 08:45:00,2025-02-19 08:00:00,15.9,67,5.4,0.0
17,12234784,no2,64.6,ppb,2025-02-19 09:00:00,2025-02-19 09:00:00,19.0,54,3.4,0.0
17,12234784,no2,53.5,ppb,2025-02-19 09:15:00,2025-02-19 09:00:00,19.0,54,3.4,0.0
17,12234784,no2,49.9,ppb,2025-02-19 09:30:00,2025-02-19 09:00:00,19.0,54,3.4,0.0
17,12234784,no2,47.6,ppb,2025-02-19 09:45:00,2025-02-19 09:00:00,19.0,54,3.4,0.0
17,12234784,no2,48.8,ppb,2025-02-19 10:00:00,2025-02-19 10:00:00,22.0,43,4.0,0.0
17,12234784,no2,40.9,ppb,2025-02-19 10:15:00,2025-02-19 10:00:00,22.0,43,4.0,0.0
17,12234784,no2,34.3,ppb,2025-02-19 10:30:00,2025-02-19 10:00:00,22.0,43,4.0,0.0
17,12234784,no2,31.7,ppb,2025-02-19 10:45:00,2025-02-19 10:00:00,22.0,43,4.0,0.0
17,12234784,no2,28.9,ppb,2025-02-19 11:00:00,2025-02-19 11:00:00,24.4,34,5.4,0.0
17,12234784,no2,32.4,ppb,2025-02-19 11:15:00,2025-02-19 11:00:00,24.4,34,5.4,0.0
17,12234784,no2,29.8,ppb,2025-02-19 11:30:00,2025-02-19 11:00:00,24.4,34,5.4,0.0
17,12234784,no2,26.7,ppb,2025-02-19 11:45:00,2025-02-19 11:00:00,24.4,34,5.4,0.0
17,12234784,no2,23.5,ppb,2025-02-19 12:00:00,2025-02-19 12:00:00,26.0,27,6.3,0.0
17,12234784,no2,22.8,ppb,2025-02-19 12:15:00,2025-02-19 12:00:00,26.0,27,6.3,0.0
17,12234784,no2,23.0,ppb,2025-02-19 12:30:00,2025-02-19 12:00:00,26.0,27,6.3,0.0
17,12234784,no2,21.7,ppb,2025-02-19 12:45:00,2025-02-19 12:00:00,26.0,27,6.3,0.0
17,12234784,no2,22.0,ppb,2025-02-19 13:00:00,2025-02-19 13:00:00,27.0,23,6.7,0.0
17,12234784,no2,24.3,ppb,2025-02-19 13:15:00,2025-02-19 13:00:00,27.0,23,6.7,0.0
17,12234784,no2,23.2,ppb,2025-02-19 13:30:00,2025-02-19 13:00:00,27.0,23,6.7,0.0
17,12234784,no2,22.8,ppb,2025-02-19 13:45:00,2025-02-19 13:00:00,27.0,23,6.7,0.0
17,12234784,no2,24.2,ppb,2025-02-19 14:00:00,2025-02-19 14:00:00,27.6,22,7.3,0.0
17,12234784,no2,25.7,ppb,2025-02-19 14:15:00,2025-02-19 14:00:00,27.6,22,7.3,0.0
17,12234784,no2,18.9,ppb,2025-02-19 14:30:00,2025-02-19 14:00:00,27.6,22,7.3,0.0
17,12234784,no2,26.4,ppb,2025-02-19 14:45:00,2025-02-19 14:00:00,27.6,22,7.3,0.0
17,12234784,no2,26.8,ppb,2025-02-19 15:00:00,2025-02-19 15:00:00,27.5,24,9.0,0.0
17,12234784,no2,27.6,ppb,2025-02-19 15:15:00,2025-02-19 15:00:00,27.5,24,9.0,0.0
17,12234784,no2,26.5,ppb,2025-02-19 15:30:00,2025-02-19 15:00:00,27.5,24,9.0,0.0
17,12234784,no2,24.2,ppb,2025-02-19 15:45:00,2025-02-19 15:00:00,27.5,24,9.0,0.0
17,12234784,no2,21.1,ppb,2025-02-19 16:00:00,2025-02-19 16:00:00,26.9,26,9.3,0.0
17,12234784,no2,20.5,ppb,2025-02-19 16:15:00,2025-02-19 16:00:00,26.9,26,9.3,0.0
17,12234784,no2,20.1,ppb,2025-02-19 16:30:00,2025-02-19 16:00:00,26.9,26,9.3,0.0
17,12234784,no2,18.1,ppb,2025-02-19 16:45:00,2025-02-19 16:00:00,26.9,26,9.3,0.0
17,12234784,no2,31.5,ppb,2025-02-19 17:00:00,2025-02-19 17:00:00,25.9,29,7.9,0.0
17,12234784,no2,30.8,ppb,2025-02-19 17:15:00,2025-02-19 17:00:00,25.9,29,7.9,0.0
17,12234784,no2,53.6,ppb,2025-02-19 17:30:00,2025-02-19 17:00:00,25.9,29,7.9,0.0
17,12234784,no2,58.7,ppb,2025-02-19 17:45:00,2025-02-19 17:00:00,25.9,29,7.9,0.0
17,12234784,no2,78.1,ppb,2025-02-19 18:15:00,2025-02-19 18:00:00,25.1,33,5.3,0.0
17,12234784,no2,82.8,ppb,2025-02-19 18:30:00,2025-02-19 18:00:00,25.1,33,5.3,0.0
17,12234784,no2,88.3,ppb,2025-02-19 18:45:00,2025-02-19 18:00:00,25.1,33,5.3,0.0
17,12234784,no2,90.4,ppb,2025-02-19 19:00:00,2025-02-19 19:00:00,24.2,39,3.1,0.0
17,12234784,no2,96.6,ppb,2025-02-19 19:15:00,2025-02-19 19:00:00,24.2,39,3.1,0.0
17,12234784,no2,92.1,ppb,2025-02-19 19:30:00,2025-02-19 19:00:00,24.2,39,3.1,0.0
17,12234784,no2,89.5,ppb,2025-02-19 19:45:00,2025-02-19 19:00:00,24.2,39,3.1,0.0
17,12234784,no2,93.1,ppb,2025-02-19 20:00:00,2025-02-19 20:00:00,23.0,45,3.1,0.0
17,12234784,no2,86.5,ppb,2025-02-19 20:15:00,2025-02-19 20:00:00,23.0,45,3.1,0.0
17,12234784,no2,77.0,ppb,2025-02-19 20:30:00,2025-02-19 20:00:00,23.0,45,3.1,0.0
17,12234784,no2,84.2,ppb,2025-02-19 20:45:00,2025-02-19 20:00:00,23.0,45,3.1,0.0
17,12234784,no2,78.2,ppb,2025-02-19 21:00:00,2025-02-19 21:00:00,22.3,48,5.0,0.0
17,12234784,no2,83.6,ppb,2025-02-19 21:15:00,2025-02-19 21:00:00,22.3,48,5.0,0.0
17,12234784,no2,78.8,ppb,2025-02-19 21:30:00,2025-02-19 21:00:00,22.3,48,5.0,0.0
17,12234784,no2,70.0,ppb,2025-02-19 21:45:00,2025-02-19 21:00:00,22.3,48,5.0,0.0
17,12234784,no2,67.6,ppb,2025-02-19 22:00:00,2025-02-19 22:00:00,21.1,54,6.1,0.2
17,12234784,no2,66.5,ppb,2025-02-19 22:15:00,2025-02-19 22:00:00,21.1,54,6.1,0.2
17,12234784,no2,71.7,ppb,2025-02-19 22:30:00,2025-02-19 22:00:00,21.1,54,6.1,0.2
17,12234784,no2,63.9,ppb,2025-02-19 22:45:00,2025-02-19 22:00:00,21.1,54,6.1,0.2
17,12234784,no2,76.8,ppb,2025-02-19 23:00:00,2025-02-19 23:00:00,19.2,67,0.8,0.3
17,12234784,no2,67.6,ppb,2025-02-19 23:15:00,2025-02-19 23:00:00,19.2,67,0.8,0.3
17,12234784,no2,59.3,ppb,2025-02-19 23:30:00,2025-02-19 23:00:00,19.2,67,0.8,0.3
17,12234784,no2,65.4,ppb,2025-02-20 00:30:00,2025-02-20 00:00:00,19.1,67,7.4,0.0
17,12234784,no2,61.0,ppb,2025-02-20 00:45:00,2025-02-20 00:00:00,19.1,67,7.4,0.0
17,12234784,no2,59.1,ppb,2025-02-20 01:00:00,2025-02-20 01:00:00,17.7,73,1.8,0.4
17,12234784,no2,53.9,ppb,2025-02-20 01:15:00,2025-02-20 01:00:00,17.7,73,1.8,0.4
17,12234784,no2,66.8,ppb,2025-02-20 01:30:00,2025-02-20 01:00:00,17.7,73,1.8,0.4
17,12234784,no2,61.7,ppb,2025-02-20 01:45:00,2025-02-20 01:00:00,17.7,73,1.8,0.4
17,12234784,no2,51.7,ppb,2025-02-20 02:30:00,2025-02-20 02:00:00,17.4,74,8.2,0.0
17,12234784,no2,65.1,ppb,2025-02-20 02:45:00,2025-02-20 02:00:00,17.4,74,8.2,0.0
17,12234784,no2,56.6,ppb,2025-02-20 03:00:00,2025-02-20 03:00:00,16.4,81,11.6,0.5
17,12234784,no2,52.8,ppb,2025-02-20 03:15:00,2025-02-20 03:00:00,16.4,81,11.6,0.5
17,12234784,no2,58.1,ppb,2025-02-20 03:30:00,2025-02-20 03:00:00,16.4,81,11.6,0.5
17,12234784,no2,48.3,ppb,2025-02-20 03:45:00,2025-02-20 03:00:00,16.4,81,11.6,0.5
17,12234784,no2,47.5,ppb,2025-02-20 04:00:00,2025-02-20 04:00:00,15.7,88,12.9,2.0
17,12234784,no2,35.3,ppb,2025-02-20 04:15:00,2025-02-20 04:00:00,15.7,88,12.9,2.0
17,12234785,o3,15.9,µg/m³,2025-02-19 01:30:00,2025-02-19 01:00:00,16.8,63,4.2,0.0
17,12234785,o3,16.1,µg/m³,2025-02-19 01:45:00,2025-02-19 01:00:00,16.8,63,4.2,0.0
17,12234785,o3,16.2,µg/m³,2025-02-19 02:00:00,2025-02-19 02:00:00,16.0,66,4.1,0.0
17,12234785,o3,15.2,µg/m³,2025-02-19 02:15:00,2025-02-19 02:00:00,16.0,66,4.1,0.0
17,12234785,o3,15.3,µg/m³,2025-02-19 02:30:00,2025-02-19 02:00:00,16.0,66,4.1,0.0
17,12234785,o3,17.0,µg/m³,2025-02-19 02:45:00,2025-02-19 02:00:00,16.0,66,4.1,0.0
17,12234785,o3,16.0,µg/m³,2025-02-19 03:00:00,2025-02-19 03:00:00,15.3,68,4.5,0.0
17,12234785,o3,16.1,µg/m³,2025-02-19 03:15:00,2025-02-19 03:00:00,15.3,68,4.5,0.0
17,12234785,o3,16.4,µg/m³,2025-02-19 03:30:00,2025-02-19 03:00:00,15.3,68,4.5,0.0
17,12234785,o3,16.5,µg/m³,2025-02-19 03:45:00,2025-02-19 03:00:00,15.3,68,4.5,0.0
17,12234785,o3,14.2,µg/m³,2025-02-19 04:00:00,2025-02-19 04:00:00,14.7,70,4.4,0.0
17,12234785,o3,14.4,µg/m³,2025-02-19 04:15:00,2025-02-19 04:00:00,14.7,70,4.4,0.0
17,12234785,o3,14.5,µg/m³,2025-02-19 04:30:00,2025-02-19 04:00:00,14.7,70,4.4,0.0
17,12234785,o3,15.3,µg/m³,2025-02-19 04:45:00,2025-02-19 04:00:00,14.7,70,4.4,0.0
17,12234785,o3,14.7,µg/m³,2025-02-19 05:00:00,2025-02-19 05:00:00,14.2,70,4.5,0.0
17,12234785,o3,14.7,µg/m³,2025-02-19 05:15:00,2025-02-19 05:00:00,14.2,70,4.5,0.0
17,12234785,o3,13.2,µg/m³,2025-02-19 05:30:00,2025-02-19 05:00:00,14.2,70,4.5,0.0
17,12234785,o3,14.2,µg/m³,2025-02-19 05:45:00,2025-02-19 05:00:00,14.2,70,4.5,0.0
17,12234785,o3,15.2,µg/m³,2025-02-19 06:00:00,2025-02-19 06:00:00,13.8,76,4.3,0.0
17,12234785,o3,13.7,µg/m³,2025-02-19 06:15:00,2025-02-19 06:00:00,13.8,76,4.3,0.0
17,12234785,o3,14.8,µg/m³,2025-02-19 06:30:00,2025-02-19 06:00:00,13.8,76,4.3,0.0
17,12234785,o3,16.1,µg/m³,2025-02-19 06:45:00,2025-02-19 06:00:00,13.8,76,4.3,0.0
17,12234785,o3,14.4,µg/m³,2025-02-19 07:00:00,2025-02-19 07:00:00,14.2,74,4.7,0.0
17,12234785,o3,14.2,µg/m³,2025-02-19 07:15:00,2025-02-19 07:00:00,14.2,74,4.7,0.0
17,12234785,o3,13.0,µg/m³,2025-02-19 07:30:00,2025-02-19 07:00:00,14.2,74,4.7,0.0
17,12234785,o3,14.4,µg/m³,2025-02-19 07:45:00,2025-02-19 07:00:00,14.2,74,4.7,0.0
17,12234785,o3,16.4,µg/m³,2025-02-19 08:00:00,2025-02-19 08:00:00,15.9,67,5.4,0.0
17,12234785,o3,16.7,µg/m³,2025-02-19 08:15:00,2025-02-19 08:00:00,15.9,67,5.4,0.0
17,12234785,o3,16.1,µg/m³,2025-02-19 08:30:00,2025-02-19 08:00:00,15.9,67,5.4,0.0
17,12234785,o3,16.0,µg/m³,2025-02-19 08:45:00,2025-02-19 08:00:00,15.9,67,5.4,0.0
17,12234785,o3,15.6,µg/m³,2025-02-19 09:00:00,2025-02-19 09:00:00,19.0,54,3.4,0.0
17,12234785,o3,15.7,µg/m³,2025-02-19 09:15:00,2025-02-19 09:00:00,19.0,54,3.4,0.0
17,12234785,o3,15.7,µg/m³,2025-02-19 09:30:00,2025-02-19 09:00:00,19.0,54,3.4,0.0
17,12234785,o3,15.4,µg/m³,2025-02-19 09:45:00,2025-02-19 09:00:00,19.0,54,3.4,0.0
17,12234785,o3,15.8,µg/m³,2025-02-19 10:00:00,2025-02-19 10:00:00,22.0,43,4.0,0.0
17,12234785,o3,16.1,µg/m³,2025-02-19 10:15:00,2025-02-19 10:00:00,22.0,43,4.0,0.0
17,12234785,o3,16.4,µg/m³,2025-02-19 10:30:00,2025-02-19 10:00:00,22.0,43,4.0,0.0
17,12234785,o3,17.6,µg/m³,2025-02-19 10:45:00,2025-02-19 10:00:00,22.0,43,4.0,0.0
17,12234785,o3,18.9,µg/m³,2025-02-19 11:00:00,2025-02-19 11:00:00,24.4,34,5.4,0.0
17,12234785,o3,19.1,µg/m³,2025-02-19 11:15:00,2025-02-19 11:00:00,24.4,34,5.4,0.0
17,12234785,o3,20.9,µg/m³,2025-02-19 11:30:00,2025-02-19 11:00:00,24.4,34,5.4,0.0
17,12234785,o3,22.7,µg/m³,2025-02-19 11:45:00,2025-02-19 11:00:00,24.4,34,5.4,0.0
17,12234785,o3,23.5,µg/m³,2025-02-19 12:00:00,2025-02-19 12:00:00,26.0,27,6.3,0.0
17,12234785,o3,21.9,µg/m³,2025-02-19 12:15:00,2025-02-19 12:00:00,26.0,27,6.3,0.0
17,12234785,o3,22.5,µg/m³,2025-02-19 12:30:00,2025-02-19 12:00:00,26.0,27,6.3,0.0
17,12234785,o3,23.6,µg/m³,2025-02-19 12:45:00,2025-02-19 12:00:00,26.0,27,6.3,0.0
17,12234785,o3,24.7,µg/m³,2025-02-19 13:00:00,2025-02-19 13:00:00,27.0,23,6.7,0.0
17,12234785,o3,23.6,µg/m³,2025-02-19 13:15:00,2025-02-19 13:00:00,27.0,23,6.7,0.0
17,12234785,o3,23.2,µg/m³,2025-02-19 13:30:00,2025-02-19 13:00:00,27.0,23,6.7,0.0
17,12234785,o3,23.2,µg/m³,2025-02-19 13:45:00,2025-02-19 13:00:00,27.0,23,6.7,0.0
17,12234785,o3,24.0,µg/m³,2025-02-19 14:00:00,2025-02-19 14:00:00,27.6,22,7.3,0.0
17,12234785,o3,22.4,µg/m³,2025-02-19 14:15:00,2025-02-19 14:00:00,27.6,22,7.3,0.0
17,12234785,o3,22.8,µg/m³,2025-02-19 14:30:00,2025-02-19 14:00:00,27.6,22,7.3,0.0
17,12234785,o3,21.6,µg/m³,2025-02-19 14:45:00,2025-02-19 14:00:00,27.6,22,7.3,0.0
17,12234785,o3,22.1,µg/m³,2025-02-19 15:00:00,2025-02-19 15:00:00,27.5,24,9.0,0.0
17,12234785,o3,22.1,µg/m³,2025-02-19 15:15:00,2025-02-19 15:00:00,27.5,24,9.0,0.0
17,12234785,o3,21.1,µg/m³,2025-02-19 15:30:00,2025-02-19 15:00:00,27.5,24,9.0,0.0
17,12234785,o3,21.5,µg/m³,2025-02-19 15:45:00,2025-02-19 15:00:00,27.5,24,9.0,0.0
17,12234785,o3,23.0,µg/m³,2025-02-19 16:00:00,2025-02-19 16:00:00,26.9,26,9.3,0.0
17,12234785,o3,21.4,µg/m³,2025-02-19 16:15:00,2025-02-19 16:00:00,26.9,26,9.3,0.0
17,12234785,o3,20.2,µg/m³,2025-02-19 16:30:00,2025-02-19 16:00:00,26.9,26,9.3,0.0
17,12234785,o3,19.7,µg/m³,2025-02-19 16:45:00,2025-02-19 16:00:00,26.9,26,9.3,0.0
17,12234785,o3,19.7,µg/m³,2025-02-19 17:00:00,2025-02-19 17:00:00,25.9,29,7.9,0.0
17,12234785,o3,19.0,µg/m³,2025-02-19 17:15:00,2025-02-19 17:00:00,25.9,29,7.9,0.0
17,12234785,o3,17.8,µg/m³,2025-02-19 17:30:00,2025-02-19 17:00:00,25.9,29,7.9,0.0
17,12234785,o3,16.1,µg/m³,2025-02-19 17:45:00,2025-02-19 17:00:00,25.9,29,7.9,0.0
17,12234785,o3,14.5,µg/m³,2025-02-19 18:15:00,2025-02-19 18:00:00,25.1,33,5.3,0.0
17,12234785,o3,14.6,µg/m³,2025-02-19 18:30:00,2025-02-19 18:00:00,25.1,33,5.3,0.0
17,12234785,o3,15.2,µg/m³,2025-02-19 18:45:00,2025-02-19 18:00:00,25.1,33,5.3,0.0
17,12234785,o3,15.9,µg/m³,2025-02-19 19:00:00,2025-02-19 19:00:00,24.2,39,3.1,0.0
17,12234785,o3,16.2,µg/m³,2025-02-19 19:15:00,2025-02-19 19:00:00,24.2,39,3.1,0.0
17,12234785,o3,16.1,µg/m³,2025-02-19 19:30:00,2025-02-19 19:00:00,24.2,39,3.1,0.0
17,12234785,o3,15.6,µg/m³,2025-02-19 19:45:00,2025-02-19 19:00:00,24.2,39,3.1,0.0
17,12234785,o3,14.9,µg/m³,2025-02-19 20:00:00,2025-02-19 20:00:00,23.0,45,3.1,0.0
17,12234785,o3,13.4,µg/m³,2025-02-19 20:15:00,2025-02-19 20:00:00,23.0,45,3.1,0.0
17,12234785,o3,14.2,µg/m³,2025-02-19 20:30:00,2025-02-19 20:00:00,23.0,45,3.1,0.0
17,12234785,o3,15.9,µg/m³,2025-02-19 20:45:00,2025-02-19 20:00:00,23.0,45,3.1,0.0
17,12234785,o3,16.2,µg/m³,2025-02-19 21:00:00,2025-02-19 21:00:00,22.3,48,5.0,0.0
17,12234785,o3,15.8,µg/m³,2025-02-19 21:15:00,2025-02-19 21:00:00,22.3,48,5.0,0.0
17,12234785,o3,15.5,µg/m³,2025-02-19 21:30:00,2025-02-19 21:00:00,22.3,48,5.0,0.0
17,12234785,o3,14.6,µg/m³,2025-02-19 21:45:00,2025-02-19 21:00:00,22.3,48,5.0,0.0
17,12234785,o3,13.9,µg/m³,2025-02-19 22:00:00,2025-02-19 22:00:00,21.1,54,6.1,0.2
17,12234785,o3,13.4,µg/m³,2025-02-19 22:15:00,2025-02-19 22:00:00,21.1,54,6.1,0.2
17,12234785,o3,14.2,µg/m³,2025-02-19 22:30:00,2025-02-19 22:00:00,21.1,54,6.1,0.2
17,12234785,o3,14.5,µg/m³,2025-02-19 22:45:00,2025-02-19 22:00:00,21.1,54,6.1,0.2
17,12234785,o3,14.4,µg/m³,2025-02-19 23:00:00,2025-02-19 23:00:00,19.2,67,0.8,0.3
17,12234785,o3,14.3,µg/m³,2025-02-19 23:15:00,2025-02-19 23:00:00,19.2,67,0.8,0.3
17,12234785,o3,14.2,µg/m³,2025-02-19 23:30:00,2025-02-19 23:00:00,19.2,67,0.8,0.3
17,12234785,o3,14.3,µg/m³,2025-02-20 00:30:00,2025-02-20 00:00:00,19.1,67,7.4,0.0
17,12234785,o3,14.0,µg/m³,2025-02-20 00:45:00,2025-02-20 00:00:00,19.1,67,7.4,0.0
17,12234785,o3,16.1,µg/m³,2025-02-20 01:30:00,2025-02-20 01:00:00,17.7,73,1.8,0.4
17,12234785,o3,13.1,µg/m³,2025-02-20 01:45:00,2025-02-20 01:00:00,17.7,73,1.8,0.4
17,12234785,o3,14.8,µg/m³,2025-02-20 02:00:00,2025-02-20 02:00:00,17.4,74,8.2,0.0
17,12234785,o3,14.1,µg/m³,2025-02-20 02:15:00,2025-02-20 02:00:00,17.4,74,8.2,0.0
17,12234785,o3,13.3,µg/m³,2025-02-20 02:30:00,2025-02-20 02:00:00,17.4,74,8.2,0.0
17,12234785,o3,15.0,µg/m³,2025-02-20 02:45:00,2025-02-20 02:00:00,17.4,74,8.2,0.0
17,12234785,o3,15.6,µg/m³,2025-02-20 03:00:00,2025-02-20 03:00:00,16.4,81,11.6,0.5
17,12234785,o3,15.6,µg/m³,2025-02-20 03:15:00,2025-02-20 03:00:00,16.4,81,11.6,0.5
17,12234785,o3,13.7,µg/m³,2025-02-20 03:30:00,2025-02-20 03:00:00,16.4,81,11.6,0.5
17,12234785,o3,14.8,µg/m³,2025-02-20 03:45:00,2025-02-20 03:00:00,16.4,81,11.6,0.5
17,12234786,pm10,182.0,µg/m³,2025-02-19 01:45:00,2025-02-19 01:00:00,16.8,63,4.2,0.0
17,12234786,pm10,182.0,µg/m³,2025-02-19 02:00:00,2025-02-19 02:00:00,16.0,66,4.1,0.0
17,12234786,pm10,182.0,µg/m³,2025-02-19 02:15:00,2025-02-19 02:00:00,16.0,66,4.1,0.0
17,12234786,pm10,167.0,µg/m³,2025-02-19 02:45:00,2025-02-19 02:00:00,16.0,66,4.1,0.0
17,12234786,pm10,167.0,µg/m³,2025-02-19 03:00:00,2025-02-19 03:00:00,15.3,68,4.5,0.0
17,12234786,pm10,167.0,µg/m³,2025-02-19 03:15:00,2025-02-19 03:00:00,15.3,68,4.5,0.0
17,12234786,pm10,195.0,µg/m³,2025-02-19 03:45:00,2025-02-19 03:00:00,15.3,68,4.5,0.0
17,12234786,pm10,195.0,µg/m³,2025-02-19 04:00:00,2025-02-19 04:00:00,14.7,70,4.4,0.0
17,12234786,pm10,195.0,µg/m³,2025-02-19 04:15:00,2025-02-19 04:00:00,14.7,70,4.4,0.0
17,12234786,pm10,132.0,µg/m³,2025-02-19 04:45:00,2025-02-19 04:00:00,14.7,70,4.4,0.0
17,12234786,pm10,132.0,µg/m³,2025-02-19 05:00:00,2025-02-19 05:00:00,14.2,70,4.5,0.0
17,12234786,pm10,132.0,µg/m³,2025-02-19 05:15:00,2025-02-19 05:00:00,14.2,70,4.5,0.0
17,12234786,pm10,130.0,µg/m³,2025-02-19 05:45:00,2025-02-19 05:00:00,14.2,70,4.5,0.0
17,12234786,pm10,130.0,µg/m³,2025-02-19 06:00:00,2025-02-19 06:00:00,13.8,76,4.3,0.0
17,12234786,pm10,130.0,µg/m³,2025-02-19 06:15:00,2025-02-19 06:00:00,13.8,76,4.3,0.0
17,12234786,pm10,167.0,µg/m³,2025-02-19 06:45:00,2025-02-19 06:00:00,13.8,76,4.3,0.0
17,12234786,pm10,167.0,µg/m³,2025-02-19 07:00:00,2025-02-19 07:00:00,14.2,74,4.7,0.0
17,12234786,pm10,167.0,µg/m³,2025-02-19 07:15:00,2025-02-19 07:00:00,14.2,74,4.7,0.0
17,12234786,pm10,182.0,µg/m³,2025-02-19 07:45:00,2025-02-19 07:00:00,14.2,74,4.7,0.0
17,12234786,pm10,182.0,µg/m³,2025-02-19 08:00:00,2025-02-19 08:00:00,15.9,67,5.4,0.0
17,12234786,pm10,182.0,µg/m³,2025-02-19 08:15:00,2025-02-19 08:00:00,15.9,67,5.4,0.0
17,12234786,pm10,238.0,µg/m³,2025-02-19 08:45:00,2025-02-19 08:00:00,15.9,67,5.4,0.0
17,12234786,pm10,238.0,µg/m³,2025-02-19 09:00:00,2025-02-19 09:00:00,19.0,54,3.4,0.0
17,12234786,pm10,238.0,µg/m³,2025-02-19 09:15:00,2025-02-19 09:00:00,19.0,54,3.4,0.0
17,12234786,pm10,197.0,µg/m³,2025-02-19 09:45:00,2025-02-19 09:00:00,19.0,54,3.4,0.0
17,12234786,pm10,197.0,µg/m³,2025-02-19 10:00:00,2025-02-19 10:00:00,22.0,43,4.0,0.0
17,12234786,pm10,197.0,µg/m³,2025-02-19 10:15:00,2025-02-19 10:00:00,22.0,43,4.0,0.0
17,12234786,pm10,147.0,µg/m³,2025-02-19 10:45:00,2025-02-19 10:00:00,22.0,43,4.0,0.0
17,12234786,pm10,147.0,µg/m³,2025-02-19 11:00:00,2025-02-19 11:00:00,24.4,34,5.4,0.0
17,12234786,pm10,147.0,µg/m³,2025-02-19 11:15:00,2025-02-19 11:00:00,24.4,34,5.4,0.0
17,12234786,pm10,161.0,µg/m³,2025-02-19 11:45:00,2025-02-19 11:00:00,24.4,34,5.4,0.0
17,12234786,pm10,161.0,µg/m³,2025-02-19 12:00:00,2025-02-19 12:00:00,26.0,27,6.3,0.0
17,12234786,pm10,161.0,µg/m³,2025-02-19 12:15:00,2025-02-19 12:00:00,26.0,27,6.3,0.0
17,12234786,pm10,145.0,µg/m³,2025-02-19 12:45:00,2025-02-19 12:00:00,26.0,27,6.3,0.0
17,12234786,pm10,145.0,µg/m³,2025-02-19 13:00:00,2025-02-19 13:00:00,27.0,23,6.7,0.0
17,12234786,pm10,145.0,µg/m³,2025-02-19 13:15:00,2025-02-19 13:00:00,27.0,23,6.7,0.0
17,12234786,pm10,140.0,µg/m³,2025-02-19 13:45:00,2025-02-19 13:00:00,27.0,23,6.7,0.0
17,12234786,pm10,140.0,µg/m³,2025-02-19 14:00:00,2025-02-19 14:00:00,27.6,22,7.3,0.0
17,12234786,pm10,140.0,µg/m³,2025-02-19 14:15:00,2025-02-19 14:00:00,27.6,22,7.3,0.0
17,12234786,pm10,116.0,µg/m³,2025-02-19 14:45:00,2025-02-19 14:00:00,27.6,22,7.3,0.0
17,12234786,pm10,116.0,µg/m³,2025-02-19 15:00:00,2025-02-19 15:00:00,27.5,24,9.0,0.0
17,12234786,pm10,116.0,µg/m³,2025-02-19 15:15:00,2025-02-19 15:00:00,27.5,24,9.0,0.0
17,12234786,pm10,89.0,µg/m³,2025-02-19 15:45:00,2025-02-19 15:00:00,27.5,24,9.0,0.0
17,12234786,pm10,89.0,µg/m³,2025-02-19 16:00:00,2025-02-19 16:00:00,26.9,26,9.3,0.0
17,12234786,pm10,89.0,µg/m³,2025-02-19 16:15:00,2025-02-19 16:00:00,26.9,26,9.3,0.0
17,12234786,pm10,85.0,µg/m³,2025-02-19 16:45:00,2025-02-19 16:00:00,26.9,26,9.3,0.0
17,12234786,pm10,85.0,µg/m³,2025-02-19 17:00:00,2025-02-19 17:00:00,25.9,29,7.9,0.0
17,12234786,pm10,85.0,µg/m³,2025-02-19 17:15:00,2025-02-19 17:00:00,25.9,29,7.9,0.0
17,12234786,pm10,117.0,µg/m³,2025-02-19 17:45:00,2025-02-19 17:00:00,25.9,29,7.9,0.0
17,12234786,pm10,117.0,µg/m³,2025-02-19 18:15:00,2025-02-19 18:00:00,25.1,33,5.3,0.0
17,12234786,pm10,245.0,µg/m³,2025-02-19 18:45:00,2025-02-19 18:00:00,25.1,33,5.3,0.0
17,12234786,pm10,245.0,µg/m³,2025-02-19 19:00:00,2025-02-19 19:00:00,24.2,39,3.1,0.0
17,12234786,pm10,245.0,µg/m³,2025-02-19 19:15:00,2025-02-19 19:00:00,24.2,39,3.1,0.0
17,12234786,pm10,246.0,µg/m³,2025-02-19 19:45:00,2025-02-19 19:00:00,24.2,39,3.1,0.0
17,12234786,pm10,246.0,µg/m³,2025-02-19 20:00:00,2025-02-19 20:00:00,23.0,45,3.1,0.0
17,12234786,pm10,246.0,µg/m³,2025-02-19 20:15:00,2025-02-19 20:00:00,23.0,45,3.1,0.0
17,12234786,pm10,245.0,µg/m³,2025-02-19 20:45:00,2025-02-19 20:00:00,23.0,45,3.1,0.0
17,12234786,pm10,245.0,µg/m³,2025-02-19 21:00:00,2025-02-19 21:00:00,22.3,48,5.0,0.0
17,12234786,pm10,245.0,µg/m³,2025-02-19 21:15:00,2025-02-19 21:00:00,22.3,48,5.0,0.0
17,12234786,pm10,313.0,µg/m³,2025-02-19 21:45:00,2025-02-19 21:00:00,22.3,48,5.0,0.0
17,12234786,pm10,313.0,µg/m³,2025-02-19 22:00:00,2025-02-19 22:00:00,21.1,54,6.1,0.2
17,12234786,pm10,313.0,µg/m³,2025-02-19 22:15:00,2025-02-19 22:00:00,21.1,54,6.1,0.2
17,12234786,pm10,227.0,µg/m³,2025-02-19 22:45:00,2025-02-19 22:00:00,21.1,54,6.1,0.2
17,12234786,pm10,227.0,µg/m³,2025-02-19 23:00:00,2025-02-19 23:00:00,19.2,67,0.8,0.3
17,12234786,pm10,227.0,µg/m³,2025-02-19 23:15:00,2025-02-19 23:00:00,19.2,67,0.8,0.3
17,12234786,pm10,167.0,µg/m³,2025-02-20 00:45:00,2025-02-20 00:00:00,19.1,67,7.4,0.0
17,12234786,pm10,167.0,µg/m³,2025-02-20 01:00:00,2025-02-20 01:00:00,17.7,73,1.8,0.4
17,12234786,pm10,167.0,µg/m³,2025-02-20 01:15:00,2025-02-20 01:00:00,17.7,73,1.8,0.4
17,12234786,pm10,177.0,µg/m³,2025-02-20 01:45:00,2025-02-20 01:00:00,17.7,73,1.8,0.4
17,12234786,pm10,177.0,µg/m³,2025-02-20 02:00:00,2025-02-20 02:00:00,17.4,74,8.2,0.0
17,12234786,pm10,177.0,µg/m³,2025-02-20 02:15:00,2025-02-20 02:00:00,17.4,74,8.2,0.0
17,12234786,pm10,128.0,µg/m³,2025-02-20 02:45:00,2025-02-20 02:00:00,17.4,74,8.2,0.0
17,12234786,pm10,128.0,µg/m³,2025-02-20 03:00:00,2025-02-20 03:00:00,16.4,81,11.6,0.5
17,12234786,pm10,128.0,µg/m³,2025-02-20 03:15:00,2025-02-20 03:00:00,16.4,81,11.6,0.5
17,12234786,pm10,105.0,µg/m³,2025-02-20 03:45:00,2025-02-20 03:00:00,16.4,81,11.6,0.5
17,12234786,pm10,105.0,µg/m³,2025-02-20 04:00:00,2025-02-20 04:00:00,15.7,88,12.9,2.0
17,12234786,pm10,105.0,µg/m³,2025-02-20 04:15:00,2025-02-20 04:00:00,15.7,88,12.9,2.0
17,12234786,pm10,59.0,µg/m³,2025-02-20 04:45:00,2025-02-20 04:00:00,15.7,88,12.9,2.0
17,12234786,pm10,59.0,µg/m³,2025-02-20 05:00:00,2025-02-20 05:00:00,15.1,86,11.0,0.3
17,12234786,pm10,59.0,µg/m³,2025-02-20 05:15:00,2025-02-20 05:00:00,15.1,86,11.0,0.3
17,12234786,pm10,58.0,µg/m³,2025-02-20 05:45:00,2025-02-20 05:00:00,15.1,86,11.0,0.3
17,12234786,pm10,58.0,µg/m³,2025-02-20 06:00:00,2025-02-20 06:00:00,16.5,89,9.0,0.0
17,12234786,pm10,58.0,µg/m³,2025-02-20 06:15:00,2025-02-20 06:00:00,16.5,89,9.0,0.0
17,12234786,pm10,59.0,µg/m³,2025-02-20 06:45:00,2025-02-20 06:00:00,16.5,89,9.0,0.0
17,12234786,pm10,59.0,µg/m³,2025-02-20 07:00:00,2025-02-20 07:00:00,16.6,83,11.1,0.0
17,12234786,pm10,59.0,µg/m³,2025-02-20 07:15:00,2025-02-20 07:00:00,16.6,83,11.1,0.0
17,12234786,pm10,52.0,µg/m³,2025-02-20 07:45:00,2025-02-20 07:00:00,16.6,83,11.1,0.0
17,12234786,pm10,52.0,µg/m³,2025-02-20 08:00:00,2025-02-20 08:00:00,18.1,72,10.1,0.0
17,12234786,pm10,52.0,µg/m³,2025-02-20 08:15:00,2025-02-20 08:00:00,18.1,72,10.1,0.0
17,12234786,pm10,113.0,µg/m³,2025-02-20 08:45:00,2025-02-20 08:00:00,18.1,72,10.1,0.0
17,12234786,pm10,113.0,µg/m³,2025-02-20 09:00:00,2025-02-20 09:00:00,19.6,67,11.5,0.0
17,12234786,pm10,113.0,µg/m³,2025-02-20 09:15:00,2025-02-20 09:00:00,19.6,67,11.5,0.0
17,12234786,pm10,147.0,µg/m³,2025-02-20 09:45:00,2025-02-20 09:00:00,19.6,67,11.5,0.0
17,12234786,pm10,147.0,µg/m³,2025-02-20 10:00:00,2025-02-20 10:00:00,20.4,61,10.5,0.0
17,12234786,pm10,147.0,µg/m³,2025-02-20 10:15:00,2025-02-20 10:00:00,20.4,61,10.5,0.0
17,12234786,pm10,95.0,µg/m³,2025-02-20 10:45:00,2025-02-20 10:00:00,20.4,61,10.5,0.0
17,12234786,pm10,95.0,µg/m³,2025-02-20 11:00:00,2025-02-20 11:00:00,21.3,58,9.8,0.0
17,12234786,pm10,95.0,µg/m³,2025-02-20 11:15:00,2025-02-20 11:00:00,21.3,58,9.8,0.0
17,12234786,pm10,112.0,µg/m³,2025-02-20 11:45:00,2025-02-20 11:00:00,21.3,58,9.8,0.0
17,12234786,pm10,112.0,µg/m³,2025-02-20 12:00:00,2025-02-20 12:00:00,21.2,60,13.3,0.0
17,12234787,pm25,123.0,µg/m³,2025-02-19 01:30:00,2025-02-19 01:00:00,16.8,63,4.2,0.0
17,12234787,pm25,97.0,µg/m³,2025-02-19 01:45:00,2025-02-19 01:00:00,16.8,63,4.2,0.0
17,12234787,pm25,97.0,µg/m³,2025-02-19 02:00:00,2025-02-19 02:00:00,16.0,66,4.1,0.0
17,12234787,pm25,97.0,µg/m³,2025-02-19 02:15:00,2025-02-19 02:00:00,16.0,66,4.1,0.0
17,12234787,pm25,97.0,µg/m³,2025-02-19 02:30:00,2025-02-19 02:00:00,16.0,66,4.1,0.0
17,12234787,pm25,88.0,µg/m³,2025-02-19 02:45:00,2025-02-19 02:00:00,16.0,66,4.1,0.0
17,12234787,pm25,88.0,µg/m³,2025-02-19 03:00:00,2025-02-19 03:00:00,15.3,68,4.5,0.0
17,12234787,pm25,88.0,µg/m³,2025-02-19 03:15:00,2025-02-19 03:00:00,15.3,68,4.5,0.0
17,12234787,pm25,88.0,µg/m³,2025-02-19 03:30:00,2025-02-19 03:00:00,15.3,68,4.5,0.0
17,12234787,pm25,114.0,µg/m³,2025-02-19 03:45:00,2025-02-19 03:00:00,15.3,68,4.5,0.0
17,12234787,pm25,114.0,µg/m³,2025-02-19 04:00:00,2025-02-19 04:00:00,14.7,70,4.4,0.0
17,12234787,pm25,114.0,µg/m³,2025-02-19 04:15:00,2025-02-19 04:00:00,14.7,70,4.4,0.0
17,12234787,pm25,114.0,µg/m³,2025-02-19 04:30:00,2025-02-19 04:00:00,14.7,70,4.4,0.0
17,12234787,pm25,67.0,µg/m³,2025-02-19 04:45:00,2025-02-19 04:00:00,14.7,70,4.4,0.0
17,12234787,pm25,67.0,µg/m³,2025-02-19 05:00:00,2025-02-19 05:00:00,14.2,70,4.5,0.0
17,12234787,pm25,67.0,µg/m³,2025-02-19 05:15:00,2025-02-19 05:00:00,14.2,70,4.5,0.0
17,12234787,pm25,67.0,µg/m³,2025-02-19 05:30:00,2025-02-19 05:00:00,14.2,70,4.5,0.0
17,12234787,pm25,95.0,µg/m³,2025-02-19 05:45:00,2025-02-19 05:00:00,14.2,70,4.5,0.0
17,12234787,pm25,95.0,µg/m³,2025-02-19 06:00:00,2025-02-19 06:00:00,13.8,76,4.3,0.0
17,12234787,pm25,95.0,µg/m³,2025-02-19 06:15:00,2025-02-19 06:00:00,13.8,76,4.3,0.0
17,12234787,pm25,95.0,µg/m³,2025-02-19 06:30:00,2025-02-19 06:00:00,13.8,76,4.3,0.0
17,12234787,pm25,106.0,µg/m³,2025-02-19 06:45:00,2025-02-19 06:00:00,13.8,76,4.3,0.0
17,12234787,pm25,106.0,µg/m³,2025-02-19 07:00:00,2025-02-19 07:00:00,14.2,74,4.7,0.0
17,12234787,pm25,106.0,µg/m³,2025-02-19 07:15:00,2025-02-19 07:00:00,14.2,74,4.7,0.0
17,12234787,pm25,106.0,µg/m³,2025-02-19 07:30:00,2025-02-19 07:00:00,14.2,74,4.7,0.0
17,12234787,pm25,95.0,µg/m³,2025-02-19 07:45:00,2025-02-19 07:00:00,14.2,74,4.7,0.0
17,12234787,pm25,95.0,µg/m³,2025-02-19 08:00:00,2025-02-19 08:00:00,15.9,67,5.4,0.0
17,12234787,pm25,95.0,µg/m³,2025-02-19 08:15:00,2025-02-19 08:00:00,15.9,67,5.4,0.0
17,12234787,pm25,95.0,µg/m³,2025-02-19 08:30:00,2025-02-19 08:00:00,15.9,67,5.4,0.0
17,12234787,pm25,105.0,µg/m³,2025-02-19 08:45:00,2025-02-19 08:00:00,15.9,67,5.4,0.0
17,12234787,pm25,105.0,µg/m³,2025-02-19 09:00:00,2025-02-19 09:00:00,19.0,54,3.4,0.0
17,12234787,pm25,105.0,µg/m³,2025-02-19 09:15:00,2025-02-19 09:00:00,19.0,54,3.4,0.0
17,12234787,pm25,105.0,µg/m³,2025-02-19 09:30:00,2025-02-19 09:00:00,19.0,54,3.4,0.0
17,12234787,pm25,84.0,µg/m³,2025-02-19 09:45:00,2025-02-19 09:00:00,19.0,54,3.4,0.0
17,12234787,pm25,84.0,µg/m³,2025-02-19 10:00:00,2025-02-19 10:00:00,22.0,43,4.0,0.0
17,12234787,pm25,84.0,µg/m³,2025-02-19 10:15:00,2025-02-19 10:00:00,22.0,43,4.0,0.0
17,12234787,pm25,84.0,µg/m³,2025-02-19 10:30:00,2025-02-19 10:00:00,22.0,43,4.0,0.0
17,12234787,pm25,70.0,µg/m³,2025-02-19 10:45:00,2025-02-19 10:00:00,22.0,43,4.0,0.0
17,12234787,pm25,70.0,µg/m³,2025-02-19 11:00:00,2025-02-19 11:00:00,24.4,34,5.4,0.0
17,12234787,pm25,70.0,µg/m³,2025-02-19 11:15:00,2025-02-19 11:00:00,24.4,34,5.4,0.0
17,12234787,pm25,70.0,µg/m³,2025-02-19 11:30:00,2025-02-19 11:00:00,24.4,34,5.4,0.0
17,12234787,pm25,68.0,µg/m³,2025-02-19 11:45:00,2025-02-19 11:00:00,24.4,34,5.4,0.0
17,12234787,pm25,68.0,µg/m³,2025-02-19 12:00:00,2025-02-19 12:00:00,26.0,27,6.3,0.0
17,12234787,pm25,68.0,µg/m³,2025-02-19 12:15:00,2025-02-19 12:00:00,26.0,27,6.3,0.0
17,12234787,pm25,68.0,µg/m³,2025-02-19 12:30:00,2025-02-19 12:00:00,26.0,27,6.3,0.0
17,12234787,pm25,59.0,µg/m³,2025-02-19 12:45:00,2025-02-19 12:00:00,26.0,27,6.3,0.0
17,12234787,pm25,59.0,µg/m³,2025-02-19 13:00:00,2025-02-19 13:00:00,27.0,23,6.7,0.0
17,12234787,pm25,59.0,µg/m³,2025-02-19 13:15:00,2025-02-19 13:00:00,27.0,23,6.7,0.0
17,12234787,pm25,59.0,µg/m³,2025-02-19 13:30:00,2025-02-19 13:00:00,27.0,23,6.7,0.0
17,12234787,pm25,59.0,µg/m³,2025-02-19 13:45:00,2025-02-19 13:00:00,27.0,23,6.7,0.0
17,12234787,pm25,59.0,µg/m³,2025-02-19 14:00:00,2025-02-19 14:00:00,27.6,22,7.3,0.0
17,12234787,pm25,59.0,µg/m³,2025-02-19 14:15:00,2025-02-19 14:00:00,27.6,22,7.3,0.0
17,12234787,pm25,59.0,µg/m³,2025-02-19 14:30:00,2025-02-19 14:00:00,27.6,22,7.3,0.0
17,12234787,pm25,46.0,µg/m³,2025-02-19 14:45:00,2025-02-19 14:00:00,27.6,22,7.3,0.0
17,12234787,pm25,46.0,µg/m³,2025-02-19 15:00:00,2025-02-19 15:00:00,27.5,24,9.0,0.0
17,12234787,pm25,46.0,µg/m³,2025-02-19 15:15:00,2025-02-19 15:00:00,27.5,24,9.0,0.0
17,12234787,pm25,46.0,µg/m³,2025-02-19 15:30:00,2025-02-19 15:00:00,27.5,24,9.0,0.0
17,12234787,pm25,40.0,µg/m³,2025-02-19 15:45:00,2025-02-19 15:00:00,27.5,24,9.0,0.0
17,12234787,pm25,40.0,µg/m³,2025-02-19 16:00:00,2025-02-19 16:00:00,26.9,26,9.3,0.0
17,12234787,pm25,40.0,µg/m³,2025-02-19 16:15:00,2025-02-19 16:00:00,26.9,26,9.3,0.0
17,12234787,pm25,40.0,µg/m³,2025-02-19 16:30:00,2025-02-19 16:00:00,26.9,26,9.3,0.0
17,12234787,pm25,29.0,µg/m³,2025-02-19 16:45:00,2025-02-19 16:00:00,26.9,26,9.3,0.0
17,12234787,pm25,29.0,µg/m³,2025-02-19 17:00:00,2025-02-19 17:00:00,25.9,29,7.9,0.0
17,12234787,pm25,29.0,µg/m³,2025-02-19 17:15:00,2025-02-19 17:00:00,25.9,29,7.9,0.0
17,12234787,pm25,29.0,µg/m³,2025-02-19 17:30:00,2025-02-19 17:00:00,25.9,29,7.9,0.0
17,12234787,pm25,40.0,µg/m³,2025-02-19 17:45:00,2025-02-19 17:00:00,25.9,29,7.9,0.0
17,12234787,pm25,40.0,µg/m³,2025-02-19 18:15:00,2025-02-19 18:00:00,25.1,33,5.3,0.0
17,12234787,pm25,40.0,µg/m³,2025-02-19 18:30:00,2025-02-19 18:00:00,25.1,33,5.3,0.0
17,12234787,pm25,61.0,µg/m³,2025-02-19 18:45:00,2025-02-19 18:00:00,25.1,33,5.3,0.0
17,12234787,pm25,61.0,µg/m³,2025-02-19 19:00:00,2025-02-19 19:00:00,24.2,39,3.1,0.0
17,12234787,pm25,61.0,µg/m³,2025-02-19 19:15:00,2025-02-19 19:00:00,24.2,39,3.1,0.0
17,12234787,pm25,61.0,µg/m³,2025-02-19 19:30:00,2025-02-19 19:00:00,24.2,39,3.1,0.0
17,12234787,pm25,86.0,µg/m³,2025-02-19 19:45:00,2025-02-19 19:00:00,24.2,39,3.1,0.0
17,12234787,pm25,86.0,µg/m³,2025-02-19 20:00:00,2025-02-19 20:00:00,23.0,45,3.1,0.0
17,12234787,pm25,86.0,µg/m³,2025-02-19 20:15:00,2025-02-19 20:00:00,23.0,45,3.1,0.0
17,12234787,pm25,86.0,µg/m³,2025-02-19 20:30:00,2025-02-19 20:00:00,23.0,45,3.1,0.0
17,12234787,pm25,99.0,µg/m³,2025-02-19 20:45:00,2025-02-19 20:00:00,23.0,45,3.1,0.0
17,12234787,pm25,99.0,µg/m³,2025-02-19 21:00:00,2025-02-19 21:00:00,22.3,48,5.0,0.0
17,12234787,pm25,99.0,µg/m³,2025-02-19 21:15:00,2025-02-19 21:00:00,22.3,48,5.0,0.0
17,12234787,pm25,99.0,µg/m³,2025-02-19 21:30:00,2025-02-19 21:00:00,22.3,48,5.0,0.0
17,12234787,pm25,106.0,µg/m³,2025-02-19 21:45:00,2025-02-19 21:00:00,22.3,48,5.0,0.0
17,12234787,pm25,106.0,µg/m³,2025-02-19 22:00:00,2025-02-19 22:00:00,21.1,54,6.1,0.2
17,12234787,pm25,106.0,µg/m³,2025-02-19 22:15:00,2025-02-19 22:00:00,21.1,54,6.1,0.2
17,12234787,pm25,106.0,µg/m³,2025-02-19 22:30:00,2025-02-19 22:00:00,21.1,54,6.1,0.2
17,12234787,pm25,75.0,µg/m³,2025-02-19 22:45:00,2025-02-19 22:00:00,21.1,54,6.1,0.2
17,12234787,pm25,75.0,µg/m³,2025-02-19 23:00:00,2025-02-19 23:00:00,19.2,67,0.8,0.3
17,12234787,pm25,75.0,µg/m³,2025-02-19 23:15:00,2025-02-19 23:00:00,19.2,67,0.8,0.3
17,12234787,pm25,75.0,µg/m³,2025-02-19 23:30:00,2025-02-19 23:00:00,19.2,67,0.8,0.3
17,12234787,pm25,63.0,µg/m³,2025-02-20 00:30:00,2025-02-20 00:00:00,19.1,67,7.4,0.0
17,12234787,pm25,67.0,µg/m³,2025-02-20 00:45:00,2025-02-20 00:00:00,19.1,67,7.4,0.0
17,12234787,pm25,67.0,µg/m³,2025-02-20 01:00:00,2025-02-20 01:00:00,17.7,73,1.8,0.4
17,12234787,pm25,67.0,µg/m³,2025-02-20 01:15:00,2025-02-20 01:00:00,17.7,73,1.8,0.4
17,12234787,pm25,67.0,µg/m³,2025-02-20 01:30:00,2025-02-20 01:00:00,17.7,73,1.8,0.4
17,12234787,pm25,55.0,µg/m³,2025-02-20 01:45:00,2025-02-20 01:00:00,17.7,73,1.8,0.4
17,12234787,pm25,55.0,µg/m³,2025-02-20 02:00:00,2025-02-20 02:00:00,17.4,74,8.2,0.0
17,12234787,pm25,55.0,µg/m³,2025-02-20 02:15:00,2025-02-20 02:00:00,17.4,74,8.2,0.0
17,12234787,pm25,55.0,µg/m³,2025-02-20 02:30:00,2025-02-20 02:00:00,17.4,74,8.2,0.0
17,12234787,pm25,57.0,µg/m³,2025-02-20 02:45:00,2025-02-20 02:00:00,17.4,74,8.2,0.0
17,12234787,pm25,57.0,µg/m³,2025-02-20 03:00:00,2025-02-20 03:00:00,16.4,81,11.6,0.5
17,12234787,pm25,57.0,µg/m³,2025-02-20 03:15:00,2025-02-20 03:00:00,16.4,81,11.6,0.5
17,12234788,relativehumidity,85.0,%,2025-02-19 01:30:00,2025-02-19 01:00:00,16.8,63,4.2,0.0
17,12234788,relativehumidity,85.0,%,2025-02-19 01:45:00,2025-02-19 01:00:00,16.8,63,4.2,0.0
17,12234788,relativehumidity,85.0,%,2025-02-19 02:00:00,2025-02-19 02:00:00,16.0,66,4.1,0.0
17,12234788,relativehumidity,85.0,%,2025-02-19 02:15:00,2025-02-19 02:00:00,16.0,66,4.1,0.0
17,12234788,relativehumidity,85.0,%,2025-02-19 02:30:00,2025-02-19 02:00:00,16.0,66,4.1,0.0
17,12234788,relativehumidity,85.0,%,2025-02-19 02:45:00,2025-02-19 02:00:00,16.0,66,4.1,0.0
17,12234788,relativehumidity,85.0,%,2025-02-19 03:00:00,2025-02-19 03:00:00,15.3,68,4.5,0.0
17,12234788,relativehumidity,84.0,%,2025-02-19 03:15:00,2025-02-19 03:00:00,15.3,68,4.5,0.0
17,12234788,relativehumidity,83.0,%,2025-02-19 03:30:00,2025-02-19 03:00:00,15.3,68,4.5,0.0
17,12234788,relativehumidity,84.0,%,2025-02-19 03:45:00,2025-02-19 03:00:00,15.3,68,4.5,0.0
17,12234788,relativehumidity,84.0,%,2025-02-19 04:00:00,2025-02-19 04:00:00,14.7,70,4.4,0.0
17,12234788,relativehumidity,84.0,%,2025-02-19 04:15:00,2025-02-19 04:00:00,14.7,70,4.4,0.0
17,12234788,relativehumidity,84.0,%,2025-02-19 04:30:00,2025-02-19 04:00:00,14.7,70,4.4,0.0
17,12234788,relativehumidity,84.0,%,2025-02-19 04:45:00,2025-02-19 04:00:00,14.7,70,4.4,0.0
17,12234788,relativehumidity,85.0,%,2025-02-19 05:00:00,2025-02-19 05:00:00,14.2,70,4.5,0.0
17,12234788,relativehumidity,85.0,%,2025-02-19 05:15:00,2025-02-19 05:00:00,14.2,70,4.5,0.0
17,12234788,relativehumidity,86.0,%,2025-02-19 05:30:00,2025-02-19 05:00:00,14.2,70,4.5,0.0
17,12234788,relativehumidity,86.0,%,2025-02-19 05:45:00,2025-02-19 05:00:00,14.2,70,4.5,0.0
17,12234788,relativehumidity,86.0,%,2025-02-19 06:00:00,2025-02-19 06:00:00,13.8,76,4.3,0.0
17,12234788,relativehumidity,86.0,%,2025-02-19 06:15:00,2025-02-19 06:00:00,13.8,76,4.3,0.0
17,12234788,relativehumidity,86.0,%,2025-02-19 06:30:00,2025-02-19 06:00:00,13.8,76,4.3,0.0
17,12234788,relativehumidity,87.0,%,2025-02-19 06:45:00,2025-02-19 06:00:00,13.8,76,4.3,0.0
17,12234788,relativehumidity,87.0,%,2025-02-19 07:00:00,2025-02-19 07:00:00,14.2,74,4.7,0.0
17,12234788,relativehumidity,86.0,%,2025-02-19 07:15:00,2025-02-19 07:00:00,14.2,74,4.7,0.0
17,12234788,relativehumidity,86.0,%,2025-02-19 07:30:00,2025-02-19 07:00:00,14.2,74,4.7,0.0
17,12234788,relativehumidity,84.0,%,2025-02-19 07:45:00,2025-02-19 07:00:00,14.2,74,4.7,0.0
17,12234788,relativehumidity,80.0,%,2025-02-19 08:00:00,2025-02-19 08:00:00,15.9,67,5.4,0.0
17,12234788,relativehumidity,75.0,%,2025-02-19 08:15:00,2025-02-19 08:00:00,15.9,67,5.4,0.0
17,12234788,relativehumidity,70.0,%,2025-02-19 08:30:00,2025-02-19 08:00:00,15.9,67,5.4,0.0
17,12234788,relativehumidity,65.0,%,2025-02-19 08:45:00,2025-02-19 08:00:00,15.9,67,5.4,0.0
17,12234788,relativehumidity,63.0,%,2025-02-19 09:00:00,2025-02-19 09:00:00,19.0,54,3.4,0.0
17,12234788,relativehumidity,60.0,%,2025-02-19 09:15:00,2025-02-19 09:00:00,19.0,54,3.4,0.0
17,12234788,relativehumidity,58.0,%,2025-02-19 09:30:00,2025-02-19 09:00:00,19.0,54,3.4,0.0
17,12234788,relativehumidity,54.0,%,2025-02-19 09:45:00,2025-02-19 09:00:00,19.0,54,3.4,0.0
17,12234788,relativehumidity,51.0,%,2025-02-19 10:00:00,2025-02-19 10:00:00,22.0,43,4.0,0.0
17,12234788,relativehumidity,49.0,%,2025-02-19 10:15:00,2025-02-19 10:00:00,22.0,43,4.0,0.0
17,12234788,relativehumidity,48.0,%,2025-02-19 10:30:00,2025-02-19 10:00:00,22.0,43,4.0,0.0
17,12234788,relativehumidity,46.0,%,2025-02-19 10:45:00,2025-02-19 10:00:00,22.0,43,4.0,0.0
17,12234788,relativehumidity,44.0,%,2025-02-19 11:00:00,2025-02-19 11:00:00,24.4,34,5.4,0.0
17,12234788,relativehumidity,44.0,%,2025-02-19 11:15:00,2025-02-19 11:00:00,24.4,34,5.4,0.0
17,12234788,relativehumidity,42.0,%,2025-02-19 11:30:00,2025-02-19 11:00:00,24.4,34,5.4,0.0
17,12234788,relativehumidity,41.0,%,2025-02-19 11:45:00,2025-02-19 11:00:00,24.4,34,5.4,0.0
17,12234788,relativehumidity,41.0,%,2025-02-19 12:00:00,2025-02-19 12:00:00,26.0,27,6.3,0.0
17,12234788,relativehumidity,40.0,%,2025-02-19 12:15:00,2025-02-19 12:00:00,26.0,27,6.3,0.0
17,12234788,relativehumidity,39.0,%,2025-02-19 12:30:00,2025-02-19 12:00:00,26.0,27,6.3,0.0
17,12234788,relativehumidity,37.0,%,2025-02-19 12:45:00,2025-02-19 12:00:00,26.0,27,6.3,0.0
17,12234788,relativehumidity,38.0,%,2025-02-19 13:00:00,2025-02-19 13:00:00,27.0,23,6.7,0.0
17,12234788,relativehumidity,38.0,%,2025-02-19 13:15:00,2025-02-19 13:00:00,27.0,23,6.7,0.0
17,12234788,relativehumidity,38.0,%,2025-02-19 13:30:00,2025-02-19 13:00:00,27.0,23,6.7,0.0
17,12234788,relativehumidity,38.0,%,2025-02-19 13:45:00,2025-02-19 13:00:00,27.0,23,6.7,0.0
17,12234788,relativehumidity,37.0,%,2025-02-19 14:00:00,2025-02-19 14:00:00,27.6,22,7.3,0.0
17,12234788,relativehumidity,37.0,%,2025-02-19 14:15:00,2025-02-19 14:00:00,27.6,22,7.3,0.0
17,12234788,relativehumidity,36.0,%,2025-02-19 14:30:00,2025-02-19 14:00:00,27.6,22,7.3,0.0
17,12234788,relativehumidity,36.0,%,2025-02-19 14:45:00,2025-02-19 14:00:00,27.6,22,7.3,0.0
17,12234788,relativehumidity,36.0,%,2025-02-19 15:00:00,2025-02-19 15:00:00,27.5,24,9.0,0.0
17,12234788,relativehumidity,36.0,%,2025-02-19 15:15:00,2025-02-19 15:00:00,27.5,24,9.0,0.0
17,12234788,relativehumidity,36.0,%,2025-02-19 15:30:00,2025-02-19 15:00:00,27.5,24,9.0,0.0
17,12234788,relativehumidity,36.0,%,2025-02-19 15:45:00,2025-02-19 15:00:00,27.5,24,9.0,0.0
17,12234788,relativehumidity,35.0,%,2025-02-19 16:00:00,2025-02-19 16:00:00,26.9,26,9.3,0.0
17,12234788,relativehumidity,34.0,%,2025-02-19 16:15:00,2025-02-19 16:00:00,26.9,26,9.3,0.0
17,12234788,relativehumidity,35.0,%,2025-02-19 16:30:00,2025-02-19 16:00:00,26.9,26,9.3,0.0
17,12234788,relativehumidity,38.0,%,2025-02-19 16:45:00,2025-02-19 16:00:00,26.9,26,9.3,0.0
17,12234788,relativehumidity,38.0,%,2025-02-19 17:00:00,2025-02-19 17:00:00,25.9,29,7.9,0.0
17,12234788,relativehumidity,41.0,%,2025-02-19 17:15:00,2025-02-19 17:00:00,25.9,29,7.9,0.0
17,12234788,relativehumidity,43.0,%,2025-02-19 17:30:00,2025-02-19 17:00:00,25.9,29,7.9,0.0
17,12234788,relativehumidity,48.0,%,2025-02-19 17:45:00,2025-02-19 17:00:00,25.9,29,7.9,0.0
17,12234788,relativehumidity,56.0,%,2025-02-19 18:15:00,2025-02-19 18:00:00,25.1,33,5.3,0.0
17,12234788,relativehumidity,57.0,%,2025-02-19 18:30:00,2025-02-19 18:00:00,25.1,33,5.3,0.0
17,12234788,relativehumidity,55.0,%,2025-02-19 18:45:00,2025-02-19 18:00:00,25.1,33,5.3,0.0
17,12234788,relativehumidity,53.0,%,2025-02-19 19:00:00,2025-02-19 19:00:00,24.2,39,3.1,0.0
17,12234788,relativehumidity,53.0,%,2025-02-19 19:15:00,2025-02-19 19:00:00,24.2,39,3.1,0.0
17,12234788,relativehumidity,52.0,%,2025-02-19 19:30:00,2025-02-19 19:00:00,24.2,39,3.1,0.0
17,12234788,relativehumidity,55.0,%,2025-02-19 19:45:00,2025-02-19 19:00:00,24.2,39,3.1,0.0
17,12234788,relativehumidity,55.0,%,2025-02-19 20:00:00,2025-02-19 20:00:00,23.0,45,3.1,0.0
17,12234788,relativehumidity,55.0,%,2025-02-19 20:15:00,2025-02-19 20:00:00,23.0,45,3.1,0.0
17,12234788,relativehumidity,57.0,%,2025-02-19 20:30:00,2025-02-19 20:00:00,23.0,45,3.1,0.0
17,12234788,relativehumidity,60.0,%,2025-02-19 20:45:00,2025-02-19 20:00:00,23.0,45,3.1,0.0
17,12234788,relativehumidity,63.0,%,2025-02-19 21:00:00,2025-02-19 21:00:00,22.3,48,5.0,0.0
17,12234788,relativehumidity,58.0,%,2025-02-19 21:15:00,2025-02-19 21:00:00,22.3,48,5.0,0.0
17,12234788,relativehumidity,55.0,%,2025-02-19 21:30:00,2025-02-19 21:00:00,22.3,48,5.0,0.0
17,12234788,relativehumidity,55.0,%,2025-02-19 21:45:00,2025-02-19 21:00:00,22.3,48,5.0,0.0
17,12234788,relativehumidity,59.0,%,2025-02-19 22:00:00,2025-02-19 22:00:00,21.1,54,6.1,0.2
17,12234788,relativehumidity,61.0,%,2025-02-19 22:15:00,2025-02-19 22:00:00,21.1,54,6.1,0.2
17,12234788,relativehumidity,63.0,%,2025-02-19 22:30:00,2025-02-19 22:00:00,21.1,54,6.1,0.2
17,12234788,relativehumidity,62.0,%,2025-02-19 22:45:00,2025-02-19 22:00:00,21.1,54,6.1,0.2
17,12234788,relativehumidity,64.0,%,2025-02-19 23:00:00,2025-02-19 23:00:00,19.2,67,0.8,0.3
17,12234788,relativehumidity,64.0,%,2025-02-19 23:15:00,2025-02-19 23:00:00,19.2,67,0.8,0.3
17,12234788,relativehumidity,63.0,%,2025-02-19 23:30:00,2025-02-19 23:00:00,19.2,67,0.8,0.3
17,12234788,relativehumidity,71.0,%,2025-02-20 00:30:00,2025-02-20 00:00:00,19.1,67,7.4,0.0
17,12234788,relativehumidity,72.0,%,2025-02-20 00:45:00,2025-02-20 00:00:00,19.1,67,7.4,0.0
17,12234788,relativehumidity,73.0,%,2025-02-20 01:00:00,2025-02-20 01:00:00,17.7,73,1.8,0.4
17,12234788,relativehumidity,75.0,%,2025-02-20 01:15:00,2025-02-20 01:00:00,17.7,73,1.8,0.4
17,12234788,relativehumidity,74.0,%,2025-02-20 01:30:00,2025-02-20 01:00:00,17.7,73,1.8,0.4
17,12234788,relativehumidity,75.0,%,2025-02-20 01:45:00,2025-02-20 01:00:00,17.7,73,1.8,0.4
17,12234788,relativehumidity,79.0,%,2025-02-20 02:00:00,2025-02-20 02:00:00,17.4,74,8.2,0.0
17,12234788,relativehumidity,82.0,%,2025-02-20 02:15:00,2025-02-20 02:00:00,17.4,74,8.2,0.0
17,12234788,relativehumidity,84.0,%,2025-02-20 02:30:00,2025-02-20 02:00:00,17.4,74,8.2,0.0
17,12234788,relativehumidity,84.0,%,2025-02-20 02:45:00,2025-02-20 02:00:00,17.4,74,8.2,0.0
17,12234788,relativehumidity,84.0,%,2025-02-20 03:00:00,2025-02-20 03:00:00,16.4,81,11.6,0.5
17,12234788,relativehumidity,84.0,%,2025-02-20 03:15:00,2025-02-20 03:00:00,16.4,81,11.6,0.5
17,12234789,so2,37.5,ppb,2025-02-19 01:30:00,2025-02-19 01:00:00,16.8,63,4.2,0.0
17,12234789,so2,37.8,ppb,2025-02-19 01:45:00,2025-02-19 01:00:00,16.8,63,4.2,0.0
17,12234789,so2,31.0,ppb,2025-02-19 02:30:00,2025-02-19 02:00:00,16.0,66,4.1,0.0
17,12234789,so2,32.1,ppb,2025-02-19 02:45:00,2025-02-19 02:00:00,16.0,66,4.1,0.0
17,12234789,so2,31.9,ppb,2025-02-19 03:00:00,2025-02-19 03:00:00,15.3,68,4.5,0.0
17,12234789,so2,31.2,ppb,2025-02-19 03:15:00,2025-02-19 03:00:00,15.3,68,4.5,0.0
17,12234789,so2,32.0,ppb,2025-02-19 03:30:00,2025-02-19 03:00:00,15.3,68,4.5,0.0
17,12234789,so2,33.6,ppb,2025-02-19 03:45:00,2025-02-19 03:00:00,15.3,68,4.5,0.0
17,12234789,so2,31.9,ppb,2025-02-19 04:00:00,2025-02-19 04:00:00,14.7,70,4.4,0.0
17,12234789,so2,29.9,ppb,2025-02-19 04:15:00,2025-02-19 04:00:00,14.7,70,4.4,0.0
17,12234789,so2,28.2,ppb,2025-02-19 04:30:00,2025-02-19 04:00:00,14.7,70,4.4,0.0
17,12234789,so2,27.8,ppb,2025-02-19 04:45:00,2025-02-19 04:00:00,14.7,70,4.4,0.0
17,12234789,so2,29.2,ppb,2025-02-19 05:00:00,2025-02-19 05:00:00,14.2,70,4.5,0.0
17,12234789,so2,29.9,ppb,2025-02-19 05:15:00,2025-02-19 05:00:00,14.2,70,4.5,0.0
17,12234789,so2,30.8,ppb,2025-02-19 05:30:00,2025-02-19 05:00:00,14.2,70,4.5,0.0
17,12234789,so2,29.6,ppb,2025-02-19 05:45:00,2025-02-19 05:00:00,14.2,70,4.5,0.0
17,12234789,so2,30.3,ppb,2025-02-19 06:00:00,2025-02-19 06:00:00,13.8,76,4.3,0.0
17,12234789,so2,31.4,ppb,2025-02-19 06:15:00,2025-02-19 06:00:00,13.8,76,4.3,0.0
17,12234789,so2,31.5,ppb,2025-02-19 06:30:00,2025-02-19 06:00:00,13.8,76,4.3,0.0
17,12234789,so2,32.2,ppb,2025-02-19 06:45:00,2025-02-19 06:00:00,13.8,76,4.3,0.0
17,12234789,so2,31.4,ppb,2025-02-19 07:00:00,2025-02-19 07:00:00,14.2,74,4.7,0.0
17,12234789,so2,33.0,ppb,2025-02-19 07:15:00,2025-02-19 07:00:00,14.2,74,4.7,0.0
17,12234789,so2,32.9,ppb,2025-02-19 07:30:00,2025-02-19 07:00:00,14.2,74,4.7,0.0
17,12234789,so2,32.1,ppb,2025-02-19 07:45:00,2025-02-19 07:00:00,14.2,74,4.7,0.0
17,12234789,so2,32.5,ppb,2025-02-19 08:00:00,2025-02-19 08:00:00,15.9,67,5.4,0.0
17,12234789,so2,34.5,ppb,2025-02-19 08:15:00,2025-02-19 08:00:00,15.9,67,5.4,0.0
17,12234789,so2,31.8,ppb,2025-02-19 08:30:00,2025-02-19 08:00:00,15.9,67,5.4,0.0
17,12234789,so2,32.1,ppb,2025-02-19 08:45:00,2025-02-19 08:00:00,15.9,67,5.4,0.0
17,12234789,so2,31.0,ppb,2025-02-19 09:00:00,2025-02-19 09:00:00,19.0,54,3.4,0.0
17,12234789,so2,31.9,ppb,2025-02-19 09:15:00,2025-02-19 09:00:00,19.0,54,3.4,0.0
17,12234789,so2,34.5,ppb,2025-02-19 09:30:00,2025-02-19 09:00:00,19.0,54,3.4,0.0
17,12234789,so2,37.3,ppb,2025-02-19 09:45:00,2025-02-19 09:00:00,19.0,54,3.4,0.0
17,12234789,so2,36.7,ppb,2025-02-19 10:00:00,2025-02-19 10:00:00,22.0,43,4.0,0.0
17,12234789,so2,35.5,ppb,2025-02-19 10:15:00,2025-02-19 10:00:00,22.0,43,4.0,0.0
17,12234789,so2,34.0,ppb,2025-02-19 10:30:00,2025-02-19 10:00:00,22.0,43,4.0,0.0
17,12234789,so2,33.4,ppb,2025-02-19 10:45:00,2025-02-19 10:00:00,22.0,43,4.0,0.0
17,12234789,so2,34.0,ppb,2025-02-19 11:00:00,2025-02-19 11:00:00,24.4,34,5.4,0.0
17,12234789,so2,34.3,ppb,2025-02-19 11:15:00,2025-02-19 11:00:00,24.4,34,5.4,0.0
17,12234789,so2,32.3,ppb,2025-02-19 11:30:00,2025-02-19 11:00:00,24.4,34,5.4,0.0
17,12234789,so2,33.7,ppb,2025-02-19 11:45:00,2025-02-19 11:00:00,24.4,34,5.4,0.0
17,12234789,so2,32.6,ppb,2025-02-19 12:00:00,2025-02-19 12:00:00,26.0,27,6.3,0.0
17,12234789,so2,31.3,ppb,2025-02-19 12:15:00,2025-02-19 12:00:00,26.0,27,6.3,0.0
17,12234789,so2,31.3,ppb,2025-02-19 12:30:00,2025-02-19 12:00:00,26.0,27,6.3,0.0
17,12234789,so2,31.9,ppb,2025-02-19 12:45:00,2025-02-19 12:00:00,26.0,27,6.3,0.0
17,12234789,so2,31.2,ppb,2025-02-19 13:00:00,2025-02-19 13:00:00,27.0,23,6.7,0.0
17,12234789,so2,30.1,ppb,2025-02-19 13:15:00,2025-02-19 13:00:00,27.0,23,6.7,0.0
17,12234789,so2,30.2,ppb,2025-02-19 13:30:00,2025-02-19 13:00:00,27.0,23,6.7,0.0
17,12234789,so2,29.8,ppb,2025-02-19 13:45:00,2025-02-19 13:00:00,27.0,23,6.7,0.0
17,12234789,so2,28.8,ppb,2025-02-19 14:00:00,2025-02-19 14:00:00,27.6,22,7.3,0.0
17,12234789,so2,29.1,ppb,2025-02-19 14:15:00,2025-02-19 14:00:00,27.6,22,7.3,0.0
17,12234789,so2,28.3,ppb,2025-02-19 14:30:00,2025-02-19 14:00:00,27.6,22,7.3,0.0
17,12234789,so2,26.1,ppb,2025-02-19 14:45:00,2025-02-19 14:00:00,27.6,22,7.3,0.0
17,12234789,so2,26.2,ppb,2025-02-19 15:00:00,2025-02-19 15:00:00,27.5,24,9.0,0.0
17,12234789,so2,26.2,ppb,2025-02-19 15:15:00,2025-02-19 15:00:00,27.5,24,9.0,0.0
17,12234789,so2,27.1,ppb,2025-02-19 15:30:00,2025-02-19 15:00:00,27.5,24,9.0,0.0
17,12234789,so2,26.2,ppb,2025-02-19 15:45:00,2025-02-19 15:00:00,27.5,24,9.0,0.0
17,12234789,so2,24.8,ppb,2025-02-19 16:00:00,2025-02-19 16:00:00,26.9,26,9.3,0.0
17,12234789,so2,23.0,ppb,2025-02-19 16:15:00,2025-02-19 16:00:00,26.9,26,9.3,0.0
17,12234789,so2,22.3,ppb,2025-02-19 16:30:00,2025-02-19 16:00:00,26.9,26,9.3,0.0
17,12234789,so2,21.7,ppb,2025-02-19 16:45:00,2025-02-19 16:00:00,26.9,26,9.3,0.0
17,12234789,so2,21.6,ppb,2025-02-19 17:00:00,2025-02-19 17:00:00,25.9,29,7.9,0.0
17,12234789,so2,21.6,ppb,2025-02-19 17:15:00,2025-02-19 17:00:00,25.9,29,7.9,0.0
17,12234789,so2,23.3,ppb,2025-02-19 17:30:00,2025-02-19 17:00:00,25.9,29,7.9,0.0
17,12234789,so2,25.6,ppb,2025-02-19 17:45:00,2025-02-19 17:00:00,25.9,29,7.9,0.0
17,12234789,so2,27.3,ppb,2025-02-19 18:15:00,2025-02-19 18:00:00,25.1,33,5.3,0.0
17,12234789,so2,28.7,ppb,2025-02-19 18:30:00,2025-02-19 18:00:00,25.1,33,5.3,0.0
17,12234789,so2,32.0,ppb,2025-02-19 18:45:00,2025-02-19 18:00:00,25.1,33,5.3,0.0
17,12234789,so2,32.2,ppb,2025-02-19 19:00:00,2025-02-19 19:00:00,24.2,39,3.1,0.0
17,12234789,so2,32.9,ppb,2025-02-19 19:15:00,2025-02-19 19:00:00,24.2,39,3.1,0.0
17,12234789,so2,35.5,ppb,2025-02-19 19:30:00,2025-02-19 19:00:00,24.2,39,3.1,0.0
17,12234789,so2,35.7,ppb,2025-02-19 19:45:00,2025-02-19 19:00:00,24.2,39,3.1,0.0
17,12234789,so2,37.6,ppb,2025-02-19 20:00:00,2025-02-19 20:00:00,23.0,45,3.1,0.0
17,12234789,so2,36.7,ppb,2025-02-19 20:15:00,2025-02-19 20:00:00,23.0,45,3.1,0.0
17,12234789,so2,36.8,ppb,2025-02-19 20:30:00,2025-02-19 20:00:00,23.0,45,3.1,0.0
17,12234789,so2,37.0,ppb,2025-02-19 20:45:00,2025-02-19 20:00:00,23.0,45,3.1,0.0
17,12234789,so2,39.3,ppb,2025-02-19 21:00:00,2025-02-19 21:00:00,22.3,48,5.0,0.0
17,12234789,so2,41.5,ppb,2025-02-19 21:15:00,2025-02-19 21:00:00,22.3,48,5.0,0.0
17,12234789,so2,40.5,ppb,2025-02-19 21:30:00,2025-02-19 21:00:00,22.3,48,5.0,0.0
17,12234789,so2,39.7,ppb,2025-02-19 21:45:00,2025-02-19 21:00:00,22.3,48,5.0,0.0
17,12234789,so2,38.8,ppb,2025-02-19 22:00:00,2025-02-19 22:00:00,21.1,54,6.1,0.2
17,12234789,so2,36.3,ppb,2025-02-19 22:15:00,2025-02-19 22:00:00,21.1,54,6.1,0.2
17,12234789,so2,34.0,ppb,2025-02-19 22:30:00,2025-02-19 22:00:00,21.1,54,6.1,0.2
17,12234789,so2,34.1,ppb,2025-02-19 22:45:00,2025-02-19 22:00:00,21.1,54,6.1,0.2
17,12234789,so2,33.9,ppb,2025-02-19 23:00:00,2025-02-19 23:00:00,19.2,67,0.8,0.3
17,12234789,so2,32.2,ppb,2025-02-19 23:15:00,2025-02-19 23:00:00,19.2,67,0.8,0.3
17,12234789,so2,32.5,ppb,2025-02-19 23:30:00,2025-02-19 23:00:00,19.2,67,0.8,0.3
17,12234789,so2,29.6,ppb,2025-02-20 00:30:00,2025-02-20 00:00:00,19.1,67,7.4,0.0
17,12234789,so2,29.7,ppb,2025-02-20 00:45:00,2025-02-20 00:00:00,19.1,67,7.4,0.0
17,12234789,so2,29.4,ppb,2025-02-20 01:00:00,2025-02-20 01:00:00,17.7,73,1.8,0.4
17,12234789,so2,29.7,ppb,2025-02-20 01:15:00,2025-02-20 01:00:00,17.7,73,1.8,0.4
17,12234789,so2,30.1,ppb,2025-02-20 01:30:00,2025-02-20 01:00:00,17.7,73,1.8,0.4
17,12234789,so2,30.4,ppb,2025-02-20 01:45:00,2025-02-20 01:00:00,17.7,73,1.8,0.4
17,12234789,so2,29.9,ppb,2025-02-20 02:30:00,2025-02-20 02:00:00,17.4,74,8.2,0.0
17,12234789,so2,29.7,ppb,2025-02-20 02:45:00,2025-02-20 02:00:00,17.4,74,8.2,0.0
17,12234789,so2,28.2,ppb,2025-02-20 03:00:00,2025-02-20 03:00:00,16.4,81,11.6,0.5
17,12234789,so2,27.6,ppb,2025-02-20 03:15:00,2025-02-20 03:00:00,16.4,81,11.6,0.5
17,12234789,so2,26.6,ppb,2025-02-20 03:30:00,2025-02-20 03:00:00,16.4,81,11.6,0.5
17,12234789,so2,24.1,ppb,2025-02-20 03:45:00,2025-02-20 03:00:00,16.4,81,11.6,0.5
17,12234789,so2,24.2,ppb,2025-02-20 04:00:00,2025-02-20 04:00:00,15.7,88,12.9,2.0
17,12234789,so2,25.1,ppb,2025-02-20 04:15:00,2025-02-20 04:00:00,15.7,88,12.9,2.0
17,12234790,temperature,16.1,c,2025-02-19 01:30:00,2025-02-19 01:00:00,16.8,63,4.2,0.0
17,12234790,temperature,16.1,c,2025-02-19 01:45:00,2025-02-19 01:00:00,16.8,63,4.2,0.0
17,12234790,temperature,16.0,c,2025-02-19 02:00:00,2025-02-19 02:00:00,16.0,66,4.1,0.0
17,12234790,temperature,16.0,c,2025-02-19 02:15:00,2025-02-19 02:00:00,16.0,66,4.1,0.0
17,12234790,temperature,16.0,c,2025-02-19 02:30:00,2025-02-19 02:00:00,16.0,66,4.1,0.0
17,12234790,temperature,15.9,c,2025-02-19 02:45:00,2025-02-19 02:00:00,16.0,66,4.1,0.0
17,12234790,temperature,16.2,c,2025-02-19 03:00:00,2025-02-19 03:00:00,15.3,68,4.5,0.0
17,12234790,temperature,16.5,c,2025-02-19 03:15:00,2025-02-19 03:00:00,15.3,68,4.5,0.0
17,12234790,temperature,16.1,c,2025-02-19 03:30:00,2025-02-19 03:00:00,15.3,68,4.5,0.0
17,12234790,temperature,15.9,c,2025-02-19 03:45:00,2025-02-19 03:00:00,15.3,68,4.5,0.0
17,12234790,temperature,15.9,c,2025-02-19 04:00:00,2025-02-19 04:00:00,14.7,70,4.4,0.0
17,12234790,temperature,15.8,c,2025-02-19 04:15:00,2025-02-19 04:00:00,14.7,70,4.4,0.0
17,12234790,temperature,15.8,c,2025-02-19 04:30:00,2025-02-19 04:00:00,14.7,70,4.4,0.0
17,12234790,temperature,15.6,c,2025-02-19 04:45:00,2025-02-19 04:00:00,14.7,70,4.4,0.0
17,12234790,temperature,15.4,c,2025-02-19 05:00:00,2025-02-19 05:00:00,14.2,70,4.5,0.0
17,12234790,temperature,15.3,c,2025-02-19 05:15:00,2025-02-19 05:00:00,14.2,70,4.5,0.0
17,12234790,temperature,15.3,c,2025-02-19 05:30:00,2025-02-19 05:00:00,14.2,70,4.5,0.0
17,12234790,temperature,15.1,c,2025-02-19 05:45:00,2025-02-19 05:00:00,14.2,70,4.5,0.0
17,12234790,temperature,14.9,c,2025-02-19 06:00:00,2025-02-19 06:00:00,13.8,76,4.3,0.0
17,12234790,temperature,14.9,c,2025-02-19 06:15:00,2025-02-19 06:00:00,13.8,76,4.3,0.0
17,12234790,temperature,14.8,c,2025-02-19 06:30:00,2025-02-19 06:00:00,13.8,76,4.3,0.0
17,12234790,temperature,14.7,c,2025-02-19 06:45:00,2025-02-19 06:00:00,13.8,76,4.3,0.0
17,12234790,temperature,15.1,c,2025-02-19 07:00:00,2025-02-19 07:00:00,14.2,74,4.7,0.0
17,12234790,temperature,15.3,c,2025-02-19 07:15:00,2025-02-19 07:00:00,14.2,74,4.7,0.0
17,12234790,temperature,15.9,c,2025-02-19 07:30:00,2025-02-19 07:00:00,14.2,74,4.7,0.0
17,12234790,temperature,16.8,c,2025-02-19 07:45:00,2025-02-19 07:00:00,14.2,74,4.7,0.0
17,12234790,temperature,17.9,c,2025-02-19 08:00:00,2025-02-19 08:00:00,15.9,67,5.4,0.0
17,12234790,temperature,19.1,c,2025-02-19 08:15:00,2025-02-19 08:00:00,15.9,67,5.4,0.0
17,12234790,temperature,20.6,c,2025-02-19 08:30:00,2025-02-19 08:00:00,15.9,67,5.4,0.0
17,12234790,temperature,21.2,c,2025-02-19 08:45:00,2025-02-19 08:00:00,15.9,67,5.4,0.0
17,12234790,temperature,21.8,c,2025-02-19 09:00:00,2025-02-19 09:00:00,19.0,54,3.4,0.0
17,12234790,temperature,22.8,c,2025-02-19 09:15:00,2025-02-19 09:00:00,19.0,54,3.4,0.0
17,12234790,temperature,23.3,c,2025-02-19 09:30:00,2025-02-19 09:00:00,19.0,54,3.4,0.0
17,12234790,temperature,24.6,c,2025-02-19 09:45:00,2025-02-19 09:00:00,19.0,54,3.4,0.0
17,12234790,temperature,25.5,c,2025-02-19 10:00:00,2025-02-19 10:00:00,22.0,43,4.0,0.0
17,12234790,temperature,26.0,c,2025-02-19 10:15:00,2025-02-19 10:00:00,22.0,43,4.0,0.0
17,12234790,temperature,26.5,c,2025-02-19 10:30:00,2025-02-19 10:00:00,22.0,43,4.0,0.0
17,12234790,temperature,27.5,c,2025-02-19 10:45:00,2025-02-19 10:00:00,22.0,43,4.0,0.0
17,12234790,temperature,28.1,c,2025-02-19 11:00:00,2025-02-19 11:00:00,24.4,34,5.4,0.0
17,12234790,temperature,28.4,c,2025-02-19 11:15:00,2025-02-19 11:00:00,24.4,34,5.4,0.0
17,12234790,temperature,29.3,c,2025-02-19 11:30:00,2025-02-19 11:00:00,24.4,34,5.4,0.0
17,12234790,temperature,28.9,c,2025-02-19 11:45:00,2025-02-19 11:00:00,24.4,34,5.4,0.0
17,12234790,temperature,29.2,c,2025-02-19 12:00:00,2025-02-19 12:00:00,26.0,27,6.3,0.0
17,12234790,temperature,30.0,c,2025-02-19 12:15:00,2025-02-19 12:00:00,26.0,27,6.3,0.0
17,12234790,temperature,29.8,c,2025-02-19 12:30:00,2025-02-19 12:00:00,26.0,27,6.3,0.0
17,12234790,temperature,30.8,c,2025-02-19 12:45:00,2025-02-19 12:00:00,26.0,27,6.3,0.0
17,12234790,temperature,30.3,c,2025-02-19 13:00:00,2025-02-19 13:00:00,27.0,23,6.7,0.0
17,12234790,temperature,30.0,c,2025-02-19 13:15:00,2025-02-19 13:00:00,27.0,23,6.7,0.0
17,12234790,temperature,30.2,c,2025-02-19 13:30:00,2025-02-19 13:00:00,27.0,23,6.7,0.0
17,12234790,temperature,30.4,c,2025-02-19 13:45:00,2025-02-19 13:00:00,27.0,23,6.7,0.0
17,12234790,temperature,31.4,c,2025-02-19 14:00:00,2025-02-19 14:00:00,27.6,22,7.3,0.0
17,12234790,temperature,31.4,c,2025-02-19 14:15:00,2025-02-19 14:00:00,27.6,22,7.3,0.0
17,12234790,temperature,31.5,c,2025-02-19 14:30:00,2025-02-19 14:00:00,27.6,22,7.3,0.0
17,12234790,temperature,31.2,c,2025-02-19 14:45:00,2025-02-19 14:00:00,27.6,22,7.3,0.0
17,12234790,temperature,31.1,c,2025-02-19 15:00:00,2025-02-19 15:00:00,27.5,24,9.0,0.0
17,12234790,temperature,31.0,c,2025-02-19 15:15:00,2025-02-19 15:00:00,27.5,24,9.0,0.0
17,12234790,temperature,30.7,c,2025-02-19 15:30:00,2025-02-19 15:00:00,27.5,24,9.0,0.0
17,12234790,temperature,31.0,c,2025-02-19 15:45:00,2025-02-19 15:00:00,27.5,24,9.0,0.0
17,12234790,temperature,30.5,c,2025-02-19 16:00:00,2025-02-19 16:00:00,26.9,26,9.3,0.0
17,12234790,temperature,29.7,c,2025-02-19 16:15:00,2025-02-19 16:00:00,26.9,26,9.3,0.0
17,12234790,temperature,29.4,c,2025-02-19 16:30:00,2025-02-19 16:00:00,26.9,26,9.3,0.0
17,12234790,temperature,28.5,c,2025-02-19 16:45:00,2025-02-19 16:00:00,26.9,26,9.3,0.0
17,12234790,temperature,28.7,c,2025-02-19 17:00:00,2025-02-19 17:00:00,25.9,29,7.9,0.0
17,12234790,temperature,28.4,c,2025-02-19 17:15:00,2025-02-19 17:00:00,25.9,29,7.9,0.0
17,12234790,temperature,27.6,c,2025-02-19 17:30:00,2025-02-19 17:00:00,25.9,29,7.9,0.0
17,12234790,temperature,26.1,c,2025-02-19 17:45:00,2025-02-19 17:00:00,25.9,29,7.9,0.0
17,12234790,temperature,24.1,c,2025-02-19 18:15:00,2025-02-19 18:00:00,25.1,33,5.3,0.0
17,12234790,temperature,23.6,c,2025-02-19 18:30:00,2025-02-19 18:00:00,25.1,33,5.3,0.0
17,12234790,temperature,23.8,c,2025-02-19 18:45:00,2025-02-19 18:00:00,25.1,33,5.3,0.0
17,12234790,temperature,24.0,c,2025-02-19 19:00:00,2025-02-19 19:00:00,24.2,39,3.1,0.0
17,12234790,temperature,23.8,c,2025-02-19 19:15:00,2025-02-19 19:00:00,24.2,39,3.1,0.0
17,12234790,temperature,23.7,c,2025-02-19 19:30:00,2025-02-19 19:00:00,24.2,39,3.1,0.0
17,12234790,temperature,23.3,c,2025-02-19 19:45:00,2025-02-19 19:00:00,24.2,39,3.1,0.0
17,12234790,temperature,23.0,c,2025-02-19 20:00:00,2025-02-19 20:00:00,23.0,45,3.1,0.0
17,12234790,temperature,23.1,c,2025-02-19 20:15:00,2025-02-19 20:00:00,23.0,45,3.1,0.0
17,12234790,temperature,22.7,c,2025-02-19 20:30:00,2025-02-19 20:00:00,23.0,45,3.1,0.0
17,12234790,temperature,22.3,c,2025-02-19 20:45:00,2025-02-19 20:00:00,23.0,45,3.1,0.0
17,12234790,temperature,22.0,c,2025-02-19 21:00:00,2025-02-19 21:00:00,22.3,48,5.0,0.0
17,12234790,temperature,22.8,c,2025-02-19 21:15:00,2025-02-19 21:00:00,22.3,48,5.0,0.0
17,12234790,temperature,23.6,c,2025-02-19 21:30:00,2025-02-19 21:00:00,22.3,48,5.0,0.0
17,12234790,temperature,23.7,c,2025-02-19 21:45:00,2025-02-19 21:00:00,22.3,48,5.0,0.0
17,12234790,temperature,23.1,c,2025-02-19 22:00:00,2025-02-19 22:00:00,21.1,54,6.1,0.2
17,12234790,temperature,22.7,c,2025-02-19 22:15:00,2025-02-19 22:00:00,21.1,54,6.1,0.2
17,12234790,temperature,22.4,c,2025-02-19 22:30:00,2025-02-19 22:00:00,21.1,54,6.1,0.2
17,12234790,temperature,22.5,c,2025-02-19 22:45:00,2025-02-19 22:00:00,21.1,54,6.1,0.2
17,12234790,temperature,22.1,c,2025-02-19 23:00:00,2025-02-19 23:00:00,19.2,67,0.8,0.3
17,12234790,temperature,22.2,c,2025-02-19 23:15:00,2025-02-19 23:00:00,19.2,67,0.8,0.3
17,12234790,temperature,22.7,c,2025-02-19 23:30:00,2025-02-19 23:00:00,19.2,67,0.8,0.3
17,12234790,temperature,20.5,c,2025-02-20 00:30:00,2025-02-20 00:00:00,19.1,67,7.4,0.0
17,12234790,temperature,20.3,c,2025-02-20 00:45:00,2025-02-20 00:00:00,19.1,67,7.4,0.0
17,12234790,temperature,20.1,c,2025-02-20 01:00:00,2025-02-20 01:00:00,17.7,73,1.8,0.4
17,12234790,temperature,20.1,c,2025-02-20 01:15:00,2025-02-20 01:00:00,17.7,73,1.8,0.4
17,12234790,temperature,20.6,c,2025-02-20 01:30:00,2025-02-20 01:00:00,17.7,73,1.8,0.4
17,12234790,temperature,20.5,c,2025-02-20 01:45:00,2025-02-20 01:00:00,17.7,73,1.8,0.4
17,12234790,temperature,19.8,c,2025-02-20 02:00:00,2025-02-20 02:00:00,17.4,74,8.2,0.0
17,12234790,temperature,19.5,c,2025-02-20 02:15:00,2025-02-20 02:00:00,17.4,74,8.2,0.0
17,12234790,temperature,19.5,c,2025-02-20 02:30:00,2025-02-20 02:00:00,17.4,74,8.2,0.0
17,12234790,temperature,19.6,c,2025-02-20 02:45:00,2025-02-20 02:00:00,17.4,74,8.2,0.0
17,12234790,temperature,19.5,c,2025-02-20 03:00:00,2025-02-20 03:00:00,16.4,81,11.6,0.5
17,12234790,temperature,19.3,c,2025-02-20 03:15:00,2025-02-20 03:00:00,16.4,81,11.6,0.5
17,14340713,nox,0.0965999999999999,ppb,2025-02-19 01:30:00,2025-02-19 01:00:00,16.8,63,4.2,0.0
17,14340713,nox,0.0965,ppb,2025-02-19 01:45:00,2025-02-19 01:00:00,16.8,63,4.2,0.0
17,14340713,nox,0.0905,ppb,2025-02-19 02:30:00,2025-02-19 02:00:00,16.0,66,4.1,0.0
17,14340713,nox,0.0864,ppb,2025-02-19 02:45:00,2025-02-19 02:00:00,16.0,66,4.1,0.0
17,14340713,nox,0.0945,ppb,2025-02-19 03:00:00,2025-02-19 03:00:00,15.3,68,4.5,0.0
17,14340713,nox,0.1049,ppb,2025-02-19 03:15:00,2025-02-19 03:00:00,15.3,68,4.5,0.0
17,14340713,nox,0.1095,ppb,2025-02-19 03:30:00,2025-02-19 03:00:00,15.3,68,4.5,0.0
17,14340713,nox,0.1032,ppb,2025-02-19 03:45:00,2025-02-19 03:00:00,15.3,68,4.5,0.0
17,14340713,nox,0.0842,ppb,2025-02-19 04:00:00,2025-02-19 04:00:00,14.7,70,4.4,0.0
17,14340713,nox,0.0775999999999999,ppb,2025-02-19 04:15:00,2025-02-19 04:00:00,14.7,70,4.4,0.0
17,14340713,nox,0.0696,ppb,2025-02-19 04:30:00,2025-02-19 04:00:00,14.7,70,4.4,0.0
17,14340713,nox,0.0621,ppb,2025-02-19 04:45:00,2025-02-19 04:00:00,14.7,70,4.4,0.0
17,14340713,nox,0.0705,ppb,2025-02-19 05:00:00,2025-02-19 05:00:00,14.2,70,4.5,0.0
17,14340713,nox,0.059,ppb,2025-02-19 05:15:00,2025-02-19 05:00:00,14.2,70,4.5,0.0
17,14340713,nox,0.058,ppb,2025-02-19 05:30:00,2025-02-19 05:00:00,14.2,70,4.5,0.0
17,14340713,nox,0.057,ppb,2025-02-19 05:45:00,2025-02-19 05:00:00,14.2,70,4.5,0.0
17,14340713,nox,0.0612,ppb,2025-02-19 06:00:00,2025-02-19 06:00:00,13.8,76,4.3,0.0
17,14340713,nox,0.065,ppb,2025-02-19 06:15:00,2025-02-19 06:00:00,13.8,76,4.3,0.0
17,14340713,nox,0.0759,ppb,2025-02-19 06:30:00,2025-02-19 06:00:00,13.8,76,4.3,0.0
17,14340713,nox,0.0722,ppb,2025-02-19 06:45:00,2025-02-19 06:00:00,13.8,76,4.3,0.0
17,14340713,nox,0.0645999999999999,ppb,2025-02-19 07:00:00,2025-02-19 07:00:00,14.2,74,4.7,0.0
17,14340713,nox,0.0768,ppb,2025-02-19 07:15:00,2025-02-19 07:00:00,14.2,74,4.7,0.0
17,14340713,nox,0.0995,ppb,2025-02-19 07:30:00,2025-02-19 07:00:00,14.2,74,4.7,0.0
17,14340713,nox,0.0925999999999999,ppb,2025-02-19 07:45:00,2025-02-19 07:00:00,14.2,74,4.7,0.0
17,14340713,nox,0.077,ppb,2025-02-19 08:00:00,2025-02-19 08:00:00,15.9,67,5.4,0.0
17,14340713,nox,0.0644,ppb,2025-02-19 08:15:00,2025-02-19 08:00:00,15.9,67,5.4,0.0
17,14340713,nox,0.0479,ppb,2025-02-19 08:30:00,2025-02-19 08:00:00,15.9,67,5.4,0.0
17,14340713,nox,0.0476,ppb,2025-02-19 08:45:00,2025-02-19 08:00:00,15.9,67,5.4,0.0
17,14340713,nox,0.0482999999999999,ppb,2025-02-19 09:00:00,2025-02-19 09:00:00,19.0,54,3.4,0.0
17,14340713,nox,0.0382,ppb,2025-02-19 09:15:00,2025-02-19 09:00:00,19.0,54,3.4,0.0
17,14340713,nox,0.0365,ppb,2025-02-19 09:30:00,2025-02-19 09:00:00,19.0,54,3.4,0.0
17,14340713,nox,0.0364,ppb,2025-02-19 09:45:00,2025-02-19 09:00:00,19.0,54,3.4,0.0
17,14340713,nox,0.0342,ppb,2025-02-19 10:00:00,2025-02-19 10:00:00,22.0,43,4.0,0.0
17,14340713,nox,0.0281,ppb,2025-02-19 10:15:00,2025-02-19 10:00:00,22.0,43,4.0,0.0
17,14340713,nox,0.022,ppb,2025-02-19 10:30:00,2025-02-19 10:00:00,22.0,43,4.0,0.0
17,14340713,nox,0.022,ppb,2025-02-19 10:45:00,2025-02-19 10:00:00,22.0,43,4.0,0.0
17,14340713,nox,0.0165,ppb,2025-02-19 11:00:00,2025-02-19 11:00:00,24.4,34,5.4,0.0
17,14340713,nox,0.0196,ppb,2025-02-19 11:15:00,2025-02-19 11:00:00,24.4,34,5.4,0.0
17,14340713,nox,0.0191,ppb,2025-02-19 11:30:00,2025-02-19 11:00:00,24.4,34,5.4,0.0
17,14340713,nox,0.0165,ppb,2025-02-19 11:45:00,2025-02-19 11:00:00,24.4,34,5.4,0.0
17,14340713,nox,0.0169,ppb,2025-02-19 12:00:00,2025-02-19 12:00:00,26.0,27,6.3,0.0
17,14340713,nox,0.0182,ppb,2025-02-19 12:15:00,2025-02-19 12:00:00,26.0,27,6.3,0.0
17,14340713,nox,0.0148,ppb,2025-02-19 12:30:00,2025-02-19 12:00:00,26.0,27,6.3,0.0
17,14340713,nox,0.0116999999999999,ppb,2025-02-19 12:45:00,2025-02-19 12:00:00,26.0,27,6.3,0.0
17,14340713,nox,0.0121,ppb,2025-02-19 13:00:00,2025-02-19 13:00:00,27.0,23,6.7,0.0
17,14340713,nox,0.0125,ppb,2025-02-19 13:15:00,2025-02-19 13:00:00,27.0,23,6.7,0.0
17,14340713,nox,0.0162,ppb,2025-02-19 13:30:00,2025-02-19 13:00:00,27.0,23,6.7,0.0
17,14340713,nox,0.0185,ppb,2025-02-19 13:45:00,2025-02-19 13:00:00,27.0,23,6.7,0.0
17,14340713,nox,0.0191,ppb,2025-02-19 14:00:00,2025-02-19 14:00:00,27.6,22,7.3,0.0
17,14340713,nox,0.0186,ppb,2025-02-19 14:15:00,2025-02-19 14:00:00,27.6,22,7.3,0.0
17,14340713,nox,0.0152,ppb,2025-02-19 14:30:00,2025-02-19 14:00:00,27.6,22,7.3,0.0
17,14340713,nox,0.016,ppb,2025-02-19 14:45:00,2025-02-19 14:00:00,27.6,22,7.3,0.0
17,14340713,nox,0.016,ppb,2025-02-19 15:00:00,2025-02-19 15:00:00,27.5,24,9.0,0.0
17,14340713,nox,0.0167,ppb,2025-02-19 15:15:00,2025-02-19 15:00:00,27.5,24,9.0,0.0
17,14340713,nox,0.0150999999999999,ppb,2025-02-19 15:30:00,2025-02-19 15:00:00,27.5,24,9.0,0.0
17,14340713,nox,0.0166,ppb,2025-02-19 15:45:00,2025-02-19 15:00:00,27.5,24,9.0,0.0
17,14340713,nox,0.0161,ppb,2025-02-19 16:00:00,2025-02-19 16:00:00,26.9,26,9.3,0.0
17,14340713,nox,0.015,ppb,2025-02-19 16:15:00,2025-02-19 16:00:00,26.9,26,9.3,0.0
17,14340713,nox,0.017,ppb,2025-02-19 16:30:00,2025-02-19 16:00:00,26.9,26,9.3,0.0
17,14340713,nox,0.0176,ppb,2025-02-19 16:45:00,2025-02-19 16:00:00,26.9,26,9.3,0.0
17,14340713,nox,0.0207,ppb,2025-02-19 17:00:00,2025-02-19 17:00:00,25.9,29,7.9,0.0
17,14340713,nox,0.0184,ppb,2025-02-19 17:15:00,2025-02-19 17:00:00,25.9,29,7.9,0.0
17,14340713,nox,0.0324,ppb,2025-02-19 17:30:00,2025-02-19 17:00:00,25.9,29,7.9,0.0
17,14340713,nox,0.0332999999999999,ppb,2025-02-19 17:45:00,2025-02-19 17:00:00,25.9,29,7.9,0.0
17,14340713,nox,0.0644,ppb,2025-02-19 18:15:00,2025-02-19 18:00:00,25.1,33,5.3,0.0
17,14340713,nox,0.0785,ppb,2025-02-19 18:30:00,2025-02-19 18:00:00,25.1,33,5.3,0.0
17,14340713,nox,0.0747999999999999,ppb,2025-02-19 18:45:00,2025-02-19 18:00:00,25.1,33,5.3,0.0
17,14340713,nox,0.0727,ppb,2025-02-19 19:00:00,2025-02-19 19:00:00,24.2,39,3.1,0.0
17,14340713,nox,0.08,ppb,2025-02-19 19:15:00,2025-02-19 19:00:00,24.2,39,3.1,0.0
17,14340713,nox,0.0744,ppb,2025-02-19 19:30:00,2025-02-19 19:00:00,24.2,39,3.1,0.0
17,14340713,nox,0.0746,ppb,2025-02-19 19:45:00,2025-02-19 19:00:00,24.2,39,3.1,0.0
17,14340713,nox,0.0795999999999999,ppb,2025-02-19 20:00:00,2025-02-19 20:00:00,23.0,45,3.1,0.0
17,14340713,nox,0.0727,ppb,2025-02-19 20:15:00,2025-02-19 20:00:00,23.0,45,3.1,0.0
17,14340713,nox,0.0702,ppb,2025-02-19 20:30:00,2025-02-19 20:00:00,23.0,45,3.1,0.0
17,14340713,nox,0.0824,ppb,2025-02-19 20:45:00,2025-02-19 20:00:00,23.0,45,3.1,0.0
17,14340713,nox,0.1067999999999999,ppb,2025-02-19 21:00:00,2025-02-19 21:00:00,22.3,48,5.0,0.0
17,14340713,nox,0.0855,ppb,2025-02-19 21:15:00,2025-02-19 21:00:00,22.3,48,5.0,0.0
17,14340713,nox,0.0541,ppb,2025-02-19 21:30:00,2025-02-19 21:00:00,22.3,48,5.0,0.0
17,14340713,nox,0.0442,ppb,2025-02-19 21:45:00,2025-02-19 21:00:00,22.3,48,5.0,0.0
17,14340713,nox,0.0407999999999999,ppb,2025-02-19 22:00:00,2025-02-19 22:00:00,21.1,54,6.1,0.2
17,14340713,nox,0.041,ppb,2025-02-19 22:15:00,2025-02-19 22:00:00,21.1,54,6.1,0.2
17,14340713,nox,0.0425,ppb,2025-02-19 22:30:00,2025-02-19 22:00:00,21.1,54,6.1,0.2
17,14340713,nox,0.0423,ppb,2025-02-19 22:45:00,2025-02-19 22:00:00,21.1,54,6.1,0.2
17,14340713,nox,0.0536,ppb,2025-02-19 23:00:00,2025-02-19 23:00:00,19.2,67,0.8,0.3
17,14340713,nox,0.0444,ppb,2025-02-19 23:15:00,2025-02-19 23:00:00,19.2,67,0.8,0.3
17,14340713,nox,0.0397,ppb,2025-02-19 23:30:00,2025-02-19 23:00:00,19.2,67,0.8,0.3
17,14340713,nox,0.0608,ppb,2025-02-20 00:30:00,2025-02-20 00:00:00,19.1,67,7.4,0.0
17,14340713,nox,0.0602,ppb,2025-02-20 00:45:00,2025-02-20 00:00:00,19.1,67,7.4,0.0
17,14340713,nox,0.0608,ppb,2025-02-20 01:00:00,2025-02-20 01:00:00,17.7,73,1.8,0.4
17,14340713,nox,0.0634,ppb,2025-02-20 01:15:00,2025-02-20 01:00:00,17.7,73,1.8,0.4
17,14340713,nox,0.0675,ppb,2025-02-20 01:30:00,2025-02-20 01:00:00,17.7,73,1.8,0.4
17,14340713,nox,0.0616,ppb,2025-02-20 01:45:00,2025-02-20 01:00:00,17.7,73,1.8,0.4
17,14340713,nox,0.0521,ppb,2025-02-20 02:30:00,2025-02-20 02:00:00,17.4,74,8.2,0.0
17,14340713,nox,0.0576,ppb,2025-02-20 02:45:00,2025-02-20 02:00:00,17.4,74,8.2,0.0
17,14340713,nox,0.0467999999999999,ppb,2025-02-20 03:00:00,2025-02-20 03:00:00,16.4,81,11.6,0.5
17,14340713,nox,0.0486,ppb,2025-02-20 03:15:00,2025-02-20 03:00:00,16.4,81,11.6,0.5
17,14340713,nox,0.047,ppb,2025-02-20 03:30:00,2025-02-20 03:00:00,16.4,81,11.6,0.5
17,14340713,nox,0.0313,ppb,2025-02-20 03:45:00,2025-02-20 03:00:00,16.4,81,11.6,0.5
17,14340713,nox,0.0286,ppb,2025-02-20 04:00:00,2025-02-20 04:00:00,15.7,88,12.9,2.0
17,14340713,nox,0.0235,ppb,2025-02-20 04:15:00,2025-02-20 04:00:00,15.7,88,12.9,2.0
17,14340714,wind_direction,183.0,deg,2025-02-19 01:30:00,2025-02-19 01:00:00,16.8,63,4.2,0.0
17,14340714,wind_direction,183.0,deg,2025-02-19 01:45:00,2025-02-19 01:00:00,16.8,63,4.2,0.0
17,14340714,wind_direction,183.0,deg,2025-02-19 02:00:00,2025-02-19 02:00:00,16.0,66,4.1,0.0
17,14340714,wind_direction,183.0,deg,2025-02-19 02:15:00,2025-02-19 02:00:00,16.0,66,4.1,0.0
17,14340714,wind_direction,183.0,deg,2025-02-19 02:30:00,2025-02-19 02:00:00,16.0,66,4.1,0.0
17,14340714,wind_direction,178.0,deg,2025-02-19 02:45:00,2025-02-19 02:00:00,16.0,66,4.1,0.0
17,14340714,wind_direction,253.0,deg,2025-02-19 03:00:00,2025-02-19 03:00:00,15.3,68,4.5,0.0
17,14340714,wind_direction,275.0,deg,2025-02-19 03:15:00,2025-02-19 03:00:00,15.3,68,4.5,0.0
17,14340714,wind_direction,245.0,deg,2025-02-19 03:30:00,2025-02-19 03:00:00,15.3,68,4.5,0.0
17,14340714,wind_direction,209.0,deg,2025-02-19 03:45:00,2025-02-19 03:00:00,15.3,68,4.5,0.0
17,14340714,wind_direction,191.0,deg,2025-02-19 04:00:00,2025-02-19 04:00:00,14.7,70,4.4,0.0
17,14340714,wind_direction,255.0,deg,2025-02-19 04:15:00,2025-02-19 04:00:00,14.7,70,4.4,0.0
17,14340714,wind_direction,240.0,deg,2025-02-19 04:30:00,2025-02-19 04:00:00,14.7,70,4.4,0.0
17,14340714,wind_direction,228.0,deg,2025-02-19 04:45:00,2025-02-19 04:00:00,14.7,70,4.4,0.0
17,14340714,wind_direction,206.0,deg,2025-02-19 05:00:00,2025-02-19 05:00:00,14.2,70,4.5,0.0
17,14340714,wind_direction,202.0,deg,2025-02-19 05:15:00,2025-02-19 05:00:00,14.2,70,4.5,0.0
17,14340714,wind_direction,216.0,deg,2025-02-19 05:30:00,2025-02-19 05:00:00,14.2,70,4.5,0.0
17,14340714,wind_direction,193.0,deg,2025-02-19 05:45:00,2025-02-19 05:00:00,14.2,70,4.5,0.0
17,14340714,wind_direction,175.0,deg,2025-02-19 06:00:00,2025-02-19 06:00:00,13.8,76,4.3,0.0
17,14340714,wind_direction,184.0,deg,2025-02-19 06:15:00,2025-02-19 06:00:00,13.8,76,4.3,0.0
17,14340714,wind_direction,189.0,deg,2025-02-19 06:30:00,2025-02-19 06:00:00,13.8,76,4.3,0.0
17,14340714,wind_direction,195.0,deg,2025-02-19 06:45:00,2025-02-19 06:00:00,13.8,76,4.3,0.0
17,14340714,wind_direction,87.0,deg,2025-02-19 07:00:00,2025-02-19 07:00:00,14.2,74,4.7,0.0
17,14340714,wind_direction,259.0,deg,2025-02-19 07:15:00,2025-02-19 07:00:00,14.2,74,4.7,0.0
17,14340714,wind_direction,285.0,deg,2025-02-19 07:30:00,2025-02-19 07:00:00,14.2,74,4.7,0.0
17,14340714,wind_direction,275.0,deg,2025-02-19 07:45:00,2025-02-19 07:00:00,14.2,74,4.7,0.0
17,14340714,wind_direction,197.0,deg,2025-02-19 08:00:00,2025-02-19 08:00:00,15.9,67,5.4,0.0
17,14340714,wind_direction,221.0,deg,2025-02-19 08:15:00,2025-02-19 08:00:00,15.9,67,5.4,0.0
17,14340714,wind_direction,217.0,deg,2025-02-19 08:30:00,2025-02-19 08:00:00,15.9,67,5.4,0.0
17,14340714,wind_direction,205.0,deg,2025-02-19 08:45:00,2025-02-19 08:00:00,15.9,67,5.4,0.0
17,14340714,wind_direction,225.0,deg,2025-02-19 09:00:00,2025-02-19 09:00:00,19.0,54,3.4,0.0
17,14340714,wind_direction,203.0,deg,2025-02-19 09:15:00,2025-02-19 09:00:00,19.0,54,3.4,0.0
17,14340714,wind_direction,243.0,deg,2025-02-19 09:30:00,2025-02-19 09:00:00,19.0,54,3.4,0.0
17,14340714,wind_direction,194.0,deg,2025-02-19 09:45:00,2025-02-19 09:00:00,19.0,54,3.4,0.0
17,14340714,wind_direction,224.0,deg,2025-02-19 10:00:00,2025-02-19 10:00:00,22.0,43,4.0,0.0
17,14340714,wind_direction,229.0,deg,2025-02-19 10:15:00,2025-02-19 10:00:00,22.0,43,4.0,0.0
17,14340714,wind_direction,190.0,deg,2025-02-19 10:30:00,2025-02-19 10:00:00,22.0,43,4.0,0.0
17,14340714,wind_direction,235.0,deg,2025-02-19 10:45:00,2025-02-19 10:00:00,22.0,43,4.0,0.0
17,14340714,wind_direction,195.0,deg,2025-02-19 11:00:00,2025-02-19 11:00:00,24.4,34,5.4,0.0
17,14340714,wind_direction,221.0,deg,2025-02-19 11:15:00,2025-02-19 11:00:00,24.4,34,5.4,0.0
17,14340714,wind_direction,197.0,deg,2025-02-19 11:30:00,2025-02-19 11:00:00,24.4,34,5.4,0.0
17,14340714,wind_direction,199.0,deg,2025-02-19 11:45:00,2025-02-19 11:00:00,24.4,34,5.4,0.0
17,14340714,wind_direction,228.0,deg,2025-02-19 12:00:00,2025-02-19 12:00:00,26.0,27,6.3,0.0
17,14340714,wind_direction,214.0,deg,2025-02-19 12:15:00,2025-02-19 12:00:00,26.0,27,6.3,0.0
17,14340714,wind_direction,211.0,deg,2025-02-19 12:30:00,2025-02-19 12:00:00,26.0,27,6.3,0.0
17,14340714,wind_direction,218.0,deg,2025-02-19 12:45:00,2025-02-19 12:00:00,26.0,27,6.3,0.0
17,14340714,wind_direction,205.0,deg,2025-02-19 13:00:00,2025-02-19 13:00:00,27.0,23,6.7,0.0
17,14340714,wind_direction,194.0,deg,2025-02-19 13:15:00,2025-02-19 13:00:00,27.0,23,6.7,0.0
17,14340714,wind_direction,186.0,deg,2025-02-19 13:30:00,2025-02-19 13:00:00,27.0,23,6.7,0.0
17,14340714,wind_direction,251.0,deg,2025-02-19 13:45:00,2025-02-19 13:00:00,27.0,23,6.7,0.0
17,14340714,wind_direction,230.0,deg,2025-02-19 14:00:00,2025-02-19 14:00:00,27.6,22,7.3,0.0
17,14340714,wind_direction,242.0,deg,2025-02-19 14:15:00,2025-02-19 14:00:00,27.6,22,7.3,0.0
17,14340714,wind_direction,233.0,deg,2025-02-19 14:30:00,2025-02-19 14:00:00,27.6,22,7.3,0.0
17,14340714,wind_direction,184.0,deg,2025-02-19 14:45:00,2025-02-19 14:00:00,27.6,22,7.3,0.0
17,14340714,wind_direction,250.0,deg,2025-02-19 15:00:00,2025-02-19 15:00:00,27.5,24,9.0,0.0
17,14340714,wind_direction,228.0,deg,2025-02-19 15:15:00,2025-02-19 15:00:00,27.5,24,9.0,0.0
17,14340714,wind_direction,205.0,deg,2025-02-19 15:30:00,2025-02-19 15:00:00,27.5,24,9.0,0.0
17,14340714,wind_direction,243.0,deg,2025-02-19 15:45:00,2025-02-19 15:00:00,27.5,24,9.0,0.0
17,14340714,wind_direction,211.0,deg,2025-02-19 16:00:00,2025-02-19 16:00:00,26.9,26,9.3,0.0
17,14340714,wind_direction,208.0,deg,2025-02-19 16:15:00,2025-02-19 16:00:00,26.9,26,9.3,0.0
17,14340714,wind_direction,217.0,deg,2025-02-19 16:30:00,2025-02-19 16:00:00,26.9,26,9.3,0.0
17,14340714,wind_direction,249.0,deg,2025-02-19 16:45:00,2025-02-19 16:00:00,26.9,26,9.3,0.0
17,14340714,wind_direction,209.0,deg,2025-02-19 17:00:00,2025-02-19 17:00:00,25.9,29,7.9,0.0
17,14340714,wind_direction,201.0,deg,2025-02-19 17:15:00,2025-02-19 17:00:00,25.9,29,7.9,0.0
17,14340714,wind_direction,258.0,deg,2025-02-19 17:30:00,2025-02-19 17:00:00,25.9,29,7.9,0.0
17,14340714,wind_direction,252.0,deg,2025-02-19 17:45:00,2025-02-19 17:00:00,25.9,29,7.9,0.0
17,14340714,wind_direction,182.0,deg,2025-02-19 18:15:00,2025-02-19 18:00:00,25.1,33,5.3,0.0
17,14340714,wind_direction,190.0,deg,2025-02-19 18:30:00,2025-02-19 18:00:00,25.1,33,5.3,0.0
17,14340714,wind_direction,198.0,deg,2025-02-19 18:45:00,2025-02-19 18:00:00,25.1,33,5.3,0.0
17,14340714,wind_direction,195.0,deg,2025-02-19 19:00:00,2025-02-19 19:00:00,24.2,39,3.1,0.0
17,14340714,wind_direction,192.0,deg,2025-02-19 19:15:00,2025-02-19 19:00:00,24.2,39,3.1,0.0
17,14340714,wind_direction,200.0,deg,2025-02-19 19:30:00,2025-02-19 19:00:00,24.2,39,3.1,0.0
17,14340714,wind_direction,171.0,deg,2025-02-19 19:45:00,2025-02-19 19:00:00,24.2,39,3.1,0.0
17,14340714,wind_direction,190.0,deg,2025-02-19 20:00:00,2025-02-19 20:00:00,23.0,45,3.1,0.0
17,14340714,wind_direction,179.0,deg,2025-02-19 20:15:00,2025-02-19 20:00:00,23.0,45,3.1,0.0
17,14340714,wind_direction,164.0,deg,2025-02-19 20:30:00,2025-02-19 20:00:00,23.0,45,3.1,0.0
17,14340714,wind_direction,214.0,deg,2025-02-19 20:45:00,2025-02-19 20:00:00,23.0,45,3.1,0.0
17,14340714,wind_direction,185.0,deg,2025-02-19 21:00:00,2025-02-19 21:00:00,22.3,48,5.0,0.0
17,14340714,wind_direction,210.0,deg,2025-02-19 21:15:00,2025-02-19 21:00:00,22.3,48,5.0,0.0
17,14340714,wind_direction,193.0,deg,2025-02-19 21:30:00,2025-02-19 21:00:00,22.3,48,5.0,0.0
17,14340714,wind_direction,123.0,deg,2025-02-19 21:45:00,2025-02-19 21:00:00,22.3,48,5.0,0.0
17,14340714,wind_direction,219.0,deg,2025-02-19 22:00:00,2025-02-19 22:00:00,21.1,54,6.1,0.2
17,14340714,wind_direction,170.0,deg,2025-02-19 22:15:00,2025-02-19 22:00:00,21.1,54,6.1,0.2
17,14340714,wind_direction,224.0,deg,2025-02-19 22:30:00,2025-02-19 22:00:00,21.1,54,6.1,0.2
17,14340714,wind_direction,228.0,deg,2025-02-19 22:45:00,2025-02-19 22:00:00,21.1,54,6.1,0.2
17,14340714,wind_direction,223.0,deg,2025-02-19 23:00:00,2025-02-19 23:00:00,19.2,67,0.8,0.3
17,14340714,wind_direction,202.0,deg,2025-02-19 23:15:00,2025-02-19 23:00:00,19.2,67,0.8,0.3
17,14340714,wind_direction,236.0,deg,2025-02-19 23:30:00,2025-02-19 23:00:00,19.2,67,0.8,0.3
17,14340714,wind_direction,214.0,deg,2025-02-20 00:30:00,2025-02-20 00:00:00,19.1,67,7.4,0.0
17,14340714,wind_direction,153.0,deg,2025-02-20 00:45:00,2025-02-20 00:00:00,19.1,67,7.4,0.0
17,14340714,wind_direction,184.0,deg,2025-02-20 01:00:00,2025-02-20 01:00:00,17.7,73,1.8,0.4
17,14340714,wind_direction,234.0,deg,2025-02-20 01:15:00,2025-02-20 01:00:00,17.7,73,1.8,0.4
17,14340714,wind_direction,177.0,deg,2025-02-20 01:30:00,2025-02-20 01:00:00,17.7,73,1.8,0.4
17,14340714,wind_direction,186.0,deg,2025-02-20 01:45:00,2025-02-20 01:00:00,17.7,73,1.8,0.4
17,14340714,wind_direction,258.0,deg,2025-02-20 02:00:00,2025-02-20 02:00:00,17.4,74,8.2,0.0
17,14340714,wind_direction,171.0,deg,2025-02-20 02:15:00,2025-02-20 02:00:00,17.4,74,8.2,0.0
17,14340714,wind_direction,221.0,deg,2025-02-20 02:30:00,2025-02-20 02:00:00,17.4,74,8.2,0.0
17,14340714,wind_direction,146.0,deg,2025-02-20 02:45:00,2025-02-20 02:00:00,17.4,74,8.2,0.0
17,14340714,wind_direction,154.0,deg,2025-02-20 03:00:00,2025-02-20 03:00:00,16.4,81,11.6,0.5
17,14340714,wind_direction,101.0,deg,2025-02-20 03:15:00,2025-02-20 03:00:00,16.4,81,11.6,0.5
17,14340715,wind_speed,0.3,m/s,2025-02-19 01:30:00,2025-02-19 01:00:00,16.8,63,4.2,0.0
17,14340715,wind_speed,0.3,m/s,2025-02-19 01:45:00,2025-02-19 01:00:00,16.8,63,4.2,0.0
17,14340715,wind_speed,0.3,m/s,2025-02-19 02:00:00,2025-02-19 02:00:00,16.0,66,4.1,0.0
17,14340715,wind_speed,0.3,m/s,2025-02-19 02:15:00,2025-02-19 02:00:00,16.0,66,4.1,0.0
17,14340715,wind_speed,0.3,m/s,2025-02-19 02:30:00,2025-02-19 02:00:00,16.0,66,4.1,0.0
17,14340715,wind_speed,0.3,m/s,2025-02-19 02:45:00,2025-02-19 02:00:00,16.0,66,4.1,0.0
17,14340715,wind_speed,0.3,m/s,2025-02-19 03:00:00,2025-02-19 03:00:00,15.3,68,4.5,0.0
17,14340715,wind_speed,0.3,m/s,2025-02-19 03:15:00,2025-02-19 03:00:00,15.3,68,4.5,0.0
17,14340715,wind_speed,0.3,m/s,2025-02-19 03:30:00,2025-02-19 03:00:00,15.3,68,4.5,0.0
17,14340715,wind_speed,0.3,m/s,2025-02-19 03:45:00,2025-02-19 03:00:00,15.3,68,4.5,0.0
17,14340715,wind_speed,0.3,m/s,2025-02-19 04:00:00,2025-02-19 04:00:00,14.7,70,4.4,0.0
17,14340715,wind_speed,0.3,m/s,2025-02-19 04:15:00,2025-02-19 04:00:00,14.7,70,4.4,0.0
17,14340715,wind_speed,0.3,m/s,2025-02-19 04:30:00,2025-02-19 04:00:00,14.7,70,4.4,0.0
17,14340715,wind_speed,0.3,m/s,2025-02-19 04:45:00,2025-02-19 04:00:00,14.7,70,4.4,0.0
17,14340715,wind_speed,0.3,m/s,2025-02-19 05:00:00,2025-02-19 05:00:00,14.2,70,4.5,0.0
17,14340715,wind_speed,0.3,m/s,2025-02-19 05:15:00,2025-02-19 05:00:00,14.2,70,4.5,0.0
17,14340715,wind_speed,0.3,m/s,2025-02-19 05:30:00,2025-02-19 05:00:00,14.2,70,4.5,0.0
17,14340715,wind_speed,0.3,m/s,2025-02-19 05:45:00,2025-02-19 05:00:00,14.2,70,4.5,0.0
17,14340715,wind_speed,0.3,m/s,2025-02-19 06:00:00,2025-02-19 06:00:00,13.8,76,4.3,0.0
17,14340715,wind_speed,0.3,m/s,2025-02-19 06:15:00,2025-02-19 06:00:00,13.8,76,4.3,0.0
17,14340715,wind_speed,0.3,m/s,2025-02-19 06:30:00,2025-02-19 06:00:00,13.8,76,4.3,0.0
17,14340715,wind_speed,0.3,m/s,2025-02-19 06:45:00,2025-02-19 06:00:00,13.8,76,4.3,0.0
17,14340715,wind_speed,0.3,m/s,2025-02-19 07:00:00,2025-02-19 07:00:00,14.2,74,4.7,0.0
17,14340715,wind_speed,0.3,m/s,2025-02-19 07:15:00,2025-02-19 07:00:00,14.2,74,4.7,0.0
17,14340715,wind_speed,0.3,m/s,2025-02-19 07:30:00,2025-02-19 07:00:00,14.2,74,4.7,0.0
17,14340715,wind_speed,0.3,m/s,2025-02-19 07:45:00,2025-02-19 07:00:00,14.2,74,4.7,0.0
17,14340715,wind_speed,0.9,m/s,2025-02-19 08:00:00,2025-02-19 08:00:00,15.9,67,5.4,0.0
17,14340715,wind_speed,0.8,m/s,2025-02-19 08:15:00,2025-02-19 08:00:00,15.9,67,5.4,0.0
17,14340715,wind_speed,1.1,m/s,2025-02-19 08:30:00,2025-02-19 08:00:00,15.9,67,5.4,0.0
17,14340715,wind_speed,1.4,m/s,2025-02-19 08:45:00,2025-02-19 08:00:00,15.9,67,5.4,0.0
17,14340715,wind_speed,0.8,m/s,2025-02-19 09:00:00,2025-02-19 09:00:00,19.0,54,3.4,0.0
17,14340715,wind_speed,2.0,m/s,2025-02-19 09:15:00,2025-02-19 09:00:00,19.0,54,3.4,0.0
17,14340715,wind_speed,1.1,m/s,2025-02-19 09:30:00,2025-02-19 09:00:00,19.0,54,3.4,0.0
17,14340715,wind_speed,1.4,m/s,2025-02-19 09:45:00,2025-02-19 09:00:00,19.0,54,3.4,0.0
17,14340715,wind_speed,1.5,m/s,2025-02-19 10:00:00,2025-02-19 10:00:00,22.0,43,4.0,0.0
17,14340715,wind_speed,1.3,m/s,2025-02-19 10:15:00,2025-02-19 10:00:00,22.0,43,4.0,0.0
17,14340715,wind_speed,1.2,m/s,2025-02-19 10:30:00,2025-02-19 10:00:00,22.0,43,4.0,0.0
17,14340715,wind_speed,1.1,m/s,2025-02-19 10:45:00,2025-02-19 10:00:00,22.0,43,4.0,0.0
17,14340715,wind_speed,1.3,m/s,2025-02-19 11:00:00,2025-02-19 11:00:00,24.4,34,5.4,0.0
17,14340715,wind_speed,1.2,m/s,2025-02-19 11:15:00,2025-02-19 11:00:00,24.4,34,5.4,0.0
17,14340715,wind_speed,1.4,m/s,2025-02-19 11:30:00,2025-02-19 11:00:00,24.4,34,5.4,0.0
17,14340715,wind_speed,1.9,m/s,2025-02-19 11:45:00,2025-02-19 11:00:00,24.4,34,5.4,0.0
17,14340715,wind_speed,1.5,m/s,2025-02-19 12:00:00,2025-02-19 12:00:00,26.0,27,6.3,0.0
17,14340715,wind_speed,2.0,m/s,2025-02-19 12:15:00,2025-02-19 12:00:00,26.0,27,6.3,0.0
17,14340715,wind_speed,1.9,m/s,2025-02-19 12:30:00,2025-02-19 12:00:00,26.0,27,6.3,0.0
17,14340715,wind_speed,1.6,m/s,2025-02-19 12:45:00,2025-02-19 12:00:00,26.0,27,6.3,0.0
17,14340715,wind_speed,1.6,m/s,2025-02-19 13:00:00,2025-02-19 13:00:00,27.0,23,6.7,0.0
17,14340715,wind_speed,2.0,m/s,2025-02-19 13:15:00,2025-02-19 13:00:00,27.0,23,6.7,0.0
17,14340715,wind_speed,1.8,m/s,2025-02-19 13:30:00,2025-02-19 13:00:00,27.0,23,6.7,0.0
17,14340715,wind_speed,1.2,m/s,2025-02-19 13:45:00,2025-02-19 13:00:00,27.0,23,6.7,0.0
17,14340715,wind_speed,1.3,m/s,2025-02-19 14:00:00,2025-02-19 14:00:00,27.6,22,7.3,0.0
17,14340715,wind_speed,1.3,m/s,2025-02-19 14:15:00,2025-02-19 14:00:00,27.6,22,7.3,0.0
17,14340715,wind_speed,1.1,m/s,2025-02-19 14:30:00,2025-02-19 14:00:00,27.6,22,7.3,0.0
17,14340715,wind_speed,1.4,m/s,2025-02-19 14:45:00,2025-02-19 14:00:00,27.6,22,7.3,0.0
17,14340715,wind_speed,1.0,m/s,2025-02-19 15:00:00,2025-02-19 15:00:00,27.5,24,9.0,0.0
17,14340715,wind_speed,0.8,m/s,2025-02-19 15:15:00,2025-02-19 15:00:00,27.5,24,9.0,0.0
17,14340715,wind_speed,1.4,m/s,2025-02-19 15:30:00,2025-02-19 15:00:00,27.5,24,9.0,0.0
17,14340715,wind_speed,1.1,m/s,2025-02-19 15:45:00,2025-02-19 15:00:00,27.5,24,9.0,0.0
17,14340715,wind_speed,2.2,m/s,2025-02-19 16:00:00,2025-02-19 16:00:00,26.9,26,9.3,0.0
17,14340715,wind_speed,1.7,m/s,2025-02-19 16:15:00,2025-02-19 16:00:00,26.9,26,9.3,0.0
17,14340715,wind_speed,1.2,m/s,2025-02-19 16:30:00,2025-02-19 16:00:00,26.9,26,9.3,0.0
17,14340715,wind_speed,0.5,m/s,2025-02-19 16:45:00,2025-02-19 16:00:00,26.9,26,9.3,0.0
17,14340715,wind_speed,0.7,m/s,2025-02-19 17:00:00,2025-02-19 17:00:00,25.9,29,7.9,0.0
17,14340715,wind_speed,0.3,m/s,2025-02-19 17:15:00,2025-02-19 17:00:00,25.9,29,7.9,0.0
17,14340715,wind_speed,0.3,m/s,2025-02-19 17:30:00,2025-02-19 17:00:00,25.9,29,7.9,0.0
17,14340715,wind_speed,0.3,m/s,2025-02-19 17:45:00,2025-02-19 17:00:00,25.9,29,7.9,0.0
17,14340715,wind_speed,0.3,m/s,2025-02-19 18:15:00,2025-02-19 18:00:00,25.1,33,5.3,0.0
17,14340715,wind_speed,0.3,m/s,2025-02-19 18:30:00,2025-02-19 18:00:00,25.1,33,5.3,0.0
17,14340715,wind_speed,0.5,m/s,2025-02-19 18:45:00,2025-02-19 18:00:00,25.1,33,5.3,0.0
17,14340715,wind_speed,0.5,m/s,2025-02-19 19:00:00,2025-02-19 19:00:00,24.2,39,3.1,0.0
17,14340715,wind_speed,0.5,m/s,2025-02-19 19:15:00,2025-02-19 19:00:00,24.2,39,3.1,0.0
17,14340715,wind_speed,0.6,m/s,2025-02-19 19:30:00,2025-02-19 19:00:00,24.2,39,3.1,0.0
17,14340715,wind_speed,0.3,m/s,2025-02-19 19:45:00,2025-02-19 19:00:00,24.2,39,3.1,0.0
17,14340715,wind_speed,0.5,m/s,2025-02-19 20:00:00,2025-02-19 20:00:00,23.0,45,3.1,0.0
17,14340715,wind_speed,0.3,m/s,2025-02-19 20:15:00,2025-02-19 20:00:00,23.0,45,3.1,0.0
17,14340715,wind_speed,0.3,m/s,2025-02-19 20:30:00,2025-02-19 20:00:00,23.0,45,3.1,0.0
17,14340715,wind_speed,0.3,m/s,2025-02-19 20:45:00,2025-02-19 20:00:00,23.0,45,3.1,0.0
17,14340715,wind_speed,0.8,m/s,2025-02-19 21:00:00,2025-02-19 21:00:00,22.3,48,5.0,0.0
17,14340715,wind_speed,1.6,m/s,2025-02-19 21:15:00,2025-02-19 21:00:00,22.3,48,5.0,0.0
17,14340715,wind_speed,0.9,m/s,2025-02-19 21:30:00,2025-02-19 21:00:00,22.3,48,5.0,0.0
17,14340715,wind_speed,0.8,m/s,2025-02-19 21:45:00,2025-02-19 21:00:00,22.3,48,5.0,0.0
17,14340715,wind_speed,0.3,m/s,2025-02-19 22:00:00,2025-02-19 22:00:00,21.1,54,6.1,0.2
17,14340715,wind_speed,0.3,m/s,2025-02-19 22:15:00,2025-02-19 22:00:00,21.1,54,6.1,0.2
17,14340715,wind_speed,0.4,m/s,2025-02-19 22:30:00,2025-02-19 22:00:00,21.1,54,6.1,0.2
17,14340715,wind_speed,0.3,m/s,2025-02-19 22:45:00,2025-02-19 22:00:00,21.1,54,6.1,0.2
17,14340715,wind_speed,0.3,m/s,2025-02-19 23:00:00,2025-02-19 23:00:00,19.2,67,0.8,0.3
17,14340715,wind_speed,0.7,m/s,2025-02-19 23:15:00,2025-02-19 23:00:00,19.2,67,0.8,0.3
17,14340715,wind_speed,0.6,m/s,2025-02-19 23:30:00,2025-02-19 23:00:00,19.2,67,0.8,0.3
17,14340715,wind_speed,0.4,m/s,2025-02-20 00:30:00,2025-02-20 00:00:00,19.1,67,7.4,0.0
17,14340715,wind_speed,0.3,m/s,2025-02-20 00:45:00,2025-02-20 00:00:00,19.1,67,7.4,0.0
17,14340715,wind_speed,0.3,m/s,2025-02-20 01:00:00,2025-02-20 01:00:00,17.7,73,1.8,0.4
17,14340715,wind_speed,0.9,m/s,2025-02-20 01:15:00,2025-02-20 01:00:00,17.7,73,1.8,0.4
17,14340715,wind_speed,0.8,m/s,2025-02-20 01:30:00,2025-02-20 01:00:00,17.7,73,1.8,0.4
17,14340715,wind_speed,0.7,m/s,2025-02-20 01:45:00,2025-02-20 01:00:00,17.7,73,1.8,0.4
17,14340715,wind_speed,0.3,m/s,2025-02-20 02:00:00,2025-02-20 02:00:00,17.4,74,8.2,0.0
17,14340715,wind_speed,0.5,m/s,2025-02-20 02:15:00,2025-02-20 02:00:00,17.4,74,8.2,0.0
17,14340715,wind_speed,0.8,m/s,2025-02-20 02:30:00,2025-02-20 02:00:00,17.4,74,8.2,0.0
17,14340715,wind_speed,1.0,m/s,2025-02-20 02:45:00,2025-02-20 02:00:00,17.4,74,8.2,0.0
17,14340715,wind_speed,0.7,m/s,2025-02-20 03:00:00,2025-02-20 03:00:00,16.4,81,11.6,0.5
17,14340715,wind_speed,1.0,m/s,2025-02-20 03:15:00,2025-02-20 03:00:00,16.4,81,11.6,0.5
50,12234791,co,1.13,ppb,2025-02-19 01:30:00,2025-02-19 01:00:00,16.8,63,4.2,0.0
50,12234791,co,1.18,ppb,2025-02-19 01:45:00,2025-02-19 01:00:00,16.8,63,4.2,0.0
50,12234791,co,1.11,ppb,2025-02-19 02:30:00,2025-02-19 02:00:00,16.0,66,4.1,0.0
50,12234791,co,1.08,ppb,2025-02-19 02:45:00,2025-02-19 02:00:00,16.0,66,4.1,0.0
50,12234791,co,1.05,ppb,2025-02-19 03:00:00,2025-02-19 03:00:00,15.3,68,4.5,0.0
50,12234791,co,1.01,ppb,2025-02-19 03:15:00,2025-02-19 03:00:00,15.3,68,4.5,0.0
50,12234791,co,0.95,ppb,2025-02-19 03:30:00,2025-02-19 03:00:00,15.3,68,4.5,0.0
50,12234791,co,0.9,ppb,2025-02-19 03:45:00,2025-02-19 03:00:00,15.3,68,4.5,0.0
50,12234791,co,0.88,ppb,2025-02-19 04:00:00,2025-02-19 04:00:00,14.7,70,4.4,0.0
50,12234791,co,0.86,ppb,2025-02-19 04:15:00,2025-02-19 04:00:00,14.7,70,4.4,0.0
50,12234791,co,1.15,ppb,2025-02-19 04:30:00,2025-02-19 04:00:00,14.7,70,4.4,0.0
50,12234791,co,1.17,ppb,2025-02-19 04:45:00,2025-02-19 04:00:00,14.7,70,4.4,0.0
50,12234791,co,1.11,ppb,2025-02-19 05:00:00,2025-02-19 05:00:00,14.2,70,4.5,0.0
50,12234791,co,1.1,ppb,2025-02-19 05:15:00,2025-02-19 05:00:00,14.2,70,4.5,0.0
50,12234791,co,1.11,ppb,2025-02-19 05:30:00,2025-02-19 05:00:00,14.2,70,4.5,0.0
50,12234791,co,1.19,ppb,2025-02-19 05:45:00,2025-02-19 05:00:00,14.2,70,4.5,0.0
50,12234791,co,1.19,ppb,2025-02-19 06:00:00,2025-02-19 06:00:00,13.8,76,4.3,0.0
50,12234791,co,1.19,ppb,2025-02-19 06:15:00,2025-02-19 06:00:00,13.8,76,4.3,0.0
50,12234791,co,1.16,ppb,2025-02-19 06:30:00,2025-02-19 06:00:00,13.8,76,4.3,0.0
50,12234791,co,1.16,ppb,2025-02-19 06:45:00,2025-02-19 06:00:00,13.8,76,4.3,0.0
50,12234791,co,1.16,ppb,2025-02-19 07:00:00,2025-02-19 07:00:00,14.2,74,4.7,0.0
50,12234791,co,1.19,ppb,2025-02-19 07:15:00,2025-02-19 07:00:00,14.2,74,4.7,0.0
50,12234791,co,1.23,ppb,2025-02-19 07:30:00,2025-02-19 07:00:00,14.2,74,4.7,0.0
50,12234791,co,1.25,ppb,2025-02-19 07:45:00,2025-02-19 07:00:00,14.2,74,4.7,0.0
50,12234791,co,1.35,ppb,2025-02-19 08:00:00,2025-02-19 08:00:00,15.9,67,5.4,0.0
50,12234791,co,1.32,ppb,2025-02-19 08:15:00,2025-02-19 08:00:00,15.9,67,5.4,0.0
50,12234791,co,1.32,ppb,2025-02-19 08:30:00,2025-02-19 08:00:00,15.9,67,5.4,0.0
50,12234791,co,1.34,ppb,2025-02-19 08:45:00,2025-02-19 08:00:00,15.9,67,5.4,0.0
50,12234791,co,1.36,ppb,2025-02-19 09:00:00,2025-02-19 09:00:00,19.0,54,3.4,0.0
50,12234791,co,1.31,ppb,2025-02-19 09:15:00,2025-02-19 09:00:00,19.0,54,3.4,0.0
50,12234791,co,1.31,ppb,2025-02-19 09:30:00,2025-02-19 09:00:00,19.0,54,3.4,0.0
50,12234791,co,1.31,ppb,2025-02-19 09:45:00,2025-02-19 09:00:00,19.0,54,3.4,0.0
50,12234791,co,1.23,ppb,2025-02-19 10:00:00,2025-02-19 10:00:00,22.0,43,4.0,0.0
50,12234791,co,1.2,ppb,2025-02-19 10:15:00,2025-02-19 10:00:00,22.0,43,4.0,0.0
50,12234791,co,1.19,ppb,2025-02-19 10:30:00,2025-02-19 10:00:00,22.0,43,4.0,0.0
50,12234791,co,1.17,ppb,2025-02-19 10:45:00,2025-02-19 10:00:00,22.0,43,4.0,0.0
50,12234791,co,1.12,ppb,2025-02-19 11:00:00,2025-02-19 11:00:00,24.4,34,5.4,0.0
50,12234791,co,1.09,ppb,2025-02-19 11:15:00,2025-02-19 11:00:00,24.4,34,5.4,0.0
50,12234791,co,1.09,ppb,2025-02-19 11:30:00,2025-02-19 11:00:00,24.4,34,5.4,0.0
50,12234791,co,1.08,ppb,2025-02-19 11:45:00,2025-02-19 11:00:00,24.4,34,5.4,0.0
50,12234791,co,1.04,ppb,2025-02-19 12:00:00,2025-02-19 12:00:00,26.0,27,6.3,0.0
50,12234791,co,1.01,ppb,2025-02-19 12:15:00,2025-02-19 12:00:00,26.0,27,6.3,0.0
50,12234791,co,1.03,ppb,2025-02-19 12:30:00,2025-02-19 12:00:00,26.0,27,6.3,0.0
50,12234791,co,0.98,ppb,2025-02-19 12:45:00,2025-02-19 12:00:00,26.0,27,6.3,0.0
50,12234791,co,1.01,ppb,2025-02-19 13:00:00,2025-02-19 13:00:00,27.0,23,6.7,0.0
50,12234791,co,0.95,ppb,2025-02-19 13:15:00,2025-02-19 13:00:00,27.0,23,6.7,0.0
50,12234791,co,0.94,ppb,2025-02-19 13:30:00,2025-02-19 13:00:00,27.0,23,6.7,0.0
50,12234791,co,1.02,ppb,2025-02-19 13:45:00,2025-02-19 13:00:00,27.0,23,6.7,0.0
50,12234791,co,0.98,ppb,2025-02-19 14:00:00,2025-02-19 14:00:00,27.6,22,7.3,0.0
50,12234791,co,0.94,ppb,2025-02-19 14:15:00,2025-02-19 14:00:00,27.6,22,7.3,0.0
50,12234791,co,0.89,ppb,2025-02-19 14:30:00,2025-02-19 14:00:00,27.6,22,7.3,0.0
50,12234791,co,0.88,ppb,2025-02-19 14:45:00,2025-02-19 14:00:00,27.6,22,7.3,0.0
50,12234791,co,0.88,ppb,2025-02-19 15:00:00,2025-02-19 15:00:00,27.5,24,9.0,0.0
50,12234791,co,0.89,ppb,2025-02-19 15:15:00,2025-02-19 15:00:00,27.5,24,9.0,0.0
50,12234791,co,0.85,ppb,2025-02-19 15:30:00,2025-02-19 15:00:00,27.5,24,9.0,0.0
50,12234791,co,0.86,ppb,2025-02-19 15:45:00,2025-02-19 15:00:00,27.5,24,9.0,0.0
50,12234791,co,0.93,ppb,2025-02-19 16:00:00,2025-02-19 16:00:00,26.9,26,9.3,0.0
50,12234791,co,0.94,ppb,2025-02-19 16:15:00,2025-02-19 16:00:00,26.9,26,9.3,0.0
50,12234791,co,0.93,ppb,2025-02-19 16:30:00,2025-02-19 16:00:00,26.9,26,9.3,0.0
50,12234791,co,0.95,ppb,2025-02-19 16:45:00,2025-02-19 16:00:00,26.9,26,9.3,0.0
50,12234791,co,0.98,ppb,2025-02-19 17:00:00,2025-02-19 17:00:00,25.9,29,7.9,0.0
50,12234791,co,1.01,ppb,2025-02-19 17:15:00,2025-02-19 17:00:00,25.9,29,7.9,0.0
50,12234791,co,1.01,ppb,2025-02-19 17:30:00,2025-02-19 17:00:00,25.9,29,7.9,0.0
50,12234791,co,1.01,ppb,2025-02-19 17:45:00,2025-02-19 17:00:00,25.9,29,7.9,0.0
50,12234791,co,1.09,ppb,2025-02-19 18:00:00,2025-02-19 18:00:00,25.1,33,5.3,0.0
50,12234791,co,1.16,ppb,2025-02-19 18:15:00,2025-02-19 18:00:00,25.1,33,5.3,0.0
50,12234791,co,1.25,ppb,2025-02-19 18:30:00,2025-02-19 18:00:00,25.1,33,5.3,0.0
50,12234791,co,1.31,ppb,2025-02-19 18:45:00,2025-02-19 18:00:00,25.1,33,5.3,0.0
50,12234791,co,1.42,ppb,2025-02-19 19:00:00,2025-02-19 19:00:00,24.2,39,3.1,0.0
50,12234791,co,1.55,ppb,2025-02-19 19:15:00,2025-02-19 19:00:00,24.2,39,3.1,0.0
50,12234791,co,1.63,ppb,2025-02-19 19:30:00,2025-02-19 19:00:00,24.2,39,3.1,0.0
50,12234791,co,1.58,ppb,2025-02-19 19:45:00,2025-02-19 19:00:00,24.2,39,3.1,0.0
50,12234791,co,1.6,ppb,2025-02-19 20:00:00,2025-02-19 20:00:00,23.0,45,3.1,0.0
50,12234791,co,1.61,ppb,2025-02-19 20:15:00,2025-02-19 20:00:00,23.0,45,3.1,0.0
50,12234791,co,1.69,ppb,2025-02-19 20:30:00,2025-02-19 20:00:00,23.0,45,3.1,0.0
50,12234791,co,1.71,ppb,2025-02-19 20:45:00,2025-02-19 20:00:00,23.0,45,3.1,0.0
50,12234791,co,1.76,ppb,2025-02-19 21:00:00,2025-02-19 21:00:00,22.3,48,5.0,0.0
50,12234791,co,1.63,ppb,2025-02-19 21:15:00,2025-02-19 21:00:00,22.3,48,5.0,0.0
50,12234791,co,1.4,ppb,2025-02-19 21:30:00,2025-02-19 21:00:00,22.3,48,5.0,0.0
50,12234791,co,1.4,ppb,2025-02-19 21:45:00,2025-02-19 21:00:00,22.3,48,5.0,0.0
50,12234791,co,1.32,ppb,2025-02-19 22:00:00,2025-02-19 22:00:00,21.1,54,6.1,0.2
50,12234791,co,1.43,ppb,2025-02-19 22:15:00,2025-02-19 22:00:00,21.1,54,6.1,0.2
50,12234791,co,1.43,ppb,2025-02-19 22:30:00,2025-02-19 22:00:00,21.1,54,6.1,0.2
50,12234791,co,1.35,ppb,2025-02-19 22:45:00,2025-02-19 22:00:00,21.1,54,6.1,0.2
50,12234791,co,1.31,ppb,2025-02-19 23:00:00,2025-02-19 23:00:00,19.2,67,0.8,0.3
50,12234791,co,1.15,ppb,2025-02-19 23:15:00,2025-02-19 23:00:00,19.2,67,0.8,0.3
50,12234791,co,1.24,ppb,2025-02-19 23:30:00,2025-02-19 23:00:00,19.2,67,0.8,0.3
50,12234791,co,1.17,ppb,2025-02-20 00:30:00,2025-02-20 00:00:00,19.1,67,7.4,0.0
50,12234791,co,1.24,ppb,2025-02-20 00:45:00,2025-02-20 00:00:00,19.1,67,7.4,0.0
50,12234791,co,1.23,ppb,2025-02-20 01:00:00,2025-02-20 01:00:00,17.7,73,1.8,0.4
50,12234791,co,1.25,ppb,2025-02-20 01:15:00,2025-02-20 01:00:00,17.7,73,1.8,0.4
50,12234791,co,1.04,ppb,2025-02-20 01:30:00,2025-02-20 01:00:00,17.7,73,1.8,0.4
50,12234791,co,1.02,ppb,2025-02-20 01:45:00,2025-02-20 01:00:00,17.7,73,1.8,0.4
50,12234791,co,1.15,ppb,2025-02-20 02:45:00,2025-02-20 02:00:00,17.4,74,8.2,0.0
50,12234791,co,1.15,ppb,2025-02-20 03:00:00,2025-02-20 03:00:00,16.4,81,11.6,0.5
50,12234791,co,1.13,ppb,2025-02-20 03:15:00,2025-02-20 03:00:00,16.4,81,11.6,0.5
50,12234791,co,1.19,ppb,2025-02-20 03:30:00,2025-02-20 03:00:00,16.4,81,11.6,0.5
50,12234791,co,1.18,ppb,2025-02-20 03:45:00,2025-02-20 03:00:00,16.4,81,11.6,0.5
50,12234791,co,1.19,ppb,2025-02-20 04:00:00,2025-02-20 04:00:00,15.7,88,12.9,2.0
50,12234791,co,1.2,ppb,2025-02-20 04:15:00,2025-02-20 04:00:00,15.7,88,12.9,2.0
50,12234792,no,33.1,ppb,2025-02-19 01:30:00,2025-02-19 01:00:00,16.8,63,4.2,0.0
50,12234792,no,30.0,ppb,2025-02-19 01:45:00,2025-02-19 01:00:00,16.8,63,4.2,0.0
50,12234792,no,23.8,ppb,2025-02-19 02:45:00,2025-02-19 02:00:00,16.0,66,4.1,0.0
50,12234792,no,21.4,ppb,2025-02-19 03:00:00,2025-02-19 03:00:00,15.3,68,4.5,0.0
50,12234792,no,20.5,ppb,2025-02-19 03:15:00,2025-02-19 03:00:00,15.3,68,4.5,0.0
50,12234792,no,19.0,ppb,2025-02-19 03:30:00,2025-02-19 03:00:00,15.3,68,4.5,0.0
50,12234792,no,15.5,ppb,2025-02-19 03:45:00,2025-02-19 03:00:00,15.3,68,4.5,0.0
50,12234792,no,12.8,ppb,2025-02-19 04:00:00,2025-02-19 04:00:00,14.7,70,4.4,0.0
50,12234792,no,10.8,ppb,2025-02-19 04:15:00,2025-02-19 04:00:00,14.7,70,4.4,0.0
50,12234792,no,13.5,ppb,2025-02-19 04:30:00,2025-02-19 04:00:00,14.7,70,4.4,0.0
50,12234792,no,19.9,ppb,2025-02-19 04:45:00,2025-02-19 04:00:00,14.7,70,4.4,0.0
50,12234792,no,16.7,ppb,2025-02-19 05:00:00,2025-02-19 05:00:00,14.2,70,4.5,0.0
50,12234792,no,10.2,ppb,2025-02-19 05:15:00,2025-02-19 05:00:00,14.2,70,4.5,0.0
50,12234792,no,10.2,ppb,2025-02-19 05:30:00,2025-02-19 05:00:00,14.2,70,4.5,0.0
50,12234792,no,19.5,ppb,2025-02-19 05:45:00,2025-02-19 05:00:00,14.2,70,4.5,0.0
50,12234792,no,24.5,ppb,2025-02-19 06:00:00,2025-02-19 06:00:00,13.8,76,4.3,0.0
50,12234792,no,23.6,ppb,2025-02-19 06:15:00,2025-02-19 06:00:00,13.8,76,4.3,0.0
50,12234792,no,22.7,ppb,2025-02-19 06:30:00,2025-02-19 06:00:00,13.8,76,4.3,0.0
50,12234792,no,23.1,ppb,2025-02-19 06:45:00,2025-02-19 06:00:00,13.8,76,4.3,0.0
50,12234792,no,21.0,ppb,2025-02-19 07:00:00,2025-02-19 07:00:00,14.2,74,4.7,0.0
50,12234792,no,20.2,ppb,2025-02-19 07:15:00,2025-02-19 07:00:00,14.2,74,4.7,0.0
50,12234792,no,17.2,ppb,2025-02-19 07:30:00,2025-02-19 07:00:00,14.2,74,4.7,0.0
50,12234792,no,15.6,ppb,2025-02-19 07:45:00,2025-02-19 07:00:00,14.2,74,4.7,0.0
50,12234792,no,14.7,ppb,2025-02-19 08:00:00,2025-02-19 08:00:00,15.9,67,5.4,0.0
50,12234792,no,14.1,ppb,2025-02-19 08:15:00,2025-02-19 08:00:00,15.9,67,5.4,0.0
50,12234792,no,11.7,ppb,2025-02-19 08:30:00,2025-02-19 08:00:00,15.9,67,5.4,0.0
50,12234792,no,9.3,ppb,2025-02-19 08:45:00,2025-02-19 08:00:00,15.9,67,5.4,0.0
50,12234792,no,9.5,ppb,2025-02-19 09:00:00,2025-02-19 09:00:00,19.0,54,3.4,0.0
50,12234792,no,9.2,ppb,2025-02-19 09:15:00,2025-02-19 09:00:00,19.0,54,3.4,0.0
50,12234792,no,6.3,ppb,2025-02-19 09:30:00,2025-02-19 09:00:00,19.0,54,3.4,0.0
50,12234792,no,5.0,ppb,2025-02-19 09:45:00,2025-02-19 09:00:00,19.0,54,3.4,0.0
50,12234792,no,5.8,ppb,2025-02-19 10:00:00,2025-02-19 10:00:00,22.0,43,4.0,0.0
50,12234792,no,3.9,ppb,2025-02-19 10:15:00,2025-02-19 10:00:00,22.0,43,4.0,0.0
50,12234792,no,3.9,ppb,2025-02-19 10:30:00,2025-02-19 10:00:00,22.0,43,4.0,0.0
50,12234792,no,2.1,ppb,2025-02-19 10:45:00,2025-02-19 10:00:00,22.0,43,4.0,0.0
50,12234792,no,2.1,ppb,2025-02-19 11:00:00,2025-02-19 11:00:00,24.4,34,5.4,0.0
50,12234792,no,0.8,ppb,2025-02-19 11:15:00,2025-02-19 11:00:00,24.4,34,5.4,0.0
50,12234792,no,0.8,ppb,2025-02-19 11:30:00,2025-02-19 11:00:00,24.4,34,5.4,0.0
50,12234792,no,1.5,ppb,2025-02-19 11:45:00,2025-02-19 11:00:00,24.4,34,5.4,0.0
50,12234792,no,1.2,ppb,2025-02-19 12:00:00,2025-02-19 12:00:00,26.0,27,6.3,0.0
50,12234792,no,1.5,ppb,2025-02-19 12:15:00,2025-02-19 12:00:00,26.0,27,6.3,0.0
50,12234792,no,1.0,ppb,2025-02-19 12:30:00,2025-02-19 12:00:00,26.0,27,6.3,0.0
50,12234792,no,0.8,ppb,2025-02-19 12:45:00,2025-02-19 12:00:00,26.0,27,6.3,0.0
50,12234792,no,1.0,ppb,2025-02-19 13:00:00,2025-02-19 13:00:00,27.0,23,6.7,0.0
50,12234792,no,1.2,ppb,2025-02-19 13:15:00,2025-02-19 13:00:00,27.0,23,6.7,0.0
50,12234792,no,0.3,ppb,2025-02-19 13:30:00,2025-02-19 13:00:00,27.0,23,6.7,0.0
50,12234792,no,1.1,ppb,2025-02-19 13:45:00,2025-02-19 13:00:00,27.0,23,6.7,0.0
50,12234792,no,1.1,ppb,2025-02-19 14:00:00,2025-02-19 14:00:00,27.6,22,7.3,0.0
50,12234792,no,0.3,ppb,2025-02-19 14:15:00,2025-02-19 14:00:00,27.6,22,7.3,0.0
50,12234792,no,0.8,ppb,2025-02-19 14:30:00,2025-02-19 14:00:00,27.6,22,7.3,0.0
50,12234792,no,1.0,ppb,2025-02-19 14:45:00,2025-02-19 14:00:00,27.6,22,7.3,0.0
50,12234792,no,0.5,ppb,2025-02-19 15:00:00,2025-02-19 15:00:00,27.5,24,9.0,0.0
50,12234792,no,0.9,ppb,2025-02-19 15:30:00,2025-02-19 15:00:00,27.5,24,9.0,0.0
50,12234792,no,0.2,ppb,2025-02-19 16:00:00,2025-02-19 16:00:00,26.9,26,9.3,0.0
50,12234792,no,1.4,ppb,2025-02-19 16:15:00,2025-02-19 16:00:00,26.9,26,9.3,0.0
50,12234792,no,0.4,ppb,2025-02-19 16:30:00,2025-02-19 16:00:00,26.9,26,9.3,0.0
50,12234792,no,1.1,ppb,2025-02-19 16:45:00,2025-02-19 16:00:00,26.9,26,9.3,0.0
50,12234792,no,1.5,ppb,2025-02-19 17:00:00,2025-02-19 17:00:00,25.9,29,7.9,0.0
50,12234792,no,2.0,ppb,2025-02-19 17:15:00,2025-02-19 17:00:00,25.9,29,7.9,0.0
50,12234792,no,2.1,ppb,2025-02-19 17:30:00,2025-02-19 17:00:00,25.9,29,7.9,0.0
50,12234792,no,0.1,ppb,2025-02-19 17:45:00,2025-02-19 17:00:00,25.9,29,7.9,0.0
50,12234792,no,1.1,ppb,2025-02-19 18:00:00,2025-02-19 18:00:00,25.1,33,5.3,0.0
50,12234792,no,3.0,ppb,2025-02-19 18:15:00,2025-02-19 18:00:00,25.1,33,5.3,0.0
50,12234792,no,4.0,ppb,2025-02-19 18:30:00,2025-02-19 18:00:00,25.1,33,5.3,0.0
50,12234792,no,7.5,ppb,2025-02-19 18:45:00,2025-02-19 18:00:00,25.1,33,5.3,0.0
50,12234792,no,14.4,ppb,2025-02-19 19:00:00,2025-02-19 19:00:00,24.2,39,3.1,0.0
50,12234792,no,22.2,ppb,2025-02-19 19:15:00,2025-02-19 19:00:00,24.2,39,3.1,0.0
50,12234792,no,22.8,ppb,2025-02-19 19:30:00,2025-02-19 19:00:00,24.2,39,3.1,0.0
50,12234792,no,20.2,ppb,2025-02-19 19:45:00,2025-02-19 19:00:00,24.2,39,3.1,0.0
50,12234792,no,14.2,ppb,2025-02-19 20:00:00,2025-02-19 20:00:00,23.0,45,3.1,0.0
50,12234792,no,12.5,ppb,2025-02-19 20:15:00,2025-02-19 20:00:00,23.0,45,3.1,0.0
50,12234792,no,12.3,ppb,2025-02-19 20:30:00,2025-02-19 20:00:00,23.0,45,3.1,0.0
50,12234792,no,11.9,ppb,2025-02-19 20:45:00,2025-02-19 20:00:00,23.0,45,3.1,0.0
50,12234792,no,14.0,ppb,2025-02-19 21:00:00,2025-02-19 21:00:00,22.3,48,5.0,0.0
50,12234792,no,14.7,ppb,2025-02-19 21:15:00,2025-02-19 21:00:00,22.3,48,5.0,0.0
50,12234792,no,7.2,ppb,2025-02-19 21:30:00,2025-02-19 21:00:00,22.3,48,5.0,0.0
50,12234792,no,4.1,ppb,2025-02-19 21:45:00,2025-02-19 21:00:00,22.3,48,5.0,0.0
50,12234792,no,3.7,ppb,2025-02-19 22:00:00,2025-02-19 22:00:00,21.1,54,6.1,0.2
50,12234792,no,3.0,ppb,2025-02-19 22:15:00,2025-02-19 22:00:00,21.1,54,6.1,0.2
50,12234792,no,4.9,ppb,2025-02-19 22:30:00,2025-02-19 22:00:00,21.1,54,6.1,0.2
50,12234792,no,3.8,ppb,2025-02-19 22:45:00,2025-02-19 22:00:00,21.1,54,6.1,0.2
50,12234792,no,3.0,ppb,2025-02-19 23:00:00,2025-02-19 23:00:00,19.2,67,0.8,0.3
50,12234792,no,2.7,ppb,2025-02-19 23:15:00,2025-02-19 23:00:00,19.2,67,0.8,0.3
50,12234792,no,2.9,ppb,2025-02-19 23:30:00,2025-02-19 23:00:00,19.2,67,0.8,0.3
50,12234792,no,9.9,ppb,2025-02-20 00:30:00,2025-02-20 00:00:00,19.1,67,7.4,0.0
50,12234792,no,15.3,ppb,2025-02-20 00:45:00,2025-02-20 00:00:00,19.1,67,7.4,0.0
50,12234792,no,16.9,ppb,2025-02-20 01:00:00,2025-02-20 01:00:00,17.7,73,1.8,0.4
50,12234792,no,21.9,ppb,2025-02-20 01:15:00,2025-02-20 01:00:00,17.7,73,1.8,0.4
50,12234792,no,15.6,ppb,2025-02-20 01:30:00,2025-02-20 01:00:00,17.7,73,1.8,0.4
50,12234792,no,10.6,ppb,2025-02-20 01:45:00,2025-02-20 01:00:00,17.7,73,1.8,0.4
50,12234792,no,7.0,ppb,2025-02-20 02:45:00,2025-02-20 02:00:00,17.4,74,8.2,0.0
50,12234792,no,7.2,ppb,2025-02-20 03:00:00,2025-02-20 03:00:00,16.4,81,11.6,0.5
50,12234792,no,7.4,ppb,2025-02-20 03:15:00,2025-02-20 03:00:00,16.4,81,11.6,0.5
50,12234792,no,8.6,ppb,2025-02-20 03:30:00,2025-02-20 03:00:00,16.4,81,11.6,0.5
50,12234792,no,13.6,ppb,2025-02-20 03:45:00,2025-02-20 03:00:00,16.4,81,11.6,0.5
50,12234792,no,17.7,ppb,2025-02-20 04:00:00,2025-02-20 04:00:00,15.7,88,12.9,2.0
50,12234792,no,23.2,ppb,2025-02-20 04:15:00,2025-02-20 04:00:00,15.7,88,12.9,2.0
50,12234792,no,23.5,ppb,2025-02-20 04:30:00,2025-02-20 04:00:00,15.7,88,12.9,2.0
50,12234792,no,24.0,ppb,2025-02-20 04:45:00,2025-02-20 04:00:00,15.7,88,12.9,2.0
50,12234792,no,25.6,ppb,2025-02-20 05:00:00,2025-02-20 05:00:00,15.1,86,11.0,0.3
50,12234793,no2,41.1,ppb,2025-02-19 01:30:00,2025-02-19 01:00:00,16.8,63,4.2,0.0
50,12234793,no2,39.9,ppb,2025-02-19 01:45:00,2025-02-19 01:00:00,16.8,63,4.2,0.0
50,12234793,no2,38.6,ppb,2025-02-19 02:45:00,2025-02-19 02:00:00,16.0,66,4.1,0.0
50,12234793,no2,39.0,ppb,2025-02-19 03:00:00,2025-02-19 03:00:00,15.3,68,4.5,0.0
50,12234793,no2,38.7,ppb,2025-02-19 03:15:00,2025-02-19 03:00:00,15.3,68,4.5,0.0
50,12234793,no2,37.7,ppb,2025-02-19 03:30:00,2025-02-19 03:00:00,15.3,68,4.5,0.0
50,12234793,no2,39.6,ppb,2025-02-19 03:45:00,2025-02-19 03:00:00,15.3,68,4.5,0.0
50,12234793,no2,40.1,ppb,2025-02-19 04:00:00,2025-02-19 04:00:00,14.7,70,4.4,0.0
50,12234793,no2,39.2,ppb,2025-02-19 04:15:00,2025-02-19 04:00:00,14.7,70,4.4,0.0
50,12234793,no2,36.5,ppb,2025-02-19 04:30:00,2025-02-19 04:00:00,14.7,70,4.4,0.0
50,12234793,no2,34.1,ppb,2025-02-19 04:45:00,2025-02-19 04:00:00,14.7,70,4.4,0.0
50,12234793,no2,37.5,ppb,2025-02-19 05:00:00,2025-02-19 05:00:00,14.2,70,4.5,0.0
50,12234793,no2,35.8,ppb,2025-02-19 05:15:00,2025-02-19 05:00:00,14.2,70,4.5,0.0
50,12234793,no2,33.7,ppb,2025-02-19 05:30:00,2025-02-19 05:00:00,14.2,70,4.5,0.0
50,12234793,no2,33.7,ppb,2025-02-19 05:45:00,2025-02-19 05:00:00,14.2,70,4.5,0.0
50,12234793,no2,36.7,ppb,2025-02-19 06:00:00,2025-02-19 06:00:00,13.8,76,4.3,0.0
50,12234793,no2,38.5,ppb,2025-02-19 06:15:00,2025-02-19 06:00:00,13.8,76,4.3,0.0
50,12234793,no2,40.4,ppb,2025-02-19 06:30:00,2025-02-19 06:00:00,13.8,76,4.3,0.0
50,12234793,no2,41.5,ppb,2025-02-19 06:45:00,2025-02-19 06:00:00,13.8,76,4.3,0.0
50,12234793,no2,42.2,ppb,2025-02-19 07:00:00,2025-02-19 07:00:00,14.2,74,4.7,0.0
50,12234793,no2,42.9,ppb,2025-02-19 07:15:00,2025-02-19 07:00:00,14.2,74,4.7,0.0
50,12234793,no2,44.6,ppb,2025-02-19 07:30:00,2025-02-19 07:00:00,14.2,74,4.7,0.0
50,12234793,no2,44.2,ppb,2025-02-19 07:45:00,2025-02-19 07:00:00,14.2,74,4.7,0.0
50,12234793,no2,44.7,ppb,2025-02-19 08:00:00,2025-02-19 08:00:00,15.9,67,5.4,0.0
50,12234793,no2,45.7,ppb,2025-02-19 08:15:00,2025-02-19 08:00:00,15.9,67,5.4,0.0
50,12234793,no2,46.8,ppb,2025-02-19 08:30:00,2025-02-19 08:00:00,15.9,67,5.4,0.0
50,12234793,no2,48.1,ppb,2025-02-19 08:45:00,2025-02-19 08:00:00,15.9,67,5.4,0.0
50,12234793,no2,49.8,ppb,2025-02-19 09:00:00,2025-02-19 09:00:00,19.0,54,3.4,0.0
50,12234793,no2,48.7,ppb,2025-02-19 09:15:00,2025-02-19 09:00:00,19.0,54,3.4,0.0
50,12234793,no2,48.5,ppb,2025-02-19 09:30:00,2025-02-19 09:00:00,19.0,54,3.4,0.0
50,12234793,no2,48.2,ppb,2025-02-19 09:45:00,2025-02-19 09:00:00,19.0,54,3.4,0.0
50,12234793,no2,46.2,ppb,2025-02-19 10:00:00,2025-02-19 10:00:00,22.0,43,4.0,0.0
50,12234793,no2,45.5,ppb,2025-02-19 10:15:00,2025-02-19 10:00:00,22.0,43,4.0,0.0
50,12234793,no2,43.0,ppb,2025-02-19 10:30:00,2025-02-19 10:00:00,22.0,43,4.0,0.0
50,12234793,no2,42.9,ppb,2025-02-19 10:45:00,2025-02-19 10:00:00,22.0,43,4.0,0.0
50,12234793,no2,40.7,ppb,2025-02-19 11:00:00,2025-02-19 11:00:00,24.4,34,5.4,0.0
50,12234793,no2,38.0,ppb,2025-02-19 11:15:00,2025-02-19 11:00:00,24.4,34,5.4,0.0
50,12234793,no2,36.2,ppb,2025-02-19 11:30:00,2025-02-19 11:00:00,24.4,34,5.4,0.0
50,12234793,no2,34.6,ppb,2025-02-19 11:45:00,2025-02-19 11:00:00,24.4,34,5.4,0.0
50,12234793,no2,33.8,ppb,2025-02-19 12:00:00,2025-02-19 12:00:00,26.0,27,6.3,0.0
50,12234793,no2,30.3,ppb,2025-02-19 12:15:00,2025-02-19 12:00:00,26.0,27,6.3,0.0
50,12234793,no2,28.7,ppb,2025-02-19 12:30:00,2025-02-19 12:00:00,26.0,27,6.3,0.0
50,12234793,no2,27.0,ppb,2025-02-19 12:45:00,2025-02-19 12:00:00,26.0,27,6.3,0.0
50,12234793,no2,26.4,ppb,2025-02-19 13:00:00,2025-02-19 13:00:00,27.0,23,6.7,0.0
50,12234793,no2,25.4,ppb,2025-02-19 13:15:00,2025-02-19 13:00:00,27.0,23,6.7,0.0
50,12234793,no2,24.0,ppb,2025-02-19 13:30:00,2025-02-19 13:00:00,27.0,23,6.7,0.0
50,12234793,no2,22.4,ppb,2025-02-19 13:45:00,2025-02-19 13:00:00,27.0,23,6.7,0.0
50,12234793,no2,23.4,ppb,2025-02-19 14:00:00,2025-02-19 14:00:00,27.6,22,7.3,0.0
50,12234793,no2,22.7,ppb,2025-02-19 14:15:00,2025-02-19 14:00:00,27.6,22,7.3,0.0
50,12234793,no2,21.1,ppb,2025-02-19 14:30:00,2025-02-19 14:00:00,27.6,22,7.3,0.0
50,12234793,no2,19.3,ppb,2025-02-19 14:45:00,2025-02-19 14:00:00,27.6,22,7.3,0.0
50,12234793,no2,18.5,ppb,2025-02-19 15:00:00,2025-02-19 15:00:00,27.5,24,9.0,0.0
50,12234793,no2,22.8,ppb,2025-02-19 15:15:00,2025-02-19 15:00:00,27.5,24,9.0,0.0
50,12234793,no2,19.6,ppb,2025-02-19 15:30:00,2025-02-19 15:00:00,27.5,24,9.0,0.0
50,12234793,no2,18.3,ppb,2025-02-19 15:45:00,2025-02-19 15:00:00,27.5,24,9.0,0.0
50,12234793,no2,20.2,ppb,2025-02-19 16:00:00,2025-02-19 16:00:00,26.9,26,9.3,0.0
50,12234793,no2,25.0,ppb,2025-02-19 16:15:00,2025-02-19 16:00:00,26.9,26,9.3,0.0
50,12234793,no2,26.5,ppb,2025-02-19 16:30:00,2025-02-19 16:00:00,26.9,26,9.3,0.0
50,12234793,no2,27.5,ppb,2025-02-19 16:45:00,2025-02-19 16:00:00,26.9,26,9.3,0.0
50,12234793,no2,33.8,ppb,2025-02-19 17:00:00,2025-02-19 17:00:00,25.9,29,7.9,0.0
50,12234793,no2,38.3,ppb,2025-02-19 17:15:00,2025-02-19 17:00:00,25.9,29,7.9,0.0
50,12234793,no2,39.8,ppb,2025-02-19 17:30:00,2025-02-19 17:00:00,25.9,29,7.9,0.0
50,12234793,no2,41.1,ppb,2025-02-19 17:45:00,2025-02-19 17:00:00,25.9,29,7.9,0.0
50,12234793,no2,42.7,ppb,2025-02-19 18:00:00,2025-02-19 18:00:00,25.1,33,5.3,0.0
50,12234793,no2,54.4,ppb,2025-02-19 18:15:00,2025-02-19 18:00:00,25.1,33,5.3,0.0
50,12234793,no2,61.5,ppb,2025-02-19 18:30:00,2025-02-19 18:00:00,25.1,33,5.3,0.0
50,12234793,no2,68.8,ppb,2025-02-19 18:45:00,2025-02-19 18:00:00,25.1,33,5.3,0.0
50,12234793,no2,71.7,ppb,2025-02-19 19:00:00,2025-02-19 19:00:00,24.2,39,3.1,0.0
50,12234793,no2,74.4,ppb,2025-02-19 19:15:00,2025-02-19 19:00:00,24.2,39,3.1,0.0
50,12234793,no2,74.8,ppb,2025-02-19 19:30:00,2025-02-19 19:00:00,24.2,39,3.1,0.0
50,12234793,no2,75.0,ppb,2025-02-19 19:45:00,2025-02-19 19:00:00,24.2,39,3.1,0.0
50,12234793,no2,76.0,ppb,2025-02-19 20:00:00,2025-02-19 20:00:00,23.0,45,3.1,0.0
50,12234793,no2,72.4,ppb,2025-02-19 20:15:00,2025-02-19 20:00:00,23.0,45,3.1,0.0
50,12234793,no2,71.7,ppb,2025-02-19 20:30:00,2025-02-19 20:00:00,23.0,45,3.1,0.0
50,12234793,no2,70.6,ppb,2025-02-19 20:45:00,2025-02-19 20:00:00,23.0,45,3.1,0.0
50,12234793,no2,68.0,ppb,2025-02-19 21:00:00,2025-02-19 21:00:00,22.3,48,5.0,0.0
50,12234793,no2,68.2,ppb,2025-02-19 21:15:00,2025-02-19 21:00:00,22.3,48,5.0,0.0
50,12234793,no2,61.2,ppb,2025-02-19 21:30:00,2025-02-19 21:00:00,22.3,48,5.0,0.0
50,12234793,no2,58.9,ppb,2025-02-19 21:45:00,2025-02-19 21:00:00,22.3,48,5.0,0.0
50,12234793,no2,55.6,ppb,2025-02-19 22:00:00,2025-02-19 22:00:00,21.1,54,6.1,0.2
50,12234793,no2,53.6,ppb,2025-02-19 22:15:00,2025-02-19 22:00:00,21.1,54,6.1,0.2
50,12234793,no2,52.9,ppb,2025-02-19 22:30:00,2025-02-19 22:00:00,21.1,54,6.1,0.2
50,12234793,no2,52.5,ppb,2025-02-19 22:45:00,2025-02-19 22:00:00,21.1,54,6.1,0.2
50,12234793,no2,51.3,ppb,2025-02-19 23:00:00,2025-02-19 23:00:00,19.2,67,0.8,0.3
50,12234793,no2,46.7,ppb,2025-02-19 23:15:00,2025-02-19 23:00:00,19.2,67,0.8,0.3
50,12234793,no2,41.8,ppb,2025-02-19 23:30:00,2025-02-19 23:00:00,19.2,67,0.8,0.3
50,12234793,no2,44.6,ppb,2025-02-20 00:30:00,2025-02-20 00:00:00,19.1,67,7.4,0.0
50,12234793,no2,46.8,ppb,2025-02-20 00:45:00,2025-02-20 00:00:00,19.1,67,7.4,0.0
50,12234793,no2,47.0,ppb,2025-02-20 01:00:00,2025-02-20 01:00:00,17.7,73,1.8,0.4
50,12234793,no2,45.7,ppb,2025-02-20 01:15:00,2025-02-20 01:00:00,17.7,73,1.8,0.4
50,12234793,no2,43.6,ppb,2025-02-20 01:30:00,2025-02-20 01:00:00,17.7,73,1.8,0.4
50,12234793,no2,40.0,ppb,2025-02-20 01:45:00,2025-02-20 01:00:00,17.7,73,1.8,0.4
50,12234793,no2,39.3,ppb,2025-02-20 02:45:00,2025-02-20 02:00:00,17.4,74,8.2,0.0
50,12234793,no2,38.1,ppb,2025-02-20 03:00:00,2025-02-20 03:00:00,16.4,81,11.6,0.5
50,12234793,no2,37.6,ppb,2025-02-20 03:15:00,2025-02-20 03:00:00,16.4,81,11.6,0.5
50,12234793,no2,36.5,ppb,2025-02-20 03:30:00,2025-02-20 03:00:00,16.4,81,11.6,0.5
50,12234793,no2,33.3,ppb,2025-02-20 03:45:00,2025-02-20 03:00:00,16.4,81,11.6,0.5
50,12234793,no2,34.7,ppb,2025-02-20 04:00:00,2025-02-20 04:00:00,15.7,88,12.9,2.0
50,12234793,no2,35.3,ppb,2025-02-20 04:15:00,2025-02-20 04:00:00,15.7,88,12.9,2.0
50,12234793,no2,36.0,ppb,2025-02-20 04:30:00,2025-02-20 04:00:00,15.7,88,12.9,2.0
50,12234794,o3,1.8,µg/m³,2025-02-19 01:45:00,2025-02-19 01:00:00,16.8,63,4.2,0.0
50,12234794,o3,2.2,µg/m³,2025-02-19 02:00:00,2025-02-19 02:00:00,16.0,66,4.1,0.0
50,12234794,o3,1.3,µg/m³,2025-02-19 02:15:00,2025-02-19 02:00:00,16.0,66,4.1,0.0
50,12234794,o3,1.5,µg/m³,2025-02-19 02:30:00,2025-02-19 02:00:00,16.0,66,4.1,0.0
50,12234794,o3,2.2,µg/m³,2025-02-19 02:45:00,2025-02-19 02:00:00,16.0,66,4.1,0.0
50,12234794,o3,3.3,µg/m³,2025-02-19 03:00:00,2025-02-19 03:00:00,15.3,68,4.5,0.0
50,12234794,o3,1.9,µg/m³,2025-02-19 03:15:00,2025-02-19 03:00:00,15.3,68,4.5,0.0
50,12234794,o3,1.9,µg/m³,2025-02-19 03:30:00,2025-02-19 03:00:00,15.3,68,4.5,0.0
50,12234794,o3,2.3,µg/m³,2025-02-19 03:45:00,2025-02-19 03:00:00,15.3,68,4.5,0.0
50,12234794,o3,3.5,µg/m³,2025-02-19 04:00:00,2025-02-19 04:00:00,14.7,70,4.4,0.0
50,12234794,o3,3.7,µg/m³,2025-02-19 04:15:00,2025-02-19 04:00:00,14.7,70,4.4,0.0
50,12234794,o3,2.4,µg/m³,2025-02-19 04:30:00,2025-02-19 04:00:00,14.7,70,4.4,0.0
50,12234794,o3,3.0,µg/m³,2025-02-19 04:45:00,2025-02-19 04:00:00,14.7,70,4.4,0.0
50,12234794,o3,4.5,µg/m³,2025-02-19 05:00:00,2025-02-19 05:00:00,14.2,70,4.5,0.0
50,12234794,o3,4.7,µg/m³,2025-02-19 05:15:00,2025-02-19 05:00:00,14.2,70,4.5,0.0
50,12234794,o3,3.5,µg/m³,2025-02-19 05:30:00,2025-02-19 05:00:00,14.2,70,4.5,0.0
50,12234794,o3,2.2,µg/m³,2025-02-19 05:45:00,2025-02-19 05:00:00,14.2,70,4.5,0.0
50,12234794,o3,2.2,µg/m³,2025-02-19 06:00:00,2025-02-19 06:00:00,13.8,76,4.3,0.0
50,12234794,o3,1.8,µg/m³,2025-02-19 06:15:00,2025-02-19 06:00:00,13.8,76,4.3,0.0
50,12234794,o3,1.9,µg/m³,2025-02-19 06:30:00,2025-02-19 06:00:00,13.8,76,4.3,0.0
50,12234794,o3,3.7,µg/m³,2025-02-19 06:45:00,2025-02-19 06:00:00,13.8,76,4.3,0.0
50,12234794,o3,3.4,µg/m³,2025-02-19 07:00:00,2025-02-19 07:00:00,14.2,74,4.7,0.0
50,12234794,o3,2.8,µg/m³,2025-02-19 07:15:00,2025-02-19 07:00:00,14.2,74,4.7,0.0
50,12234794,o3,5.0,µg/m³,2025-02-19 07:30:00,2025-02-19 07:00:00,14.2,74,4.7,0.0
50,12234794,o3,7.1,µg/m³,2025-02-19 07:45:00,2025-02-19 07:00:00,14.2,74,4.7,0.0
50,12234794,o3,9.7,µg/m³,2025-02-19 08:00:00,2025-02-19 08:00:00,15.9,67,5.4,0.0
50,12234794,o3,11.8,µg/m³,2025-02-19 08:15:00,2025-02-19 08:00:00,15.9,67,5.4,0.0
50,12234794,o3,17.5,µg/m³,2025-02-19 08:30:00,2025-02-19 08:00:00,15.9,67,5.4,0.0
50,12234794,o3,19.1,µg/m³,2025-02-19 08:45:00,2025-02-19 08:00:00,15.9,67,5.4,0.0
50,12234794,o3,20.5,µg/m³,2025-02-19 09:00:00,2025-02-19 09:00:00,19.0,54,3.4,0.0
50,12234794,o3,28.1,µg/m³,2025-02-19 09:15:00,2025-02-19 09:00:00,19.0,54,3.4,0.0
50,12234794,o3,28.6,µg/m³,2025-02-19 09:30:00,2025-02-19 09:00:00,19.0,54,3.4,0.0
50,12234794,o3,35.8,µg/m³,2025-02-19 09:45:00,2025-02-19 09:00:00,19.0,54,3.4,0.0
50,12234794,o3,41.0,µg/m³,2025-02-19 10:00:00,2025-02-19 10:00:00,22.0,43,4.0,0.0
50,12234794,o3,47.4,µg/m³,2025-02-19 10:15:00,2025-02-19 10:00:00,22.0,43,4.0,0.0
50,12234794,o3,49.2,µg/m³,2025-02-19 10:30:00,2025-02-19 10:00:00,22.0,43,4.0,0.0
50,12234794,o3,54.6,µg/m³,2025-02-19 10:45:00,2025-02-19 10:00:00,22.0,43,4.0,0.0
50,12234794,o3,63.2,µg/m³,2025-02-19 11:00:00,2025-02-19 11:00:00,24.4,34,5.4,0.0
50,12234794,o3,67.3,µg/m³,2025-02-19 11:15:00,2025-02-19 11:00:00,24.4,34,5.4,0.0
50,12234794,o3,68.5,µg/m³,2025-02-19 11:30:00,2025-02-19 11:00:00,24.4,34,5.4,0.0
50,12234794,o3,75.4,µg/m³,2025-02-19 11:45:00,2025-02-19 11:00:00,24.4,34,5.4,0.0
50,12234794,o3,79.9,µg/m³,2025-02-19 12:00:00,2025-02-19 12:00:00,26.0,27,6.3,0.0
50,12234794,o3,86.9,µg/m³,2025-02-19 12:15:00,2025-02-19 12:00:00,26.0,27,6.3,0.0
50,12234794,o3,88.6,µg/m³,2025-02-19 12:30:00,2025-02-19 12:00:00,26.0,27,6.3,0.0
50,12234794,o3,89.6,µg/m³,2025-02-19 12:45:00,2025-02-19 12:00:00,26.0,27,6.3,0.0
50,12234794,o3,85.1,µg/m³,2025-02-19 13:00:00,2025-02-19 13:00:00,27.0,23,6.7,0.0
50,12234794,o3,91.5,µg/m³,2025-02-19 13:15:00,2025-02-19 13:00:00,27.0,23,6.7,0.0
50,12234794,o3,101.5,µg/m³,2025-02-19 13:30:00,2025-02-19 13:00:00,27.0,23,6.7,0.0
50,12234794,o3,108.3,µg/m³,2025-02-19 13:45:00,2025-02-19 13:00:00,27.0,23,6.7,0.0
50,12234794,o3,110.8,µg/m³,2025-02-19 14:00:00,2025-02-19 14:00:00,27.6,22,7.3,0.0
50,12234794,o3,106.6,µg/m³,2025-02-19 14:15:00,2025-02-19 14:00:00,27.6,22,7.3,0.0
50,12234794,o3,99.3,µg/m³,2025-02-19 14:30:00,2025-02-19 14:00:00,27.6,22,7.3,0.0
50,12234794,o3,98.3,µg/m³,2025-02-19 14:45:00,2025-02-19 14:00:00,27.6,22,7.3,0.0
50,12234794,o3,98.4,µg/m³,2025-02-19 15:00:00,2025-02-19 15:00:00,27.5,24,9.0,0.0
50,12234794,o3,89.0,µg/m³,2025-02-19 15:15:00,2025-02-19 15:00:00,27.5,24,9.0,0.0
50,12234794,o3,94.5,µg/m³,2025-02-19 15:30:00,2025-02-19 15:00:00,27.5,24,9.0,0.0
50,12234794,o3,94.5,µg/m³,2025-02-19 15:45:00,2025-02-19 15:00:00,27.5,24,9.0,0.0
50,12234794,o3,86.6,µg/m³,2025-02-19 16:00:00,2025-02-19 16:00:00,26.9,26,9.3,0.0
50,12234794,o3,82.2,µg/m³,2025-02-19 16:15:00,2025-02-19 16:00:00,26.9,26,9.3,0.0
50,12234794,o3,84.4,µg/m³,2025-02-19 16:30:00,2025-02-19 16:00:00,26.9,26,9.3,0.0
50,12234794,o3,74.0,µg/m³,2025-02-19 16:45:00,2025-02-19 16:00:00,26.9,26,9.3,0.0
50,12234794,o3,62.3,µg/m³,2025-02-19 17:00:00,2025-02-19 17:00:00,25.9,29,7.9,0.0
50,12234794,o3,56.5,µg/m³,2025-02-19 17:15:00,2025-02-19 17:00:00,25.9,29,7.9,0.0
50,12234794,o3,55.5,µg/m³,2025-02-19 17:30:00,2025-02-19 17:00:00,25.9,29,7.9,0.0
50,12234794,o3,50.4,µg/m³,2025-02-19 17:45:00,2025-02-19 17:00:00,25.9,29,7.9,0.0
50,12234794,o3,33.1,µg/m³,2025-02-19 18:00:00,2025-02-19 18:00:00,25.1,33,5.3,0.0
50,12234794,o3,13.8,µg/m³,2025-02-19 18:15:00,2025-02-19 18:00:00,25.1,33,5.3,0.0
50,12234794,o3,3.5,µg/m³,2025-02-19 18:30:00,2025-02-19 18:00:00,25.1,33,5.3,0.0
50,12234794,o3,2.6,µg/m³,2025-02-19 18:45:00,2025-02-19 18:00:00,25.1,33,5.3,0.0
50,12234794,o3,1.9,µg/m³,2025-02-19 19:00:00,2025-02-19 19:00:00,24.2,39,3.1,0.0
50,12234794,o3,1.8,µg/m³,2025-02-19 19:15:00,2025-02-19 19:00:00,24.2,39,3.1,0.0
50,12234794,o3,4.8,µg/m³,2025-02-19 19:30:00,2025-02-19 19:00:00,24.2,39,3.1,0.0
50,12234794,o3,8.6,µg/m³,2025-02-19 19:45:00,2025-02-19 19:00:00,24.2,39,3.1,0.0
50,12234794,o3,7.8,µg/m³,2025-02-19 20:00:00,2025-02-19 20:00:00,23.0,45,3.1,0.0
50,12234794,o3,5.0,µg/m³,2025-02-19 20:15:00,2025-02-19 20:00:00,23.0,45,3.1,0.0
50,12234794,o3,3.3,µg/m³,2025-02-19 20:30:00,2025-02-19 20:00:00,23.0,45,3.1,0.0
50,12234794,o3,1.6,µg/m³,2025-02-19 20:45:00,2025-02-19 20:00:00,23.0,45,3.1,0.0
50,12234794,o3,0.9,µg/m³,2025-02-19 21:00:00,2025-02-19 21:00:00,22.3,48,5.0,0.0
50,12234794,o3,11.6,µg/m³,2025-02-19 21:15:00,2025-02-19 21:00:00,22.3,48,5.0,0.0
50,12234794,o3,30.4,µg/m³,2025-02-19 21:30:00,2025-02-19 21:00:00,22.3,48,5.0,0.0
50,12234794,o3,28.2,µg/m³,2025-02-19 21:45:00,2025-02-19 21:00:00,22.3,48,5.0,0.0
50,12234794,o3,26.6,µg/m³,2025-02-19 22:00:00,2025-02-19 22:00:00,21.1,54,6.1,0.2
50,12234794,o3,19.4,µg/m³,2025-02-19 22:15:00,2025-02-19 22:00:00,21.1,54,6.1,0.2
50,12234794,o3,10.5,µg/m³,2025-02-19 22:30:00,2025-02-19 22:00:00,21.1,54,6.1,0.2
50,12234794,o3,13.2,µg/m³,2025-02-19 22:45:00,2025-02-19 22:00:00,21.1,54,6.1,0.2
50,12234794,o3,16.1,µg/m³,2025-02-19 23:00:00,2025-02-19 23:00:00,19.2,67,0.8,0.3
50,12234794,o3,28.3,µg/m³,2025-02-19 23:15:00,2025-02-19 23:00:00,19.2,67,0.8,0.3
50,12234794,o3,24.9,µg/m³,2025-02-19 23:30:00,2025-02-19 23:00:00,19.2,67,0.8,0.3
50,12234794,o3,4.2,µg/m³,2025-02-20 00:30:00,2025-02-20 00:00:00,19.1,67,7.4,0.0
50,12234794,o3,2.2,µg/m³,2025-02-20 00:45:00,2025-02-20 00:00:00,19.1,67,7.4,0.0
50,12234794,o3,16.9,µg/m³,2025-02-20 01:45:00,2025-02-20 01:00:00,17.7,73,1.8,0.4
50,12234794,o3,12.3,µg/m³,2025-02-20 02:00:00,2025-02-20 02:00:00,17.4,74,8.2,0.0
50,12234794,o3,7.3,µg/m³,2025-02-20 02:15:00,2025-02-20 02:00:00,17.4,74,8.2,0.0
50,12234794,o3,5.5,µg/m³,2025-02-20 02:30:00,2025-02-20 02:00:00,17.4,74,8.2,0.0
50,12234794,o3,7.5,µg/m³,2025-02-20 02:45:00,2025-02-20 02:00:00,17.4,74,8.2,0.0
50,12234794,o3,6.7,µg/m³,2025-02-20 03:00:00,2025-02-20 03:00:00,16.4,81,11.6,0.5
50,12234794,o3,4.6,µg/m³,2025-02-20 03:15:00,2025-02-20 03:00:00,16.4,81,11.6,0.5
50,12234794,o3,4.0,µg/m³,2025-02-20 03:30:00,2025-02-20 03:00:00,16.4,81,11.6,0.5
50,12234794,o3,2.7,µg/m³,2025-02-20 03:45:00,2025-02-20 03:00:00,16.4,81,11.6,0.5
50,12234794,o3,2.3,µg/m³,2025-02-20 04:00:00,2025-02-20 04:00:00,15.7,88,12.9,2.0
50,12234795,pm10,194.0,µg/m³,2025-02-19 01:30:00,2025-02-19 01:00:00,16.8,63,4.2,0.0
50,12234795,pm10,168.0,µg/m³,2025-02-19 01:45:00,2025-02-19 01:00:00,16.8,63,4.2,0.0
50,12234795,pm10,168.0,µg/m³,2025-02-19 02:00:00,2025-02-19 02:00:00,16.0,66,4.1,0.0
50,12234795,pm10,168.0,µg/m³,2025-02-19 02:15:00,2025-02-19 02:00:00,16.0,66,4.1,0.0
50,12234795,pm10,168.0,µg/m³,2025-02-19 02:30:00,2025-02-19 02:00:00,16.0,66,4.1,0.0
50,12234795,pm10,204.0,µg/m³,2025-02-19 02:45:00,2025-02-19 02:00:00,16.0,66,4.1,0.0
50,12234795,pm10,204.0,µg/m³,2025-02-19 03:00:00,2025-02-19 03:00:00,15.3,68,4.5,0.0
50,12234795,pm10,204.0,µg/m³,2025-02-19 03:15:00,2025-02-19 03:00:00,15.3,68,4.5,0.0
50,12234795,pm10,204.0,µg/m³,2025-02-19 03:30:00,2025-02-19 03:00:00,15.3,68,4.5,0.0
50,12234795,pm10,201.0,µg/m³,2025-02-19 03:45:00,2025-02-19 03:00:00,15.3,68,4.5,0.0
50,12234795,pm10,201.0,µg/m³,2025-02-19 04:00:00,2025-02-19 04:00:00,14.7,70,4.4,0.0
50,12234795,pm10,201.0,µg/m³,2025-02-19 04:15:00,2025-02-19 04:00:00,14.7,70,4.4,0.0
50,12234795,pm10,201.0,µg/m³,2025-02-19 04:30:00,2025-02-19 04:00:00,14.7,70,4.4,0.0
50,12234795,pm10,166.0,µg/m³,2025-02-19 04:45:00,2025-02-19 04:00:00,14.7,70,4.4,0.0
50,12234795,pm10,166.0,µg/m³,2025-02-19 05:00:00,2025-02-19 05:00:00,14.2,70,4.5,0.0
50,12234795,pm10,166.0,µg/m³,2025-02-19 05:15:00,2025-02-19 05:00:00,14.2,70,4.5,0.0
50,12234795,pm10,166.0,µg/m³,2025-02-19 05:30:00,2025-02-19 05:00:00,14.2,70,4.5,0.0
50,12234795,pm10,140.0,µg/m³,2025-02-19 05:45:00,2025-02-19 05:00:00,14.2,70,4.5,0.0
50,12234795,pm10,140.0,µg/m³,2025-02-19 06:00:00,2025-02-19 06:00:00,13.8,76,4.3,0.0
50,12234795,pm10,140.0,µg/m³,2025-02-19 06:15:00,2025-02-19 06:00:00,13.8,76,4.3,0.0
50,12234795,pm10,140.0,µg/m³,2025-02-19 06:30:00,2025-02-19 06:00:00,13.8,76,4.3,0.0
50,12234795,pm10,163.0,µg/m³,2025-02-19 06:45:00,2025-02-19 06:00:00,13.8,76,4.3,0.0
50,12234795,pm10,163.0,µg/m³,2025-02-19 07:00:00,2025-02-19 07:00:00,14.2,74,4.7,0.0
50,12234795,pm10,163.0,µg/m³,2025-02-19 07:15:00,2025-02-19 07:00:00,14.2,74,4.7,0.0
50,12234795,pm10,163.0,µg/m³,2025-02-19 07:30:00,2025-02-19 07:00:00,14.2,74,4.7,0.0
50,12234795,pm10,195.0,µg/m³,2025-02-19 07:45:00,2025-02-19 07:00:00,14.2,74,4.7,0.0
50,12234795,pm10,195.0,µg/m³,2025-02-19 08:00:00,2025-02-19 08:00:00,15.9,67,5.4,0.0
50,12234795,pm10,195.0,µg/m³,2025-02-19 08:15:00,2025-02-19 08:00:00,15.9,67,5.4,0.0
50,12234795,pm10,195.0,µg/m³,2025-02-19 08:30:00,2025-02-19 08:00:00,15.9,67,5.4,0.0
50,12234795,pm10,250.0,µg/m³,2025-02-19 08:45:00,2025-02-19 08:00:00,15.9,67,5.4,0.0
50,12234795,pm10,250.0,µg/m³,2025-02-19 09:00:00,2025-02-19 09:00:00,19.0,54,3.4,0.0
50,12234795,pm10,250.0,µg/m³,2025-02-19 09:15:00,2025-02-19 09:00:00,19.0,54,3.4,0.0
50,12234795,pm10,250.0,µg/m³,2025-02-19 09:30:00,2025-02-19 09:00:00,19.0,54,3.4,0.0
50,12234795,pm10,276.0,µg/m³,2025-02-19 09:45:00,2025-02-19 09:00:00,19.0,54,3.4,0.0
50,12234795,pm10,276.0,µg/m³,2025-02-19 10:00:00,2025-02-19 10:00:00,22.0,43,4.0,0.0
50,12234795,pm10,276.0,µg/m³,2025-02-19 10:15:00,2025-02-19 10:00:00,22.0,43,4.0,0.0
50,12234795,pm10,276.0,µg/m³,2025-02-19 10:30:00,2025-02-19 10:00:00,22.0,43,4.0,0.0
50,12234795,pm10,210.0,µg/m³,2025-02-19 10:45:00,2025-02-19 10:00:00,22.0,43,4.0,0.0
50,12234795,pm10,210.0,µg/m³,2025-02-19 11:00:00,2025-02-19 11:00:00,24.4,34,5.4,0.0
50,12234795,pm10,210.0,µg/m³,2025-02-19 11:15:00,2025-02-19 11:00:00,24.4,34,5.4,0.0
50,12234795,pm10,210.0,µg/m³,2025-02-19 11:30:00,2025-02-19 11:00:00,24.4,34,5.4,0.0
50,12234795,pm10,175.0,µg/m³,2025-02-19 11:45:00,2025-02-19 11:00:00,24.4,34,5.4,0.0
50,12234795,pm10,175.0,µg/m³,2025-02-19 12:00:00,2025-02-19 12:00:00,26.0,27,6.3,0.0
50,12234795,pm10,175.0,µg/m³,2025-02-19 12:15:00,2025-02-19 12:00:00,26.0,27,6.3,0.0
50,12234795,pm10,175.0,µg/m³,2025-02-19 12:30:00,2025-02-19 12:00:00,26.0,27,6.3,0.0
50,12234795,pm10,153.0,µg/m³,2025-02-19 12:45:00,2025-02-19 12:00:00,26.0,27,6.3,0.0
50,12234795,pm10,153.0,µg/m³,2025-02-19 13:00:00,2025-02-19 13:00:00,27.0,23,6.7,0.0
50,12234795,pm10,153.0,µg/m³,2025-02-19 13:15:00,2025-02-19 13:00:00,27.0,23,6.7,0.0
50,12234795,pm10,153.0,µg/m³,2025-02-19 13:30:00,2025-02-19 13:00:00,27.0,23,6.7,0.0
50,12234795,pm10,143.0,µg/m³,2025-02-19 13:45:00,2025-02-19 13:00:00,27.0,23,6.7,0.0
50,12234795,pm10,143.0,µg/m³,2025-02-19 14:00:00,2025-02-19 14:00:00,27.6,22,7.3,0.0
50,12234795,pm10,143.0,µg/m³,2025-02-19 14:15:00,2025-02-19 14:00:00,27.6,22,7.3,0.0
50,12234795,pm10,143.0,µg/m³,2025-02-19 14:30:00,2025-02-19 14:00:00,27.6,22,7.3,0.0
50,12234795,pm10,146.0,µg/m³,2025-02-19 14:45:00,2025-02-19 14:00:00,27.6,22,7.3,0.0
50,12234795,pm10,146.0,µg/m³,2025-02-19 15:00:00,2025-02-19 15:00:00,27.5,24,9.0,0.0
50,12234795,pm10,146.0,µg/m³,2025-02-19 15:15:00,2025-02-19 15:00:00,27.5,24,9.0,0.0
50,12234795,pm10,146.0,µg/m³,2025-02-19 15:30:00,2025-02-19 15:00:00,27.5,24,9.0,0.0
50,12234795,pm10,113.0,µg/m³,2025-02-19 15:45:00,2025-02-19 15:00:00,27.5,24,9.0,0.0
50,12234795,pm10,113.0,µg/m³,2025-02-19 16:00:00,2025-02-19 16:00:00,26.9,26,9.3,0.0
50,12234795,pm10,113.0,µg/m³,2025-02-19 16:15:00,2025-02-19 16:00:00,26.9,26,9.3,0.0
50,12234795,pm10,113.0,µg/m³,2025-02-19 16:30:00,2025-02-19 16:00:00,26.9,26,9.3,0.0
50,12234795,pm10,134.0,µg/m³,2025-02-19 16:45:00,2025-02-19 16:00:00,26.9,26,9.3,0.0
50,12234795,pm10,134.0,µg/m³,2025-02-19 17:00:00,2025-02-19 17:00:00,25.9,29,7.9,0.0
50,12234795,pm10,134.0,µg/m³,2025-02-19 17:15:00,2025-02-19 17:00:00,25.9,29,7.9,0.0
50,12234795,pm10,134.0,µg/m³,2025-02-19 17:30:00,2025-02-19 17:00:00,25.9,29,7.9,0.0
50,12234795,pm10,150.0,µg/m³,2025-02-19 17:45:00,2025-02-19 17:00:00,25.9,29,7.9,0.0
50,12234795,pm10,150.0,µg/m³,2025-02-19 18:00:00,2025-02-19 18:00:00,25.1,33,5.3,0.0
50,12234795,pm10,150.0,µg/m³,2025-02-19 18:15:00,2025-02-19 18:00:00,25.1,33,5.3,0.0
50,12234795,pm10,150.0,µg/m³,2025-02-19 18:30:00,2025-02-19 18:00:00,25.1,33,5.3,0.0
50,12234795,pm10,163.0,µg/m³,2025-02-19 18:45:00,2025-02-19 18:00:00,25.1,33,5.3,0.0
50,12234795,pm10,163.0,µg/m³,2025-02-19 19:00:00,2025-02-19 19:00:00,24.2,39,3.1,0.0
50,12234795,pm10,163.0,µg/m³,2025-02-19 19:15:00,2025-02-19 19:00:00,24.2,39,3.1,0.0
50,12234795,pm10,163.0,µg/m³,2025-02-19 19:30:00,2025-02-19 19:00:00,24.2,39,3.1,0.0
50,12234795,pm10,223.0,µg/m³,2025-02-19 19:45:00,2025-02-19 19:00:00,24.2,39,3.1,0.0
50,12234795,pm10,223.0,µg/m³,2025-02-19 20:00:00,2025-02-19 20:00:00,23.0,45,3.1,0.0
50,12234795,pm10,223.0,µg/m³,2025-02-19 20:15:00,2025-02-19 20:00:00,23.0,45,3.1,0.0
50,12234795,pm10,223.0,µg/m³,2025-02-19 20:30:00,2025-02-19 20:00:00,23.0,45,3.1,0.0
50,12234795,pm10,274.0,µg/m³,2025-02-19 20:45:00,2025-02-19 20:00:00,23.0,45,3.1,0.0
50,12234795,pm10,274.0,µg/m³,2025-02-19 21:00:00,2025-02-19 21:00:00,22.3,48,5.0,0.0
50,12234795,pm10,274.0,µg/m³,2025-02-19 21:15:00,2025-02-19 21:00:00,22.3,48,5.0,0.0
50,12234795,pm10,274.0,µg/m³,2025-02-19 21:30:00,2025-02-19 21:00:00,22.3,48,5.0,0.0
50,12234795,pm10,393.0,µg/m³,2025-02-19 21:45:00,2025-02-19 21:00:00,22.3,48,5.0,0.0
50,12234795,pm10,393.0,µg/m³,2025-02-19 22:00:00,2025-02-19 22:00:00,21.1,54,6.1,0.2
50,12234795,pm10,393.0,µg/m³,2025-02-19 22:15:00,2025-02-19 22:00:00,21.1,54,6.1,0.2
50,12234795,pm10,393.0,µg/m³,2025-02-19 22:30:00,2025-02-19 22:00:00,21.1,54,6.1,0.2
50,12234795,pm10,243.0,µg/m³,2025-02-19 22:45:00,2025-02-19 22:00:00,21.1,54,6.1,0.2
50,12234795,pm10,243.0,µg/m³,2025-02-19 23:00:00,2025-02-19 23:00:00,19.2,67,0.8,0.3
50,12234795,pm10,243.0,µg/m³,2025-02-19 23:15:00,2025-02-19 23:00:00,19.2,67,0.8,0.3
50,12234795,pm10,243.0,µg/m³,2025-02-19 23:30:00,2025-02-19 23:00:00,19.2,67,0.8,0.3
50,12234795,pm10,201.0,µg/m³,2025-02-20 00:30:00,2025-02-20 00:00:00,19.1,67,7.4,0.0
50,12234795,pm10,224.0,µg/m³,2025-02-20 00:45:00,2025-02-20 00:00:00,19.1,67,7.4,0.0
50,12234795,pm10,224.0,µg/m³,2025-02-20 01:00:00,2025-02-20 01:00:00,17.7,73,1.8,0.4
50,12234795,pm10,224.0,µg/m³,2025-02-20 01:15:00,2025-02-20 01:00:00,17.7,73,1.8,0.4
50,12234795,pm10,224.0,µg/m³,2025-02-20 01:30:00,2025-02-20 01:00:00,17.7,73,1.8,0.4
50,12234795,pm10,204.0,µg/m³,2025-02-20 01:45:00,2025-02-20 01:00:00,17.7,73,1.8,0.4
50,12234795,pm10,204.0,µg/m³,2025-02-20 02:00:00,2025-02-20 02:00:00,17.4,74,8.2,0.0
50,12234795,pm10,204.0,µg/m³,2025-02-20 02:15:00,2025-02-20 02:00:00,17.4,74,8.2,0.0
50,12234795,pm10,204.0,µg/m³,2025-02-20 02:30:00,2025-02-20 02:00:00,17.4,74,8.2,0.0
50,12234795,pm10,164.0,µg/m³,2025-02-20 02:45:00,2025-02-20 02:00:00,17.4,74,8.2,0.0
50,12234795,pm10,164.0,µg/m³,2025-02-20 03:00:00,2025-02-20 03:00:00,16.4,81,11.6,0.5
50,12234796,pm25,95.0,µg/m³,2025-02-19 01:30:00,2025-02-19 01:00:00,16.8,63,4.2,0.0
50,12234796,pm25,119.0,µg/m³,2025-02-19 01:45:00,2025-02-19 01:00:00,16.8,63,4.2,0.0
50,12234796,pm25,119.0,µg/m³,2025-02-19 02:00:00,2025-02-19 02:00:00,16.0,66,4.1,0.0
50,12234796,pm25,119.0,µg/m³,2025-02-19 02:15:00,2025-02-19 02:00:00,16.0,66,4.1,0.0
50,12234796,pm25,119.0,µg/m³,2025-02-19 02:30:00,2025-02-19 02:00:00,16.0,66,4.1,0.0
50,12234796,pm25,124.0,µg/m³,2025-02-19 02:45:00,2025-02-19 02:00:00,16.0,66,4.1,0.0
50,12234796,pm25,124.0,µg/m³,2025-02-19 03:00:00,2025-02-19 03:00:00,15.3,68,4.5,0.0
50,12234796,pm25,124.0,µg/m³,2025-02-19 03:15:00,2025-02-19 03:00:00,15.3,68,4.5,0.0
50,12234796,pm25,124.0,µg/m³,2025-02-19 03:30:00,2025-02-19 03:00:00,15.3,68,4.5,0.0
50,12234796,pm25,117.0,µg/m³,2025-02-19 03:45:00,2025-02-19 03:00:00,15.3,68,4.5,0.0
50,12234796,pm25,117.0,µg/m³,2025-02-19 04:00:00,2025-02-19 04:00:00,14.7,70,4.4,0.0
50,12234796,pm25,117.0,µg/m³,2025-02-19 04:15:00,2025-02-19 04:00:00,14.7,70,4.4,0.0
50,12234796,pm25,117.0,µg/m³,2025-02-19 04:30:00,2025-02-19 04:00:00,14.7,70,4.4,0.0
50,12234796,pm25,100.0,µg/m³,2025-02-19 04:45:00,2025-02-19 04:00:00,14.7,70,4.4,0.0
50,12234796,pm25,100.0,µg/m³,2025-02-19 05:00:00,2025-02-19 05:00:00,14.2,70,4.5,0.0
50,12234796,pm25,100.0,µg/m³,2025-02-19 05:15:00,2025-02-19 05:00:00,14.2,70,4.5,0.0
50,12234796,pm25,100.0,µg/m³,2025-02-19 05:30:00,2025-02-19 05:00:00,14.2,70,4.5,0.0
50,12234796,pm25,68.0,µg/m³,2025-02-19 05:45:00,2025-02-19 05:00:00,14.2,70,4.5,0.0
50,12234796,pm25,68.0,µg/m³,2025-02-19 06:00:00,2025-02-19 06:00:00,13.8,76,4.3,0.0
50,12234796,pm25,68.0,µg/m³,2025-02-19 06:15:00,2025-02-19 06:00:00,13.8,76,4.3,0.0
50,12234796,pm25,68.0,µg/m³,2025-02-19 06:30:00,2025-02-19 06:00:00,13.8,76,4.3,0.0
50,12234796,pm25,83.0,µg/m³,2025-02-19 06:45:00,2025-02-19 06:00:00,13.8,76,4.3,0.0
50,12234796,pm25,83.0,µg/m³,2025-02-19 07:00:00,2025-02-19 07:00:00,14.2,74,4.7,0.0
50,12234796,pm25,83.0,µg/m³,2025-02-19 07:15:00,2025-02-19 07:00:00,14.2,74,4.7,0.0
50,12234796,pm25,83.0,µg/m³,2025-02-19 07:30:00,2025-02-19 07:00:00,14.2,74,4.7,0.0
50,12234796,pm25,89.0,µg/m³,2025-02-19 07:45:00,2025-02-19 07:00:00,14.2,74,4.7,0.0
50,12234796,pm25,89.0,µg/m³,2025-02-19 08:00:00,2025-02-19 08:00:00,15.9,67,5.4,0.0
50,12234796,pm25,89.0,µg/m³,2025-02-19 08:15:00,2025-02-19 08:00:00,15.9,67,5.4,0.0
50,12234796,pm25,89.0,µg/m³,2025-02-19 08:30:00,2025-02-19 08:00:00,15.9,67,5.4,0.0
50,12234796,pm25,118.0,µg/m³,2025-02-19 08:45:00,2025-02-19 08:00:00,15.9,67,5.4,0.0
50,12234796,pm25,118.0,µg/m³,2025-02-19 09:00:00,2025-02-19 09:00:00,19.0,54,3.4,0.0
50,12234796,pm25,118.0,µg/m³,2025-02-19 09:15:00,2025-02-19 09:00:00,19.0,54,3.4,0.0
50,12234796,pm25,118.0,µg/m³,2025-02-19 09:30:00,2025-02-19 09:00:00,19.0,54,3.4,0.0
50,12234796,pm25,141.0,µg/m³,2025-02-19 09:45:00,2025-02-19 09:00:00,19.0,54,3.4,0.0
50,12234796,pm25,141.0,µg/m³,2025-02-19 10:00:00,2025-02-19 10:00:00,22.0,43,4.0,0.0
50,12234796,pm25,141.0,µg/m³,2025-02-19 10:15:00,2025-02-19 10:00:00,22.0,43,4.0,0.0
50,12234796,pm25,141.0,µg/m³,2025-02-19 10:30:00,2025-02-19 10:00:00,22.0,43,4.0,0.0
50,12234796,pm25,129.0,µg/m³,2025-02-19 10:45:00,2025-02-19 10:00:00,22.0,43,4.0,0.0
50,12234796,pm25,129.0,µg/m³,2025-02-19 11:00:00,2025-02-19 11:00:00,24.4,34,5.4,0.0
50,12234796,pm25,129.0,µg/m³,2025-02-19 11:15:00,2025-02-19 11:00:00,24.4,34,5.4,0.0
50,12234796,pm25,129.0,µg/m³,2025-02-19 11:30:00,2025-02-19 11:00:00,24.4,34,5.4,0.0
50,12234796,pm25,94.0,µg/m³,2025-02-19 11:45:00,2025-02-19 11:00:00,24.4,34,5.4,0.0
50,12234796,pm25,94.0,µg/m³,2025-02-19 12:00:00,2025-02-19 12:00:00,26.0,27,6.3,0.0
50,12234796,pm25,94.0,µg/m³,2025-02-19 12:15:00,2025-02-19 12:00:00,26.0,27,6.3,0.0
50,12234796,pm25,94.0,µg/m³,2025-02-19 12:30:00,2025-02-19 12:00:00,26.0,27,6.3,0.0
50,12234796,pm25,83.0,µg/m³,2025-02-19 12:45:00,2025-02-19 12:00:00,26.0,27,6.3,0.0
50,12234796,pm25,83.0,µg/m³,2025-02-19 13:00:00,2025-02-19 13:00:00,27.0,23,6.7,0.0
50,12234796,pm25,83.0,µg/m³,2025-02-19 13:15:00,2025-02-19 13:00:00,27.0,23,6.7,0.0
50,12234796,pm25,83.0,µg/m³,2025-02-19 13:30:00,2025-02-19 13:00:00,27.0,23,6.7,0.0
50,12234796,pm25,59.0,µg/m³,2025-02-19 13:45:00,2025-02-19 13:00:00,27.0,23,6.7,0.0
50,12234796,pm25,59.0,µg/m³,2025-02-19 14:00:00,2025-02-19 14:00:00,27.6,22,7.3,0.0
50,12234796,pm25,59.0,µg/m³,2025-02-19 14:15:00,2025-02-19 14:00:00,27.6,22,7.3,0.0
50,12234796,pm25,59.0,µg/m³,2025-02-19 14:30:00,2025-02-19 14:00:00,27.6,22,7.3,0.0
50,12234796,pm25,67.0,µg/m³,2025-02-19 14:45:00,2025-02-19 14:00:00,27.6,22,7.3,0.0
50,12234796,pm25,67.0,µg/m³,2025-02-19 15:00:00,2025-02-19 15:00:00,27.5,24,9.0,0.0
50,12234796,pm25,67.0,µg/m³,2025-02-19 15:15:00,2025-02-19 15:00:00,27.5,24,9.0,0.0
50,12234796,pm25,67.0,µg/m³,2025-02-19 15:30:00,2025-02-19 15:00:00,27.5,24,9.0,0.0
50,12234796,pm25,45.0,µg/m³,2025-02-19 15:45:00,2025-02-19 15:00:00,27.5,24,9.0,0.0
50,12234796,pm25,45.0,µg/m³,2025-02-19 16:00:00,2025-02-19 16:00:00,26.9,26,9.3,0.0
50,12234796,pm25,45.0,µg/m³,2025-02-19 16:15:00,2025-02-19 16:00:00,26.9,26,9.3,0.0
50,12234796,pm25,45.0,µg/m³,2025-02-19 16:30:00,2025-02-19 16:00:00,26.9,26,9.3,0.0
50,12234796,pm25,55.0,µg/m³,2025-02-19 16:45:00,2025-02-19 16:00:00,26.9,26,9.3,0.0
50,12234796,pm25,55.0,µg/m³,2025-02-19 17:00:00,2025-02-19 17:00:00,25.9,29,7.9,0.0
50,12234796,pm25,55.0,µg/m³,2025-02-19 17:15:00,2025-02-19 17:00:00,25.9,29,7.9,0.0
50,12234796,pm25,55.0,µg/m³,2025-02-19 17:30:00,2025-02-19 17:00:00,25.9,29,7.9,0.0
50,12234796,pm25,47.0,µg/m³,2025-02-19 17:45:00,2025-02-19 17:00:00,25.9,29,7.9,0.0
50,12234796,pm25,47.0,µg/m³,2025-02-19 18:00:00,2025-02-19 18:00:00,25.1,33,5.3,0.0
50,12234796,pm25,47.0,µg/m³,2025-02-19 18:15:00,2025-02-19 18:00:00,25.1,33,5.3,0.0
50,12234796,pm25,47.0,µg/m³,2025-02-19 18:30:00,2025-02-19 18:00:00,25.1,33,5.3,0.0
50,12234796,pm25,59.0,µg/m³,2025-02-19 18:45:00,2025-02-19 18:00:00,25.1,33,5.3,0.0
50,12234796,pm25,59.0,µg/m³,2025-02-19 19:00:00,2025-02-19 19:00:00,24.2,39,3.1,0.0
50,12234796,pm25,59.0,µg/m³,2025-02-19 19:15:00,2025-02-19 19:00:00,24.2,39,3.1,0.0
50,12234796,pm25,59.0,µg/m³,2025-02-19 19:30:00,2025-02-19 19:00:00,24.2,39,3.1,0.0
50,12234796,pm25,78.0,µg/m³,2025-02-19 19:45:00,2025-02-19 19:00:00,24.2,39,3.1,0.0
50,12234796,pm25,78.0,µg/m³,2025-02-19 20:00:00,2025-02-19 20:00:00,23.0,45,3.1,0.0
50,12234796,pm25,78.0,µg/m³,2025-02-19 20:15:00,2025-02-19 20:00:00,23.0,45,3.1,0.0
50,12234796,pm25,78.0,µg/m³,2025-02-19 20:30:00,2025-02-19 20:00:00,23.0,45,3.1,0.0
50,12234796,pm25,123.0,µg/m³,2025-02-19 20:45:00,2025-02-19 20:00:00,23.0,45,3.1,0.0
50,12234796,pm25,123.0,µg/m³,2025-02-19 21:00:00,2025-02-19 21:00:00,22.3,48,5.0,0.0
50,12234796,pm25,123.0,µg/m³,2025-02-19 21:15:00,2025-02-19 21:00:00,22.3,48,5.0,0.0
50,12234796,pm25,123.0,µg/m³,2025-02-19 21:30:00,2025-02-19 21:00:00,22.3,48,5.0,0.0
50,12234796,pm25,101.0,µg/m³,2025-02-19 21:45:00,2025-02-19 21:00:00,22.3,48,5.0,0.0
50,12234796,pm25,101.0,µg/m³,2025-02-19 22:00:00,2025-02-19 22:00:00,21.1,54,6.1,0.2
50,12234796,pm25,101.0,µg/m³,2025-02-19 22:15:00,2025-02-19 22:00:00,21.1,54,6.1,0.2
50,12234796,pm25,101.0,µg/m³,2025-02-19 22:30:00,2025-02-19 22:00:00,21.1,54,6.1,0.2
50,12234796,pm25,90.0,µg/m³,2025-02-19 22:45:00,2025-02-19 22:00:00,21.1,54,6.1,0.2
50,12234796,pm25,90.0,µg/m³,2025-02-19 23:00:00,2025-02-19 23:00:00,19.2,67,0.8,0.3
50,12234796,pm25,90.0,µg/m³,2025-02-19 23:15:00,2025-02-19 23:00:00,19.2,67,0.8,0.3
50,12234796,pm25,90.0,µg/m³,2025-02-19 23:30:00,2025-02-19 23:00:00,19.2,67,0.8,0.3
50,12234796,pm25,78.0,µg/m³,2025-02-20 00:30:00,2025-02-20 00:00:00,19.1,67,7.4,0.0
50,12234796,pm25,69.0,µg/m³,2025-02-20 00:45:00,2025-02-20 00:00:00,19.1,67,7.4,0.0
50,12234796,pm25,69.0,µg/m³,2025-02-20 01:00:00,2025-02-20 01:00:00,17.7,73,1.8,0.4
50,12234796,pm25,69.0,µg/m³,2025-02-20 01:15:00,2025-02-20 01:00:00,17.7,73,1.8,0.4
50,12234796,pm25,69.0,µg/m³,2025-02-20 01:30:00,2025-02-20 01:00:00,17.7,73,1.8,0.4
50,12234796,pm25,92.0,µg/m³,2025-02-20 01:45:00,2025-02-20 01:00:00,17.7,73,1.8,0.4
50,12234796,pm25,92.0,µg/m³,2025-02-20 02:00:00,2025-02-20 02:00:00,17.4,74,8.2,0.0
50,12234796,pm25,92.0,µg/m³,2025-02-20 02:15:00,2025-02-20 02:00:00,17.4,74,8.2,0.0
50,12234796,pm25,92.0,µg/m³,2025-02-20 02:30:00,2025-02-20 02:00:00,17.4,74,8.2,0.0
50,12234796,pm25,62.0,µg/m³,2025-02-20 02:45:00,2025-02-20 02:00:00,17.4,74,8.2,0.0
50,12234796,pm25,62.0,µg/m³,2025-02-20 03:00:00,2025-02-20 03:00:00,16.4,81,11.6,0.5
50,12234797,relativehumidity,75.0,%,2025-02-19 01:30:00,2025-02-19 01:00:00,16.8,63,4.2,0.0
50,12234797,relativehumidity,76.0,%,2025-02-19 01:45:00,2025-02-19 01:00:00,16.8,63,4.2,0.0
50,12234797,relativehumidity,76.0,%,2025-02-19 02:00:00,2025-02-19 02:00:00,16.0,66,4.1,0.0
50,12234797,relativehumidity,75.0,%,2025-02-19 02:15:00,2025-02-19 02:00:00,16.0,66,4.1,0.0
50,12234797,relativehumidity,75.0,%,2025-02-19 02:30:00,2025-02-19 02:00:00,16.0,66,4.1,0.0
50,12234797,relativehumidity,74.0,%,2025-02-19 02:45:00,2025-02-19 02:00:00,16.0,66,4.1,0.0
50,12234797,relativehumidity,74.0,%,2025-02-19 03:00:00,2025-02-19 03:00:00,15.3,68,4.5,0.0
50,12234797,relativehumidity,74.0,%,2025-02-19 03:15:00,2025-02-19 03:00:00,15.3,68,4.5,0.0
50,12234797,relativehumidity,72.0,%,2025-02-19 03:30:00,2025-02-19 03:00:00,15.3,68,4.5,0.0
50,12234797,relativehumidity,71.0,%,2025-02-19 03:45:00,2025-02-19 03:00:00,15.3,68,4.5,0.0
50,12234797,relativehumidity,72.0,%,2025-02-19 04:00:00,2025-02-19 04:00:00,14.7,70,4.4,0.0
50,12234797,relativehumidity,73.0,%,2025-02-19 04:15:00,2025-02-19 04:00:00,14.7,70,4.4,0.0
50,12234797,relativehumidity,74.0,%,2025-02-19 04:30:00,2025-02-19 04:00:00,14.7,70,4.4,0.0
50,12234797,relativehumidity,75.0,%,2025-02-19 04:45:00,2025-02-19 04:00:00,14.7,70,4.4,0.0
50,12234797,relativehumidity,75.0,%,2025-02-19 05:00:00,2025-02-19 05:00:00,14.2,70,4.5,0.0
50,12234797,relativehumidity,75.0,%,2025-02-19 05:15:00,2025-02-19 05:00:00,14.2,70,4.5,0.0
50,12234797,relativehumidity,76.0,%,2025-02-19 05:30:00,2025-02-19 05:00:00,14.2,70,4.5,0.0
50,12234797,relativehumidity,76.0,%,2025-02-19 05:45:00,2025-02-19 05:00:00,14.2,70,4.5,0.0
50,12234797,relativehumidity,76.0,%,2025-02-19 06:00:00,2025-02-19 06:00:00,13.8,76,4.3,0.0
50,12234797,relativehumidity,76.0,%,2025-02-19 06:15:00,2025-02-19 06:00:00,13.8,76,4.3,0.0
50,12234797,relativehumidity,75.0,%,2025-02-19 06:30:00,2025-02-19 06:00:00,13.8,76,4.3,0.0
50,12234797,relativehumidity,74.0,%,2025-02-19 06:45:00,2025-02-19 06:00:00,13.8,76,4.3,0.0
50,12234797,relativehumidity,73.0,%,2025-02-19 07:00:00,2025-02-19 07:00:00,14.2,74,4.7,0.0
50,12234797,relativehumidity,73.0,%,2025-02-19 07:15:00,2025-02-19 07:00:00,14.2,74,4.7,0.0
50,12234797,relativehumidity,71.0,%,2025-02-19 07:30:00,2025-02-19 07:00:00,14.2,74,4.7,0.0
50,12234797,relativehumidity,68.0,%,2025-02-19 07:45:00,2025-02-19 07:00:00,14.2,74,4.7,0.0
50,12234797,relativehumidity,65.0,%,2025-02-19 08:00:00,2025-02-19 08:00:00,15.9,67,5.4,0.0
50,12234797,relativehumidity,63.0,%,2025-02-19 08:15:00,2025-02-19 08:00:00,15.9,67,5.4,0.0
50,12234797,relativehumidity,62.0,%,2025-02-19 08:30:00,2025-02-19 08:00:00,15.9,67,5.4,0.0
50,12234797,relativehumidity,61.0,%,2025-02-19 08:45:00,2025-02-19 08:00:00,15.9,67,5.4,0.0
50,12234797,relativehumidity,59.0,%,2025-02-19 09:00:00,2025-02-19 09:00:00,19.0,54,3.4,0.0
50,12234797,relativehumidity,58.0,%,2025-02-19 09:15:00,2025-02-19 09:00:00,19.0,54,3.4,0.0
50,12234797,relativehumidity,56.0,%,2025-02-19 09:30:00,2025-02-19 09:00:00,19.0,54,3.4,0.0
50,12234797,relativehumidity,54.0,%,2025-02-19 09:45:00,2025-02-19 09:00:00,19.0,54,3.4,0.0
50,12234797,relativehumidity,51.0,%,2025-02-19 10:00:00,2025-02-19 10:00:00,22.0,43,4.0,0.0
50,12234797,relativehumidity,49.0,%,2025-02-19 10:15:00,2025-02-19 10:00:00,22.0,43,4.0,0.0
50,12234797,relativehumidity,48.0,%,2025-02-19 10:30:00,2025-02-19 10:00:00,22.0,43,4.0,0.0
50,12234797,relativehumidity,45.0,%,2025-02-19 10:45:00,2025-02-19 10:00:00,22.0,43,4.0,0.0
50,12234797,relativehumidity,43.0,%,2025-02-19 11:00:00,2025-02-19 11:00:00,24.4,34,5.4,0.0
50,12234797,relativehumidity,41.0,%,2025-02-19 11:15:00,2025-02-19 11:00:00,24.4,34,5.4,0.0
50,12234797,relativehumidity,41.0,%,2025-02-19 11:30:00,2025-02-19 11:00:00,24.4,34,5.4,0.0
50,12234797,relativehumidity,40.0,%,2025-02-19 11:45:00,2025-02-19 11:00:00,24.4,34,5.4,0.0
50,12234797,relativehumidity,39.0,%,2025-02-19 12:00:00,2025-02-19 12:00:00,26.0,27,6.3,0.0
50,12234797,relativehumidity,38.0,%,2025-02-19 12:15:00,2025-02-19 12:00:00,26.0,27,6.3,0.0
50,12234797,relativehumidity,39.0,%,2025-02-19 12:30:00,2025-02-19 12:00:00,26.0,27,6.3,0.0
50,12234797,relativehumidity,38.0,%,2025-02-19 12:45:00,2025-02-19 12:00:00,26.0,27,6.3,0.0
50,12234797,relativehumidity,37.0,%,2025-02-19 13:00:00,2025-02-19 13:00:00,27.0,23,6.7,0.0
50,12234797,relativehumidity,37.0,%,2025-02-19 13:15:00,2025-02-19 13:00:00,27.0,23,6.7,0.0
50,12234797,relativehumidity,37.0,%,2025-02-19 13:30:00,2025-02-19 13:00:00,27.0,23,6.7,0.0
50,12234797,relativehumidity,38.0,%,2025-02-19 13:45:00,2025-02-19 13:00:00,27.0,23,6.7,0.0
50,12234797,relativehumidity,38.0,%,2025-02-19 14:00:00,2025-02-19 14:00:00,27.6,22,7.3,0.0
50,12234797,relativehumidity,36.0,%,2025-02-19 14:15:00,2025-02-19 14:00:00,27.6,22,7.3,0.0
50,12234797,relativehumidity,36.0,%,2025-02-19 14:30:00,2025-02-19 14:00:00,27.6,22,7.3,0.0
50,12234797,relativehumidity,35.0,%,2025-02-19 14:45:00,2025-02-19 14:00:00,27.6,22,7.3,0.0
50,12234797,relativehumidity,35.0,%,2025-02-19 15:00:00,2025-02-19 15:00:00,27.5,24,9.0,0.0
50,12234797,relativehumidity,34.0,%,2025-02-19 15:15:00,2025-02-19 15:00:00,27.5,24,9.0,0.0
50,12234797,relativehumidity,34.0,%,2025-02-19 15:30:00,2025-02-19 15:00:00,27.5,24,9.0,0.0
50,12234797,relativehumidity,35.0,%,2025-02-19 15:45:00,2025-02-19 15:00:00,27.5,24,9.0,0.0
50,12234797,relativehumidity,36.0,%,2025-02-19 16:00:00,2025-02-19 16:00:00,26.9,26,9.3,0.0
50,12234797,relativehumidity,36.0,%,2025-02-19 16:15:00,2025-02-19 16:00:00,26.9,26,9.3,0.0
50,12234797,relativehumidity,37.0,%,2025-02-19 16:30:00,2025-02-19 16:00:00,26.9,26,9.3,0.0
50,12234797,relativehumidity,39.0,%,2025-02-19 16:45:00,2025-02-19 16:00:00,26.9,26,9.3,0.0
50,12234797,relativehumidity,40.0,%,2025-02-19 17:00:00,2025-02-19 17:00:00,25.9,29,7.9,0.0
50,12234797,relativehumidity,41.0,%,2025-02-19 17:15:00,2025-02-19 17:00:00,25.9,29,7.9,0.0
50,12234797,relativehumidity,42.0,%,2025-02-19 17:30:00,2025-02-19 17:00:00,25.9,29,7.9,0.0
50,12234797,relativehumidity,42.0,%,2025-02-19 17:45:00,2025-02-19 17:00:00,25.9,29,7.9,0.0
50,12234797,relativehumidity,43.0,%,2025-02-19 18:00:00,2025-02-19 18:00:00,25.1,33,5.3,0.0
50,12234797,relativehumidity,44.0,%,2025-02-19 18:15:00,2025-02-19 18:00:00,25.1,33,5.3,0.0
50,12234797,relativehumidity,45.0,%,2025-02-19 18:30:00,2025-02-19 18:00:00,25.1,33,5.3,0.0
50,12234797,relativehumidity,46.0,%,2025-02-19 18:45:00,2025-02-19 18:00:00,25.1,33,5.3,0.0
50,12234797,relativehumidity,46.0,%,2025-02-19 19:00:00,2025-02-19 19:00:00,24.2,39,3.1,0.0
50,12234797,relativehumidity,45.0,%,2025-02-19 19:15:00,2025-02-19 19:00:00,24.2,39,3.1,0.0
50,12234797,relativehumidity,46.0,%,2025-02-19 19:30:00,2025-02-19 19:00:00,24.2,39,3.1,0.0
50,12234797,relativehumidity,47.0,%,2025-02-19 19:45:00,2025-02-19 19:00:00,24.2,39,3.1,0.0
50,12234797,relativehumidity,48.0,%,2025-02-19 20:00:00,2025-02-19 20:00:00,23.0,45,3.1,0.0
50,12234797,relativehumidity,49.0,%,2025-02-19 20:15:00,2025-02-19 20:00:00,23.0,45,3.1,0.0
50,12234797,relativehumidity,51.0,%,2025-02-19 20:30:00,2025-02-19 20:00:00,23.0,45,3.1,0.0
50,12234797,relativehumidity,52.0,%,2025-02-19 20:45:00,2025-02-19 20:00:00,23.0,45,3.1,0.0
50,12234797,relativehumidity,53.0,%,2025-02-19 21:00:00,2025-02-19 21:00:00,22.3,48,5.0,0.0
50,12234797,relativehumidity,50.0,%,2025-02-19 21:15:00,2025-02-19 21:00:00,22.3,48,5.0,0.0
50,12234797,relativehumidity,49.0,%,2025-02-19 21:30:00,2025-02-19 21:00:00,22.3,48,5.0,0.0
50,12234797,relativehumidity,49.0,%,2025-02-19 21:45:00,2025-02-19 21:00:00,22.3,48,5.0,0.0
50,12234797,relativehumidity,51.0,%,2025-02-19 22:00:00,2025-02-19 22:00:00,21.1,54,6.1,0.2
50,12234797,relativehumidity,52.0,%,2025-02-19 22:15:00,2025-02-19 22:00:00,21.1,54,6.1,0.2
50,12234797,relativehumidity,53.0,%,2025-02-19 22:30:00,2025-02-19 22:00:00,21.1,54,6.1,0.2
50,12234797,relativehumidity,54.0,%,2025-02-19 22:45:00,2025-02-19 22:00:00,21.1,54,6.1,0.2
50,12234797,relativehumidity,55.0,%,2025-02-19 23:00:00,2025-02-19 23:00:00,19.2,67,0.8,0.3
50,12234797,relativehumidity,55.0,%,2025-02-19 23:15:00,2025-02-19 23:00:00,19.2,67,0.8,0.3
50,12234797,relativehumidity,56.0,%,2025-02-19 23:30:00,2025-02-19 23:00:00,19.2,67,0.8,0.3
50,12234797,relativehumidity,61.0,%,2025-02-20 00:30:00,2025-02-20 00:00:00,19.1,67,7.4,0.0
50,12234797,relativehumidity,61.0,%,2025-02-20 00:45:00,2025-02-20 00:00:00,19.1,67,7.4,0.0
50,12234797,relativehumidity,63.0,%,2025-02-20 01:00:00,2025-02-20 01:00:00,17.7,73,1.8,0.4
50,12234797,relativehumidity,62.0,%,2025-02-20 01:15:00,2025-02-20 01:00:00,17.7,73,1.8,0.4
50,12234797,relativehumidity,61.0,%,2025-02-20 01:30:00,2025-02-20 01:00:00,17.7,73,1.8,0.4
50,12234797,relativehumidity,67.0,%,2025-02-20 01:45:00,2025-02-20 01:00:00,17.7,73,1.8,0.4
50,12234797,relativehumidity,74.0,%,2025-02-20 02:00:00,2025-02-20 02:00:00,17.4,74,8.2,0.0
50,12234797,relativehumidity,75.0,%,2025-02-20 02:15:00,2025-02-20 02:00:00,17.4,74,8.2,0.0
50,12234797,relativehumidity,72.0,%,2025-02-20 02:30:00,2025-02-20 02:00:00,17.4,74,8.2,0.0
50,12234797,relativehumidity,78.0,%,2025-02-20 02:45:00,2025-02-20 02:00:00,17.4,74,8.2,0.0
50,12234797,relativehumidity,83.0,%,2025-02-20 03:00:00,2025-02-20 03:00:00,16.4,81,11.6,0.5
50,12234798,so2,44.2,ppb,2025-02-19 01:30:00,2025-02-19 01:00:00,16.8,63,4.2,0.0
50,12234798,so2,41.2,ppb,2025-02-19 01:45:00,2025-02-19 01:00:00,16.8,63,4.2,0.0
50,12234798,so2,43.0,ppb,2025-02-19 02:45:00,2025-02-19 02:00:00,16.0,66,4.1,0.0
50,12234798,so2,45.6,ppb,2025-02-19 03:00:00,2025-02-19 03:00:00,15.3,68,4.5,0.0
50,12234798,so2,47.7,ppb,2025-02-19 03:15:00,2025-02-19 03:00:00,15.3,68,4.5,0.0
50,12234798,so2,43.6,ppb,2025-02-19 03:30:00,2025-02-19 03:00:00,15.3,68,4.5,0.0
50,12234798,so2,41.1,ppb,2025-02-19 03:45:00,2025-02-19 03:00:00,15.3,68,4.5,0.0
50,12234798,so2,36.5,ppb,2025-02-19 04:00:00,2025-02-19 04:00:00,14.7,70,4.4,0.0
50,12234798,so2,37.5,ppb,2025-02-19 04:15:00,2025-02-19 04:00:00,14.7,70,4.4,0.0
50,12234798,so2,39.9,ppb,2025-02-19 04:30:00,2025-02-19 04:00:00,14.7,70,4.4,0.0
50,12234798,so2,44.2,ppb,2025-02-19 04:45:00,2025-02-19 04:00:00,14.7,70,4.4,0.0
50,12234798,so2,41.7,ppb,2025-02-19 05:00:00,2025-02-19 05:00:00,14.2,70,4.5,0.0
50,12234798,so2,40.3,ppb,2025-02-19 05:15:00,2025-02-19 05:00:00,14.2,70,4.5,0.0
50,12234798,so2,39.6,ppb,2025-02-19 05:30:00,2025-02-19 05:00:00,14.2,70,4.5,0.0
50,12234798,so2,34.6,ppb,2025-02-19 05:45:00,2025-02-19 05:00:00,14.2,70,4.5,0.0
50,12234798,so2,31.0,ppb,2025-02-19 06:00:00,2025-02-19 06:00:00,13.8,76,4.3,0.0
50,12234798,so2,31.7,ppb,2025-02-19 06:15:00,2025-02-19 06:00:00,13.8,76,4.3,0.0
50,12234798,so2,33.6,ppb,2025-02-19 06:30:00,2025-02-19 06:00:00,13.8,76,4.3,0.0
50,12234798,so2,33.1,ppb,2025-02-19 06:45:00,2025-02-19 06:00:00,13.8,76,4.3,0.0
50,12234798,so2,30.9,ppb,2025-02-19 07:00:00,2025-02-19 07:00:00,14.2,74,4.7,0.0
50,12234798,so2,29.6,ppb,2025-02-19 07:15:00,2025-02-19 07:00:00,14.2,74,4.7,0.0
50,12234798,so2,29.4,ppb,2025-02-19 07:30:00,2025-02-19 07:00:00,14.2,74,4.7,0.0
50,12234798,so2,24.8,ppb,2025-02-19 07:45:00,2025-02-19 07:00:00,14.2,74,4.7,0.0
50,12234798,so2,26.5,ppb,2025-02-19 08:00:00,2025-02-19 08:00:00,15.9,67,5.4,0.0
50,12234798,so2,27.7,ppb,2025-02-19 08:15:00,2025-02-19 08:00:00,15.9,67,5.4,0.0
50,12234798,so2,35.1,ppb,2025-02-19 08:30:00,2025-02-19 08:00:00,15.9,67,5.4,0.0
50,12234798,so2,36.3,ppb,2025-02-19 08:45:00,2025-02-19 08:00:00,15.9,67,5.4,0.0
50,12234798,so2,29.5,ppb,2025-02-19 09:00:00,2025-02-19 09:00:00,19.0,54,3.4,0.0
50,12234798,so2,28.7,ppb,2025-02-19 09:15:00,2025-02-19 09:00:00,19.0,54,3.4,0.0
50,12234798,so2,32.7,ppb,2025-02-19 09:30:00,2025-02-19 09:00:00,19.0,54,3.4,0.0
50,12234798,so2,37.6,ppb,2025-02-19 09:45:00,2025-02-19 09:00:00,19.0,54,3.4,0.0
50,12234798,so2,36.7,ppb,2025-02-19 10:00:00,2025-02-19 10:00:00,22.0,43,4.0,0.0
50,12234798,so2,35.3,ppb,2025-02-19 10:15:00,2025-02-19 10:00:00,22.0,43,4.0,0.0
50,12234798,so2,33.1,ppb,2025-02-19 10:30:00,2025-02-19 10:00:00,22.0,43,4.0,0.0
50,12234798,so2,32.3,ppb,2025-02-19 10:45:00,2025-02-19 10:00:00,22.0,43,4.0,0.0
50,12234798,so2,30.5,ppb,2025-02-19 11:00:00,2025-02-19 11:00:00,24.4,34,5.4,0.0
50,12234798,so2,27.0,ppb,2025-02-19 11:15:00,2025-02-19 11:00:00,24.4,34,5.4,0.0
50,12234798,so2,20.2,ppb,2025-02-19 11:30:00,2025-02-19 11:00:00,24.4,34,5.4,0.0
50,12234798,so2,20.4,ppb,2025-02-19 11:45:00,2025-02-19 11:00:00,24.4,34,5.4,0.0
50,12234798,so2,21.5,ppb,2025-02-19 12:00:00,2025-02-19 12:00:00,26.0,27,6.3,0.0
50,12234798,so2,21.8,ppb,2025-02-19 12:15:00,2025-02-19 12:00:00,26.0,27,6.3,0.0
50,12234798,so2,19.4,ppb,2025-02-19 12:30:00,2025-02-19 12:00:00,26.0,27,6.3,0.0
50,12234798,so2,20.6,ppb,2025-02-19 12:45:00,2025-02-19 12:00:00,26.0,27,6.3,0.0
50,12234798,so2,20.7,ppb,2025-02-19 13:00:00,2025-02-19 13:00:00,27.0,23,6.7,0.0
50,12234798,so2,23.4,ppb,2025-02-19 13:15:00,2025-02-19 13:00:00,27.0,23,6.7,0.0
50,12234798,so2,24.9,ppb,2025-02-19 13:30:00,2025-02-19 13:00:00,27.0,23,6.7,0.0
50,12234798,so2,29.8,ppb,2025-02-19 13:45:00,2025-02-19 13:00:00,27.0,23,6.7,0.0
50,12234798,so2,30.8,ppb,2025-02-19 14:00:00,2025-02-19 14:00:00,27.6,22,7.3,0.0
50,12234798,so2,29.2,ppb,2025-02-19 14:15:00,2025-02-19 14:00:00,27.6,22,7.3,0.0
50,12234798,so2,31.3,ppb,2025-02-19 14:30:00,2025-02-19 14:00:00,27.6,22,7.3,0.0
50,12234798,so2,33.5,ppb,2025-02-19 14:45:00,2025-02-19 14:00:00,27.6,22,7.3,0.0
50,12234798,so2,32.7,ppb,2025-02-19 15:00:00,2025-02-19 15:00:00,27.5,24,9.0,0.0
50,12234798,so2,39.1,ppb,2025-02-19 15:15:00,2025-02-19 15:00:00,27.5,24,9.0,0.0
50,12234798,so2,41.9,ppb,2025-02-19 15:30:00,2025-02-19 15:00:00,27.5,24,9.0,0.0
50,12234798,so2,40.1,ppb,2025-02-19 15:45:00,2025-02-19 15:00:00,27.5,24,9.0,0.0
50,12234798,so2,40.5,ppb,2025-02-19 16:00:00,2025-02-19 16:00:00,26.9,26,9.3,0.0
50,12234798,so2,40.1,ppb,2025-02-19 16:15:00,2025-02-19 16:00:00,26.9,26,9.3,0.0
50,12234798,so2,37.0,ppb,2025-02-19 16:30:00,2025-02-19 16:00:00,26.9,26,9.3,0.0
50,12234798,so2,38.9,ppb,2025-02-19 16:45:00,2025-02-19 16:00:00,26.9,26,9.3,0.0
50,12234798,so2,34.9,ppb,2025-02-19 17:00:00,2025-02-19 17:00:00,25.9,29,7.9,0.0
50,12234798,so2,26.5,ppb,2025-02-19 17:15:00,2025-02-19 17:00:00,25.9,29,7.9,0.0
50,12234798,so2,25.5,ppb,2025-02-19 17:30:00,2025-02-19 17:00:00,25.9,29,7.9,0.0
50,12234798,so2,24.4,ppb,2025-02-19 17:45:00,2025-02-19 17:00:00,25.9,29,7.9,0.0
50,12234798,so2,23.9,ppb,2025-02-19 18:00:00,2025-02-19 18:00:00,25.1,33,5.3,0.0
50,12234798,so2,25.0,ppb,2025-02-19 18:15:00,2025-02-19 18:00:00,25.1,33,5.3,0.0
50,12234798,so2,21.6,ppb,2025-02-19 18:30:00,2025-02-19 18:00:00,25.1,33,5.3,0.0
50,12234798,so2,21.9,ppb,2025-02-19 18:45:00,2025-02-19 18:00:00,25.1,33,5.3,0.0
50,12234798,so2,17.4,ppb,2025-02-19 19:00:00,2025-02-19 19:00:00,24.2,39,3.1,0.0
50,12234798,so2,16.3,ppb,2025-02-19 19:15:00,2025-02-19 19:00:00,24.2,39,3.1,0.0
50,12234798,so2,19.1,ppb,2025-02-19 19:30:00,2025-02-19 19:00:00,24.2,39,3.1,0.0
50,12234798,so2,18.1,ppb,2025-02-19 19:45:00,2025-02-19 19:00:00,24.2,39,3.1,0.0
50,12234798,so2,18.5,ppb,2025-02-19 20:00:00,2025-02-19 20:00:00,23.0,45,3.1,0.0
50,12234798,so2,17.3,ppb,2025-02-19 20:15:00,2025-02-19 20:00:00,23.0,45,3.1,0.0
50,12234798,so2,13.4,ppb,2025-02-19 20:30:00,2025-02-19 20:00:00,23.0,45,3.1,0.0
50,12234798,so2,12.2,ppb,2025-02-19 20:45:00,2025-02-19 20:00:00,23.0,45,3.1,0.0
50,12234798,so2,14.7,ppb,2025-02-19 21:00:00,2025-02-19 21:00:00,22.3,48,5.0,0.0
50,12234798,so2,14.8,ppb,2025-02-19 21:15:00,2025-02-19 21:00:00,22.3,48,5.0,0.0
50,12234798,so2,17.4,ppb,2025-02-19 21:30:00,2025-02-19 21:00:00,22.3,48,5.0,0.0
50,12234798,so2,12.7,ppb,2025-02-19 21:45:00,2025-02-19 21:00:00,22.3,48,5.0,0.0
50,12234798,so2,17.2,ppb,2025-02-19 22:00:00,2025-02-19 22:00:00,21.1,54,6.1,0.2
50,12234798,so2,20.3,ppb,2025-02-19 22:15:00,2025-02-19 22:00:00,21.1,54,6.1,0.2
50,12234798,so2,17.0,ppb,2025-02-19 22:30:00,2025-02-19 22:00:00,21.1,54,6.1,0.2
50,12234798,so2,15.0,ppb,2025-02-19 22:45:00,2025-02-19 22:00:00,21.1,54,6.1,0.2
50,12234798,so2,14.0,ppb,2025-02-19 23:00:00,2025-02-19 23:00:00,19.2,67,0.8,0.3
50,12234798,so2,11.9,ppb,2025-02-19 23:15:00,2025-02-19 23:00:00,19.2,67,0.8,0.3
50,12234798,so2,13.2,ppb,2025-02-19 23:30:00,2025-02-19 23:00:00,19.2,67,0.8,0.3
50,12234798,so2,19.9,ppb,2025-02-20 00:30:00,2025-02-20 00:00:00,19.1,67,7.4,0.0
50,12234798,so2,20.8,ppb,2025-02-20 00:45:00,2025-02-20 00:00:00,19.1,67,7.4,0.0
50,12234798,so2,25.0,ppb,2025-02-20 01:00:00,2025-02-20 01:00:00,17.7,73,1.8,0.4
50,12234798,so2,27.4,ppb,2025-02-20 01:15:00,2025-02-20 01:00:00,17.7,73,1.8,0.4
50,12234798,so2,29.2,ppb,2025-02-20 01:30:00,2025-02-20 01:00:00,17.7,73,1.8,0.4
50,12234798,so2,27.9,ppb,2025-02-20 01:45:00,2025-02-20 01:00:00,17.7,73,1.8,0.4
50,12234798,so2,35.2,ppb,2025-02-20 02:45:00,2025-02-20 02:00:00,17.4,74,8.2,0.0
50,12234798,so2,31.1,ppb,2025-02-20 03:00:00,2025-02-20 03:00:00,16.4,81,11.6,0.5
50,12234798,so2,27.4,ppb,2025-02-20 03:15:00,2025-02-20 03:00:00,16.4,81,11.6,0.5
50,12234798,so2,30.0,ppb,2025-02-20 03:30:00,2025-02-20 03:00:00,16.4,81,11.6,0.5
50,12234798,so2,35.6,ppb,2025-02-20 03:45:00,2025-02-20 03:00:00,16.4,81,11.6,0.5
50,12234798,so2,29.3,ppb,2025-02-20 04:00:00,2025-02-20 04:00:00,15.7,88,12.9,2.0
50,12234798,so2,30.5,ppb,2025-02-20 04:15:00,2025-02-20 04:00:00,15.7,88,12.9,2.0
50,12234798,so2,25.0,ppb,2025-02-20 04:30:00,2025-02-20 04:00:00,15.7,88,12.9,2.0
50,12234799,temperature,17.1,c,2025-02-19 01:30:00,2025-02-19 01:00:00,16.8,63,4.2,0.0
50,12234799,temperature,17.1,c,2025-02-19 01:45:00,2025-02-19 01:00:00,16.8,63,4.2,0.0
50,12234799,temperature,17.1,c,2025-02-19 02:00:00,2025-02-19 02:00:00,16.0,66,4.1,0.0
50,12234799,temperature,17.1,c,2025-02-19 02:15:00,2025-02-19 02:00:00,16.0,66,4.1,0.0
50,12234799,temperature,17.0,c,2025-02-19 02:30:00,2025-02-19 02:00:00,16.0,66,4.1,0.0
50,12234799,temperature,17.1,c,2025-02-19 02:45:00,2025-02-19 02:00:00,16.0,66,4.1,0.0
50,12234799,temperature,17.1,c,2025-02-19 03:00:00,2025-02-19 03:00:00,15.3,68,4.5,0.0
50,12234799,temperature,17.1,c,2025-02-19 03:15:00,2025-02-19 03:00:00,15.3,68,4.5,0.0
50,12234799,temperature,17.3,c,2025-02-19 03:30:00,2025-02-19 03:00:00,15.3,68,4.5,0.0
50,12234799,temperature,17.3,c,2025-02-19 03:45:00,2025-02-19 03:00:00,15.3,68,4.5,0.0
50,12234799,temperature,17.1,c,2025-02-19 04:00:00,2025-02-19 04:00:00,14.7,70,4.4,0.0
50,12234799,temperature,16.9,c,2025-02-19 04:15:00,2025-02-19 04:00:00,14.7,70,4.4,0.0
50,12234799,temperature,16.8,c,2025-02-19 04:30:00,2025-02-19 04:00:00,14.7,70,4.4,0.0
50,12234799,temperature,16.7,c,2025-02-19 04:45:00,2025-02-19 04:00:00,14.7,70,4.4,0.0
50,12234799,temperature,16.7,c,2025-02-19 05:00:00,2025-02-19 05:00:00,14.2,70,4.5,0.0
50,12234799,temperature,16.6,c,2025-02-19 05:15:00,2025-02-19 05:00:00,14.2,70,4.5,0.0
50,12234799,temperature,16.4,c,2025-02-19 05:30:00,2025-02-19 05:00:00,14.2,70,4.5,0.0
50,12234799,temperature,16.5,c,2025-02-19 05:45:00,2025-02-19 05:00:00,14.2,70,4.5,0.0
50,12234799,temperature,16.4,c,2025-02-19 06:00:00,2025-02-19 06:00:00,13.8,76,4.3,0.0
50,12234799,temperature,16.5,c,2025-02-19 06:15:00,2025-02-19 06:00:00,13.8,76,4.3,0.0
50,12234799,temperature,16.5,c,2025-02-19 06:30:00,2025-02-19 06:00:00,13.8,76,4.3,0.0
50,12234799,temperature,16.6,c,2025-02-19 06:45:00,2025-02-19 06:00:00,13.8,76,4.3,0.0
50,12234799,temperature,16.7,c,2025-02-19 07:00:00,2025-02-19 07:00:00,14.2,74,4.7,0.0
50,12234799,temperature,16.7,c,2025-02-19 07:15:00,2025-02-19 07:00:00,14.2,74,4.7,0.0
50,12234799,temperature,17.0,c,2025-02-19 07:30:00,2025-02-19 07:00:00,14.2,74,4.7,0.0
50,12234799,temperature,17.5,c,2025-02-19 07:45:00,2025-02-19 07:00:00,14.2,74,4.7,0.0
50,12234799,temperature,18.1,c,2025-02-19 08:00:00,2025-02-19 08:00:00,15.9,67,5.4,0.0
50,12234799,temperature,18.3,c,2025-02-19 08:15:00,2025-02-19 08:00:00,15.9,67,5.4,0.0
50,12234799,temperature,18.4,c,2025-02-19 08:30:00,2025-02-19 08:00:00,15.9,67,5.4,0.0
50,12234799,temperature,18.7,c,2025-02-19 08:45:00,2025-02-19 08:00:00,15.9,67,5.4,0.0
50,12234799,temperature,19.0,c,2025-02-19 09:00:00,2025-02-19 09:00:00,19.0,54,3.4,0.0
50,12234799,temperature,19.3,c,2025-02-19 09:15:00,2025-02-19 09:00:00,19.0,54,3.4,0.0
50,12234799,temperature,19.5,c,2025-02-19 09:30:00,2025-02-19 09:00:00,19.0,54,3.4,0.0
50,12234799,temperature,20.0,c,2025-02-19 09:45:00,2025-02-19 09:00:00,19.0,54,3.4,0.0
50,12234799,temperature,20.5,c,2025-02-19 10:00:00,2025-02-19 10:00:00,22.0,43,4.0,0.0
50,12234799,temperature,20.9,c,2025-02-19 10:15:00,2025-02-19 10:00:00,22.0,43,4.0,0.0
50,12234799,temperature,21.3,c,2025-02-19 10:30:00,2025-02-19 10:00:00,22.0,43,4.0,0.0
50,12234799,temperature,21.9,c,2025-02-19 10:45:00,2025-02-19 10:00:00,22.0,43,4.0,0.0
50,12234799,temperature,22.3,c,2025-02-19 11:00:00,2025-02-19 11:00:00,24.4,34,5.4,0.0
50,12234799,temperature,22.8,c,2025-02-19 11:15:00,2025-02-19 11:00:00,24.4,34,5.4,0.0
50,12234799,temperature,23.1,c,2025-02-19 11:30:00,2025-02-19 11:00:00,24.4,34,5.4,0.0
50,12234799,temperature,23.3,c,2025-02-19 11:45:00,2025-02-19 11:00:00,24.4,34,5.4,0.0
50,12234799,temperature,23.6,c,2025-02-19 12:00:00,2025-02-19 12:00:00,26.0,27,6.3,0.0
50,12234799,temperature,23.7,c,2025-02-19 12:15:00,2025-02-19 12:00:00,26.0,27,6.3,0.0
50,12234799,temperature,23.7,c,2025-02-19 12:30:00,2025-02-19 12:00:00,26.0,27,6.3,0.0
50,12234799,temperature,23.9,c,2025-02-19 12:45:00,2025-02-19 12:00:00,26.0,27,6.3,0.0
50,12234799,temperature,24.1,c,2025-02-19 13:00:00,2025-02-19 13:00:00,27.0,23,6.7,0.0
50,12234799,temperature,24.3,c,2025-02-19 13:15:00,2025-02-19 13:00:00,27.0,23,6.7,0.0
50,12234799,temperature,24.6,c,2025-02-19 13:30:00,2025-02-19 13:00:00,27.0,23,6.7,0.0
50,12234799,temperature,25.0,c,2025-02-19 13:45:00,2025-02-19 13:00:00,27.0,23,6.7,0.0
50,12234799,temperature,25.1,c,2025-02-19 14:00:00,2025-02-19 14:00:00,27.6,22,7.3,0.0
50,12234799,temperature,25.0,c,2025-02-19 14:15:00,2025-02-19 14:00:00,27.6,22,7.3,0.0
50,12234799,temperature,24.5,c,2025-02-19 14:30:00,2025-02-19 14:00:00,27.6,22,7.3,0.0
50,12234799,temperature,25.1,c,2025-02-19 14:45:00,2025-02-19 14:00:00,27.6,22,7.3,0.0
50,12234799,temperature,25.0,c,2025-02-19 15:00:00,2025-02-19 15:00:00,27.5,24,9.0,0.0
50,12234799,temperature,25.7,c,2025-02-19 15:15:00,2025-02-19 15:00:00,27.5,24,9.0,0.0
50,12234799,temperature,25.5,c,2025-02-19 15:30:00,2025-02-19 15:00:00,27.5,24,9.0,0.0
50,12234799,temperature,24.8,c,2025-02-19 15:45:00,2025-02-19 15:00:00,27.5,24,9.0,0.0
50,12234799,temperature,25.2,c,2025-02-19 16:00:00,2025-02-19 16:00:00,26.9,26,9.3,0.0
50,12234799,temperature,25.2,c,2025-02-19 16:15:00,2025-02-19 16:00:00,26.9,26,9.3,0.0
50,12234799,temperature,24.8,c,2025-02-19 16:30:00,2025-02-19 16:00:00,26.9,26,9.3,0.0
50,12234799,temperature,23.4,c,2025-02-19 16:45:00,2025-02-19 16:00:00,26.9,26,9.3,0.0
50,12234799,temperature,22.9,c,2025-02-19 17:00:00,2025-02-19 17:00:00,25.9,29,7.9,0.0
50,12234799,temperature,22.8,c,2025-02-19 17:15:00,2025-02-19 17:00:00,25.9,29,7.9,0.0
50,12234799,temperature,22.4,c,2025-02-19 17:30:00,2025-02-19 17:00:00,25.9,29,7.9,0.0
50,12234799,temperature,21.9,c,2025-02-19 17:45:00,2025-02-19 17:00:00,25.9,29,7.9,0.0
50,12234799,temperature,21.6,c,2025-02-19 18:00:00,2025-02-19 18:00:00,25.1,33,5.3,0.0
50,12234799,temperature,21.3,c,2025-02-19 18:15:00,2025-02-19 18:00:00,25.1,33,5.3,0.0
50,12234799,temperature,21.0,c,2025-02-19 18:30:00,2025-02-19 18:00:00,25.1,33,5.3,0.0
50,12234799,temperature,20.8,c,2025-02-19 18:45:00,2025-02-19 18:00:00,25.1,33,5.3,0.0
50,12234799,temperature,20.8,c,2025-02-19 19:00:00,2025-02-19 19:00:00,24.2,39,3.1,0.0
50,12234799,temperature,20.8,c,2025-02-19 19:15:00,2025-02-19 19:00:00,24.2,39,3.1,0.0
50,12234799,temperature,20.8,c,2025-02-19 19:30:00,2025-02-19 19:00:00,24.2,39,3.1,0.0
50,12234799,temperature,20.9,c,2025-02-19 19:45:00,2025-02-19 19:00:00,24.2,39,3.1,0.0
50,12234799,temperature,20.9,c,2025-02-19 20:00:00,2025-02-19 20:00:00,23.0,45,3.1,0.0
50,12234799,temperature,20.7,c,2025-02-19 20:15:00,2025-02-19 20:00:00,23.0,45,3.1,0.0
50,12234799,temperature,20.5,c,2025-02-19 20:30:00,2025-02-19 20:00:00,23.0,45,3.1,0.0
50,12234799,temperature,20.4,c,2025-02-19 20:45:00,2025-02-19 20:00:00,23.0,45,3.1,0.0
50,12234799,temperature,20.3,c,2025-02-19 21:00:00,2025-02-19 21:00:00,22.3,48,5.0,0.0
50,12234799,temperature,20.6,c,2025-02-19 21:15:00,2025-02-19 21:00:00,22.3,48,5.0,0.0
50,12234799,temperature,20.9,c,2025-02-19 21:30:00,2025-02-19 21:00:00,22.3,48,5.0,0.0
50,12234799,temperature,20.9,c,2025-02-19 21:45:00,2025-02-19 21:00:00,22.3,48,5.0,0.0
50,12234799,temperature,20.6,c,2025-02-19 22:00:00,2025-02-19 22:00:00,21.1,54,6.1,0.2
50,12234799,temperature,20.4,c,2025-02-19 22:15:00,2025-02-19 22:00:00,21.1,54,6.1,0.2
50,12234799,temperature,20.4,c,2025-02-19 22:30:00,2025-02-19 22:00:00,21.1,54,6.1,0.2
50,12234799,temperature,20.1,c,2025-02-19 22:45:00,2025-02-19 22:00:00,21.1,54,6.1,0.2
50,12234799,temperature,20.1,c,2025-02-19 23:00:00,2025-02-19 23:00:00,19.2,67,0.8,0.3
50,12234799,temperature,20.3,c,2025-02-19 23:15:00,2025-02-19 23:00:00,19.2,67,0.8,0.3
50,12234799,temperature,20.2,c,2025-02-19 23:30:00,2025-02-19 23:00:00,19.2,67,0.8,0.3
50,12234799,temperature,19.4,c,2025-02-20 00:30:00,2025-02-20 00:00:00,19.1,67,7.4,0.0
50,12234799,temperature,19.3,c,2025-02-20 00:45:00,2025-02-20 00:00:00,19.1,67,7.4,0.0
50,12234799,temperature,19.2,c,2025-02-20 01:00:00,2025-02-20 01:00:00,17.7,73,1.8,0.4
50,12234799,temperature,19.4,c,2025-02-20 01:15:00,2025-02-20 01:00:00,17.7,73,1.8,0.4
50,12234799,temperature,19.7,c,2025-02-20 01:30:00,2025-02-20 01:00:00,17.7,73,1.8,0.4
50,12234799,temperature,19.2,c,2025-02-20 01:45:00,2025-02-20 01:00:00,17.7,73,1.8,0.4
50,12234799,temperature,18.6,c,2025-02-20 02:00:00,2025-02-20 02:00:00,17.4,74,8.2,0.0
50,12234799,temperature,18.5,c,2025-02-20 02:15:00,2025-02-20 02:00:00,17.4,74,8.2,0.0
50,12234799,temperature,18.8,c,2025-02-20 02:30:00,2025-02-20 02:00:00,17.4,74,8.2,0.0
50,12234799,temperature,18.5,c,2025-02-20 02:45:00,2025-02-20 02:00:00,17.4,74,8.2,0.0
50,12234799,temperature,18.0,c,2025-02-20 03:00:00,2025-02-20 03:00:00,16.4,81,11.6,0.5
50,14340716,nox,0.0487999999999999,ppb,2025-02-19 01:30:00,2025-02-19 01:00:00,16.8,63,4.2,0.0
50,14340716,nox,0.0456,ppb,2025-02-19 01:45:00,2025-02-19 01:00:00,16.8,63,4.2,0.0
50,14340716,nox,0.0399,ppb,2025-02-19 02:45:00,2025-02-19 02:00:00,16.0,66,4.1,0.0
50,14340716,nox,0.0381,ppb,2025-02-19 03:00:00,2025-02-19 03:00:00,15.3,68,4.5,0.0
50,14340716,nox,0.0373,ppb,2025-02-19 03:15:00,2025-02-19 03:00:00,15.3,68,4.5,0.0
50,14340716,nox,0.0355,ppb,2025-02-19 03:30:00,2025-02-19 03:00:00,15.3,68,4.5,0.0
50,14340716,nox,0.0337,ppb,2025-02-19 03:45:00,2025-02-19 03:00:00,15.3,68,4.5,0.0
50,14340716,nox,0.0318,ppb,2025-02-19 04:00:00,2025-02-19 04:00:00,14.7,70,4.4,0.0
50,14340716,nox,0.0296,ppb,2025-02-19 04:15:00,2025-02-19 04:00:00,14.7,70,4.4,0.0
50,14340716,nox,0.0304,ppb,2025-02-19 04:30:00,2025-02-19 04:00:00,14.7,70,4.4,0.0
50,14340716,nox,0.0343,ppb,2025-02-19 04:45:00,2025-02-19 04:00:00,14.7,70,4.4,0.0
50,14340716,nox,0.0336,ppb,2025-02-19 05:00:00,2025-02-19 05:00:00,14.2,70,4.5,0.0
50,14340716,nox,0.0273,ppb,2025-02-19 05:15:00,2025-02-19 05:00:00,14.2,70,4.5,0.0
50,14340716,nox,0.0261999999999999,ppb,2025-02-19 05:30:00,2025-02-19 05:00:00,14.2,70,4.5,0.0
50,14340716,nox,0.0338,ppb,2025-02-19 05:45:00,2025-02-19 05:00:00,14.2,70,4.5,0.0
50,14340716,nox,0.0394,ppb,2025-02-19 06:00:00,2025-02-19 06:00:00,13.8,76,4.3,0.0
50,14340716,nox,0.0397,ppb,2025-02-19 06:15:00,2025-02-19 06:00:00,13.8,76,4.3,0.0
50,14340716,nox,0.0399,ppb,2025-02-19 06:30:00,2025-02-19 06:00:00,13.8,76,4.3,0.0
50,14340716,nox,0.0407999999999999,ppb,2025-02-19 06:45:00,2025-02-19 06:00:00,13.8,76,4.3,0.0
50,14340716,nox,0.0395,ppb,2025-02-19 07:00:00,2025-02-19 07:00:00,14.2,74,4.7,0.0
50,14340716,nox,0.0392,ppb,2025-02-19 07:15:00,2025-02-19 07:00:00,14.2,74,4.7,0.0
50,14340716,nox,0.0377,ppb,2025-02-19 07:30:00,2025-02-19 07:00:00,14.2,74,4.7,0.0
50,14340716,nox,0.0362,ppb,2025-02-19 07:45:00,2025-02-19 07:00:00,14.2,74,4.7,0.0
50,14340716,nox,0.0358,ppb,2025-02-19 08:00:00,2025-02-19 08:00:00,15.9,67,5.4,0.0
50,14340716,nox,0.0357,ppb,2025-02-19 08:15:00,2025-02-19 08:00:00,15.9,67,5.4,0.0
50,14340716,nox,0.0344,ppb,2025-02-19 08:30:00,2025-02-19 08:00:00,15.9,67,5.4,0.0
50,14340716,nox,0.0331,ppb,2025-02-19 08:45:00,2025-02-19 08:00:00,15.9,67,5.4,0.0
50,14340716,nox,0.0342,ppb,2025-02-19 09:00:00,2025-02-19 09:00:00,19.0,54,3.4,0.0
50,14340716,nox,0.0334,ppb,2025-02-19 09:15:00,2025-02-19 09:00:00,19.0,54,3.4,0.0
50,14340716,nox,0.0308999999999999,ppb,2025-02-19 09:30:00,2025-02-19 09:00:00,19.0,54,3.4,0.0
50,14340716,nox,0.0297,ppb,2025-02-19 09:45:00,2025-02-19 09:00:00,19.0,54,3.4,0.0
50,14340716,nox,0.0293,ppb,2025-02-19 10:00:00,2025-02-19 10:00:00,22.0,43,4.0,0.0
50,14340716,nox,0.0273999999999999,ppb,2025-02-19 10:15:00,2025-02-19 10:00:00,22.0,43,4.0,0.0
50,14340716,nox,0.0261,ppb,2025-02-19 10:30:00,2025-02-19 10:00:00,22.0,43,4.0,0.0
50,14340716,nox,0.0246,ppb,2025-02-19 10:45:00,2025-02-19 10:00:00,22.0,43,4.0,0.0
50,14340716,nox,0.0233999999999999,ppb,2025-02-19 11:00:00,2025-02-19 11:00:00,24.4,34,5.4,0.0
50,14340716,nox,0.0208,ppb,2025-02-19 11:15:00,2025-02-19 11:00:00,24.4,34,5.4,0.0
50,14340716,nox,0.0198999999999999,ppb,2025-02-19 11:30:00,2025-02-19 11:00:00,24.4,34,5.4,0.0
50,14340716,nox,0.0197,ppb,2025-02-19 11:45:00,2025-02-19 11:00:00,24.4,34,5.4,0.0
50,14340716,nox,0.019,ppb,2025-02-19 12:00:00,2025-02-19 12:00:00,26.0,27,6.3,0.0
50,14340716,nox,0.0174,ppb,2025-02-19 12:15:00,2025-02-19 12:00:00,26.0,27,6.3,0.0
50,14340716,nox,0.0161,ppb,2025-02-19 12:30:00,2025-02-19 12:00:00,26.0,27,6.3,0.0
50,14340716,nox,0.015,ppb,2025-02-19 12:45:00,2025-02-19 12:00:00,26.0,27,6.3,0.0
50,14340716,nox,0.0149,ppb,2025-02-19 13:00:00,2025-02-19 13:00:00,27.0,23,6.7,0.0
50,14340716,nox,0.0145,ppb,2025-02-19 13:15:00,2025-02-19 13:00:00,27.0,23,6.7,0.0
50,14340716,nox,0.013,ppb,2025-02-19 13:30:00,2025-02-19 13:00:00,27.0,23,6.7,0.0
50,14340716,nox,0.0128,ppb,2025-02-19 13:45:00,2025-02-19 13:00:00,27.0,23,6.7,0.0
50,14340716,nox,0.0134,ppb,2025-02-19 14:00:00,2025-02-19 14:00:00,27.6,22,7.3,0.0
50,14340716,nox,0.0123,ppb,2025-02-19 14:15:00,2025-02-19 14:00:00,27.6,22,7.3,0.0
50,14340716,nox,0.0119,ppb,2025-02-19 14:30:00,2025-02-19 14:00:00,27.6,22,7.3,0.0
50,14340716,nox,0.0111,ppb,2025-02-19 14:45:00,2025-02-19 14:00:00,27.6,22,7.3,0.0
50,14340716,nox,0.0103,ppb,2025-02-19 15:00:00,2025-02-19 15:00:00,27.5,24,9.0,0.0
50,14340716,nox,0.012,ppb,2025-02-19 15:15:00,2025-02-19 15:00:00,27.5,24,9.0,0.0
50,14340716,nox,0.0112,ppb,2025-02-19 15:30:00,2025-02-19 15:00:00,27.5,24,9.0,0.0
50,14340716,nox,0.0094,ppb,2025-02-19 15:45:00,2025-02-19 15:00:00,27.5,24,9.0,0.0
50,14340716,nox,0.0109,ppb,2025-02-19 16:00:00,2025-02-19 16:00:00,26.9,26,9.3,0.0
50,14340716,nox,0.0145,ppb,2025-02-19 16:15:00,2025-02-19 16:00:00,26.9,26,9.3,0.0
50,14340716,nox,0.0144,ppb,2025-02-19 16:30:00,2025-02-19 16:00:00,26.9,26,9.3,0.0
50,14340716,nox,0.0155,ppb,2025-02-19 16:45:00,2025-02-19 16:00:00,26.9,26,9.3,0.0
50,14340716,nox,0.0192,ppb,2025-02-19 17:00:00,2025-02-19 17:00:00,25.9,29,7.9,0.0
50,14340716,nox,0.022,ppb,2025-02-19 17:15:00,2025-02-19 17:00:00,25.9,29,7.9,0.0
50,14340716,nox,0.0229,ppb,2025-02-19 17:30:00,2025-02-19 17:00:00,25.9,29,7.9,0.0
50,14340716,nox,0.022,ppb,2025-02-19 17:45:00,2025-02-19 17:00:00,25.9,29,7.9,0.0
50,14340716,nox,0.0236,ppb,2025-02-19 18:00:00,2025-02-19 18:00:00,25.1,33,5.3,0.0
50,14340716,nox,0.0314,ppb,2025-02-19 18:15:00,2025-02-19 18:00:00,25.1,33,5.3,0.0
50,14340716,nox,0.036,ppb,2025-02-19 18:30:00,2025-02-19 18:00:00,25.1,33,5.3,0.0
50,14340716,nox,0.0427,ppb,2025-02-19 18:45:00,2025-02-19 18:00:00,25.1,33,5.3,0.0
50,14340716,nox,0.0498,ppb,2025-02-19 19:00:00,2025-02-19 19:00:00,24.2,39,3.1,0.0
50,14340716,nox,0.0576,ppb,2025-02-19 19:15:00,2025-02-19 19:00:00,24.2,39,3.1,0.0
50,14340716,nox,0.0584,ppb,2025-02-19 19:30:00,2025-02-19 19:00:00,24.2,39,3.1,0.0
50,14340716,nox,0.0562999999999999,ppb,2025-02-19 19:45:00,2025-02-19 19:00:00,24.2,39,3.1,0.0
50,14340716,nox,0.0519,ppb,2025-02-19 20:00:00,2025-02-19 20:00:00,23.0,45,3.1,0.0
50,14340716,nox,0.0487,ppb,2025-02-19 20:15:00,2025-02-19 20:00:00,23.0,45,3.1,0.0
50,14340716,nox,0.0482,ppb,2025-02-19 20:30:00,2025-02-19 20:00:00,23.0,45,3.1,0.0
50,14340716,nox,0.0472,ppb,2025-02-19 20:45:00,2025-02-19 20:00:00,23.0,45,3.1,0.0
50,14340716,nox,0.0475,ppb,2025-02-19 21:00:00,2025-02-19 21:00:00,22.3,48,5.0,0.0
50,14340716,nox,0.0482,ppb,2025-02-19 21:15:00,2025-02-19 21:00:00,22.3,48,5.0,0.0
50,14340716,nox,0.0384,ppb,2025-02-19 21:30:00,2025-02-19 21:00:00,22.3,48,5.0,0.0
50,14340716,nox,0.0347,ppb,2025-02-19 21:45:00,2025-02-19 21:00:00,22.3,48,5.0,0.0
50,14340716,nox,0.0325,ppb,2025-02-19 22:00:00,2025-02-19 22:00:00,21.1,54,6.1,0.2
50,14340716,nox,0.0308999999999999,ppb,2025-02-19 22:15:00,2025-02-19 22:00:00,21.1,54,6.1,0.2
50,14340716,nox,0.0321,ppb,2025-02-19 22:30:00,2025-02-19 22:00:00,21.1,54,6.1,0.2
50,14340716,nox,0.031,ppb,2025-02-19 22:45:00,2025-02-19 22:00:00,21.1,54,6.1,0.2
50,14340716,nox,0.0297,ppb,2025-02-19 23:00:00,2025-02-19 23:00:00,19.2,67,0.8,0.3
50,14340716,nox,0.027,ppb,2025-02-19 23:15:00,2025-02-19 23:00:00,19.2,67,0.8,0.3
50,14340716,nox,0.0246,ppb,2025-02-19 23:30:00,2025-02-19 23:00:00,19.2,67,0.8,0.3
50,14340716,nox,0.0318,ppb,2025-02-20 00:30:00,2025-02-20 00:00:00,19.1,67,7.4,0.0
50,14340716,nox,0.0373,ppb,2025-02-20 00:45:00,2025-02-20 00:00:00,19.1,67,7.4,0.0
50,14340716,nox,0.0387999999999999,ppb,2025-02-20 01:00:00,2025-02-20 01:00:00,17.7,73,1.8,0.4
50,14340716,nox,0.0421,ppb,2025-02-20 01:15:00,2025-02-20 01:00:00,17.7,73,1.8,0.4
50,14340716,nox,0.0359,ppb,2025-02-20 01:30:00,2025-02-20 01:00:00,17.7,73,1.8,0.4
50,14340716,nox,0.0299,ppb,2025-02-20 01:45:00,2025-02-20 01:00:00,17.7,73,1.8,0.4
50,14340716,nox,0.0266,ppb,2025-02-20 02:45:00,2025-02-20 02:00:00,17.4,74,8.2,0.0
50,14340716,nox,0.0261,ppb,2025-02-20 03:00:00,2025-02-20 03:00:00,16.4,81,11.6,0.5
50,14340716,nox,0.026,ppb,2025-02-20 03:15:00,2025-02-20 03:00:00,16.4,81,11.6,0.5
50,14340716,nox,0.0264,ppb,2025-02-20 03:30:00,2025-02-20 03:00:00,16.4,81,11.6,0.5
50,14340716,nox,0.0287,ppb,2025-02-20 03:45:00,2025-02-20 03:00:00,16.4,81,11.6,0.5
50,14340716,nox,0.0327999999999999,ppb,2025-02-20 04:00:00,2025-02-20 04:00:00,15.7,88,12.9,2.0
50,14340716,nox,0.0377,ppb,2025-02-20 04:15:00,2025-02-20 04:00:00,15.7,88,12.9,2.0
50,14340716,nox,0.0382999999999999,ppb,2025-02-20 04:30:00,2025-02-20 04:00:00,15.7,88,12.9,2.0
50,14340717,wind_direction,168.0,deg,2025-02-19 01:30:00,2025-02-19 01:00:00,16.8,63,4.2,0.0
50,14340717,wind_direction,166.0,deg,2025-02-19 01:45:00,2025-02-19 01:00:00,16.8,63,4.2,0.0
50,14340717,wind_direction,164.0,deg,2025-02-19 02:00:00,2025-02-19 02:00:00,16.0,66,4.1,0.0
50,14340717,wind_direction,173.0,deg,2025-02-19 02:15:00,2025-02-19 02:00:00,16.0,66,4.1,0.0
50,14340717,wind_direction,167.0,deg,2025-02-19 02:30:00,2025-02-19 02:00:00,16.0,66,4.1,0.0
50,14340717,wind_direction,157.0,deg,2025-02-19 02:45:00,2025-02-19 02:00:00,16.0,66,4.1,0.0
50,14340717,wind_direction,183.0,deg,2025-02-19 03:00:00,2025-02-19 03:00:00,15.3,68,4.5,0.0
50,14340717,wind_direction,166.0,deg,2025-02-19 03:15:00,2025-02-19 03:00:00,15.3,68,4.5,0.0
50,14340717,wind_direction,194.0,deg,2025-02-19 03:30:00,2025-02-19 03:00:00,15.3,68,4.5,0.0
50,14340717,wind_direction,185.0,deg,2025-02-19 03:45:00,2025-02-19 03:00:00,15.3,68,4.5,0.0
50,14340717,wind_direction,199.0,deg,2025-02-19 04:00:00,2025-02-19 04:00:00,14.7,70,4.4,0.0
50,14340717,wind_direction,208.0,deg,2025-02-19 04:15:00,2025-02-19 04:00:00,14.7,70,4.4,0.0
50,14340717,wind_direction,194.0,deg,2025-02-19 04:30:00,2025-02-19 04:00:00,14.7,70,4.4,0.0
50,14340717,wind_direction,176.0,deg,2025-02-19 04:45:00,2025-02-19 04:00:00,14.7,70,4.4,0.0
50,14340717,wind_direction,177.0,deg,2025-02-19 05:00:00,2025-02-19 05:00:00,14.2,70,4.5,0.0
50,14340717,wind_direction,192.0,deg,2025-02-19 05:15:00,2025-02-19 05:00:00,14.2,70,4.5,0.0
50,14340717,wind_direction,216.0,deg,2025-02-19 05:30:00,2025-02-19 05:00:00,14.2,70,4.5,0.0
50,14340717,wind_direction,203.0,deg,2025-02-19 05:45:00,2025-02-19 05:00:00,14.2,70,4.5,0.0
50,14340717,wind_direction,217.0,deg,2025-02-19 06:00:00,2025-02-19 06:00:00,13.8,76,4.3,0.0
50,14340717,wind_direction,211.0,deg,2025-02-19 06:15:00,2025-02-19 06:00:00,13.8,76,4.3,0.0
50,14340717,wind_direction,202.0,deg,2025-02-19 06:30:00,2025-02-19 06:00:00,13.8,76,4.3,0.0
50,14340717,wind_direction,203.0,deg,2025-02-19 06:45:00,2025-02-19 06:00:00,13.8,76,4.3,0.0
50,14340717,wind_direction,192.0,deg,2025-02-19 07:00:00,2025-02-19 07:00:00,14.2,74,4.7,0.0
50,14340717,wind_direction,188.0,deg,2025-02-19 07:15:00,2025-02-19 07:00:00,14.2,74,4.7,0.0
50,14340717,wind_direction,149.0,deg,2025-02-19 07:30:00,2025-02-19 07:00:00,14.2,74,4.7,0.0
50,14340717,wind_direction,174.0,deg,2025-02-19 07:45:00,2025-02-19 07:00:00,14.2,74,4.7,0.0
50,14340717,wind_direction,198.0,deg,2025-02-19 08:00:00,2025-02-19 08:00:00,15.9,67,5.4,0.0
50,14340717,wind_direction,170.0,deg,2025-02-19 08:15:00,2025-02-19 08:00:00,15.9,67,5.4,0.0
50,14340717,wind_direction,168.0,deg,2025-02-19 08:30:00,2025-02-19 08:00:00,15.9,67,5.4,0.0
50,14340717,wind_direction,198.0,deg,2025-02-19 08:45:00,2025-02-19 08:00:00,15.9,67,5.4,0.0
50,14340717,wind_direction,157.0,deg,2025-02-19 09:00:00,2025-02-19 09:00:00,19.0,54,3.4,0.0
50,14340717,wind_direction,175.0,deg,2025-02-19 09:15:00,2025-02-19 09:00:00,19.0,54,3.4,0.0
50,14340717,wind_direction,162.0,deg,2025-02-19 09:30:00,2025-02-19 09:00:00,19.0,54,3.4,0.0
50,14340717,wind_direction,165.0,deg,2025-02-19 09:45:00,2025-02-19 09:00:00,19.0,54,3.4,0.0
50,14340717,wind_direction,179.0,deg,2025-02-19 10:00:00,2025-02-19 10:00:00,22.0,43,4.0,0.0
50,14340717,wind_direction,187.0,deg,2025-02-19 10:15:00,2025-02-19 10:00:00,22.0,43,4.0,0.0
50,14340717,wind_direction,202.0,deg,2025-02-19 10:30:00,2025-02-19 10:00:00,22.0,43,4.0,0.0
50,14340717,wind_direction,207.0,deg,2025-02-19 10:45:00,2025-02-19 10:00:00,22.0,43,4.0,0.0
50,14340717,wind_direction,210.0,deg,2025-02-19 11:00:00,2025-02-19 11:00:00,24.4,34,5.4,0.0
50,14340717,wind_direction,203.0,deg,2025-02-19 11:15:00,2025-02-19 11:00:00,24.4,34,5.4,0.0
50,14340717,wind_direction,206.0,deg,2025-02-19 11:30:00,2025-02-19 11:00:00,24.4,34,5.4,0.0
50,14340717,wind_direction,199.0,deg,2025-02-19 11:45:00,2025-02-19 11:00:00,24.4,34,5.4,0.0
50,14340717,wind_direction,194.0,deg,2025-02-19 12:00:00,2025-02-19 12:00:00,26.0,27,6.3,0.0
50,14340717,wind_direction,170.0,deg,2025-02-19 12:15:00,2025-02-19 12:00:00,26.0,27,6.3,0.0
50,14340717,wind_direction,208.0,deg,2025-02-19 12:30:00,2025-02-19 12:00:00,26.0,27,6.3,0.0
50,14340717,wind_direction,202.0,deg,2025-02-19 12:45:00,2025-02-19 12:00:00,26.0,27,6.3,0.0
50,14340717,wind_direction,216.0,deg,2025-02-19 13:00:00,2025-02-19 13:00:00,27.0,23,6.7,0.0
50,14340717,wind_direction,189.0,deg,2025-02-19 13:15:00,2025-02-19 13:00:00,27.0,23,6.7,0.0
50,14340717,wind_direction,164.0,deg,2025-02-19 13:30:00,2025-02-19 13:00:00,27.0,23,6.7,0.0
50,14340717,wind_direction,204.0,deg,2025-02-19 13:45:00,2025-02-19 13:00:00,27.0,23,6.7,0.0
50,14340717,wind_direction,171.0,deg,2025-02-19 14:00:00,2025-02-19 14:00:00,27.6,22,7.3,0.0
50,14340717,wind_direction,161.0,deg,2025-02-19 14:15:00,2025-02-19 14:00:00,27.6,22,7.3,0.0
50,14340717,wind_direction,155.0,deg,2025-02-19 14:30:00,2025-02-19 14:00:00,27.6,22,7.3,0.0
50,14340717,wind_direction,166.0,deg,2025-02-19 14:45:00,2025-02-19 14:00:00,27.6,22,7.3,0.0
50,14340717,wind_direction,166.0,deg,2025-02-19 15:00:00,2025-02-19 15:00:00,27.5,24,9.0,0.0
50,14340717,wind_direction,190.0,deg,2025-02-19 15:15:00,2025-02-19 15:00:00,27.5,24,9.0,0.0
50,14340717,wind_direction,162.0,deg,2025-02-19 15:30:00,2025-02-19 15:00:00,27.5,24,9.0,0.0
50,14340717,wind_direction,171.0,deg,2025-02-19 15:45:00,2025-02-19 15:00:00,27.5,24,9.0,0.0
50,14340717,wind_direction,211.0,deg,2025-02-19 16:00:00,2025-02-19 16:00:00,26.9,26,9.3,0.0
50,14340717,wind_direction,205.0,deg,2025-02-19 16:15:00,2025-02-19 16:00:00,26.9,26,9.3,0.0
50,14340717,wind_direction,207.0,deg,2025-02-19 16:30:00,2025-02-19 16:00:00,26.9,26,9.3,0.0
50,14340717,wind_direction,214.0,deg,2025-02-19 16:45:00,2025-02-19 16:00:00,26.9,26,9.3,0.0
50,14340717,wind_direction,213.0,deg,2025-02-19 17:00:00,2025-02-19 17:00:00,25.9,29,7.9,0.0
50,14340717,wind_direction,205.0,deg,2025-02-19 17:15:00,2025-02-19 17:00:00,25.9,29,7.9,0.0
50,14340717,wind_direction,193.0,deg,2025-02-19 17:30:00,2025-02-19 17:00:00,25.9,29,7.9,0.0
50,14340717,wind_direction,196.0,deg,2025-02-19 17:45:00,2025-02-19 17:00:00,25.9,29,7.9,0.0
50,14340717,wind_direction,213.0,deg,2025-02-19 18:00:00,2025-02-19 18:00:00,25.1,33,5.3,0.0
50,14340717,wind_direction,175.0,deg,2025-02-19 18:15:00,2025-02-19 18:00:00,25.1,33,5.3,0.0
50,14340717,wind_direction,181.0,deg,2025-02-19 18:30:00,2025-02-19 18:00:00,25.1,33,5.3,0.0
50,14340717,wind_direction,195.0,deg,2025-02-19 18:45:00,2025-02-19 18:00:00,25.1,33,5.3,0.0
50,14340717,wind_direction,199.0,deg,2025-02-19 19:00:00,2025-02-19 19:00:00,24.2,39,3.1,0.0
50,14340717,wind_direction,193.0,deg,2025-02-19 19:15:00,2025-02-19 19:00:00,24.2,39,3.1,0.0
50,14340717,wind_direction,217.0,deg,2025-02-19 19:30:00,2025-02-19 19:00:00,24.2,39,3.1,0.0
50,14340717,wind_direction,216.0,deg,2025-02-19 19:45:00,2025-02-19 19:00:00,24.2,39,3.1,0.0
50,14340717,wind_direction,210.0,deg,2025-02-19 20:00:00,2025-02-19 20:00:00,23.0,45,3.1,0.0
50,14340717,wind_direction,190.0,deg,2025-02-19 20:15:00,2025-02-19 20:00:00,23.0,45,3.1,0.0
50,14340717,wind_direction,150.0,deg,2025-02-19 20:30:00,2025-02-19 20:00:00,23.0,45,3.1,0.0
50,14340717,wind_direction,152.0,deg,2025-02-19 20:45:00,2025-02-19 20:00:00,23.0,45,3.1,0.0
50,14340717,wind_direction,155.0,deg,2025-02-19 21:00:00,2025-02-19 21:00:00,22.3,48,5.0,0.0
50,14340717,wind_direction,159.0,deg,2025-02-19 21:15:00,2025-02-19 21:00:00,22.3,48,5.0,0.0
50,14340717,wind_direction,137.0,deg,2025-02-19 21:30:00,2025-02-19 21:00:00,22.3,48,5.0,0.0
50,14340717,wind_direction,171.0,deg,2025-02-19 21:45:00,2025-02-19 21:00:00,22.3,48,5.0,0.0
50,14340717,wind_direction,192.0,deg,2025-02-19 22:00:00,2025-02-19 22:00:00,21.1,54,6.1,0.2
50,14340717,wind_direction,187.0,deg,2025-02-19 22:15:00,2025-02-19 22:00:00,21.1,54,6.1,0.2
50,14340717,wind_direction,140.0,deg,2025-02-19 22:30:00,2025-02-19 22:00:00,21.1,54,6.1,0.2
50,14340717,wind_direction,183.0,deg,2025-02-19 22:45:00,2025-02-19 22:00:00,21.1,54,6.1,0.2
50,14340717,wind_direction,177.0,deg,2025-02-19 23:00:00,2025-02-19 23:00:00,19.2,67,0.8,0.3
50,14340717,wind_direction,181.0,deg,2025-02-19 23:15:00,2025-02-19 23:00:00,19.2,67,0.8,0.3
50,14340717,wind_direction,193.0,deg,2025-02-19 23:30:00,2025-02-19 23:00:00,19.2,67,0.8,0.3
50,14340717,wind_direction,197.0,deg,2025-02-20 00:30:00,2025-02-20 00:00:00,19.1,67,7.4,0.0
50,14340717,wind_direction,171.0,deg,2025-02-20 00:45:00,2025-02-20 00:00:00,19.1,67,7.4,0.0
50,14340717,wind_direction,192.0,deg,2025-02-20 01:00:00,2025-02-20 01:00:00,17.7,73,1.8,0.4
50,14340717,wind_direction,166.0,deg,2025-02-20 01:15:00,2025-02-20 01:00:00,17.7,73,1.8,0.4
50,14340717,wind_direction,143.0,deg,2025-02-20 01:30:00,2025-02-20 01:00:00,17.7,73,1.8,0.4
50,14340717,wind_direction,207.0,deg,2025-02-20 01:45:00,2025-02-20 01:00:00,17.7,73,1.8,0.4
50,14340717,wind_direction,199.0,deg,2025-02-20 02:00:00,2025-02-20 02:00:00,17.4,74,8.2,0.0
50,14340717,wind_direction,206.0,deg,2025-02-20 02:15:00,2025-02-20 02:00:00,17.4,74,8.2,0.0
50,14340717,wind_direction,206.0,deg,2025-02-20 02:30:00,2025-02-20 02:00:00,17.4,74,8.2,0.0
50,14340717,wind_direction,158.0,deg,2025-02-20 02:45:00,2025-02-20 02:00:00,17.4,74,8.2,0.0
50,14340717,wind_direction,184.0,deg,2025-02-20 03:00:00,2025-02-20 03:00:00,16.4,81,11.6,0.5
50,14340718,wind_speed,0.3,m/s,2025-02-19 01:30:00,2025-02-19 01:00:00,16.8,63,4.2,0.0
50,14340718,wind_speed,0.3,m/s,2025-02-19 01:45:00,2025-02-19 01:00:00,16.8,63,4.2,0.0
50,14340718,wind_speed,0.3,m/s,2025-02-19 02:00:00,2025-02-19 02:00:00,16.0,66,4.1,0.0
50,14340718,wind_speed,0.3,m/s,2025-02-19 02:15:00,2025-02-19 02:00:00,16.0,66,4.1,0.0
50,14340718,wind_speed,0.3,m/s,2025-02-19 02:30:00,2025-02-19 02:00:00,16.0,66,4.1,0.0
50,14340718,wind_speed,0.3,m/s,2025-02-19 02:45:00,2025-02-19 02:00:00,16.0,66,4.1,0.0
50,14340718,wind_speed,0.3,m/s,2025-02-19 03:00:00,2025-02-19 03:00:00,15.3,68,4.5,0.0
50,14340718,wind_speed,0.3,m/s,2025-02-19 03:15:00,2025-02-19 03:00:00,15.3,68,4.5,0.0
50,14340718,wind_speed,0.4,m/s,2025-02-19 03:30:00,2025-02-19 03:00:00,15.3,68,4.5,0.0
50,14340718,wind_speed,0.4,m/s,2025-02-19 03:45:00,2025-02-19 03:00:00,15.3,68,4.5,0.0
50,14340718,wind_speed,0.3,m/s,2025-02-19 04:00:00,2025-02-19 04:00:00,14.7,70,4.4,0.0
50,14340718,wind_speed,0.3,m/s,2025-02-19 04:15:00,2025-02-19 04:00:00,14.7,70,4.4,0.0
50,14340718,wind_speed,0.3,m/s,2025-02-19 04:30:00,2025-02-19 04:00:00,14.7,70,4.4,0.0
50,14340718,wind_speed,0.3,m/s,2025-02-19 04:45:00,2025-02-19 04:00:00,14.7,70,4.4,0.0
50,14340718,wind_speed,0.3,m/s,2025-02-19 05:00:00,2025-02-19 05:00:00,14.2,70,4.5,0.0
50,14340718,wind_speed,0.3,m/s,2025-02-19 05:15:00,2025-02-19 05:00:00,14.2,70,4.5,0.0
50,14340718,wind_speed,0.3,m/s,2025-02-19 05:30:00,2025-02-19 05:00:00,14.2,70,4.5,0.0
50,14340718,wind_speed,0.3,m/s,2025-02-19 05:45:00,2025-02-19 05:00:00,14.2,70,4.5,0.0
50,14340718,wind_speed,0.3,m/s,2025-02-19 06:00:00,2025-02-19 06:00:00,13.8,76,4.3,0.0
50,14340718,wind_speed,0.3,m/s,2025-02-19 06:15:00,2025-02-19 06:00:00,13.8,76,4.3,0.0
50,14340718,wind_speed,0.3,m/s,2025-02-19 06:30:00,2025-02-19 06:00:00,13.8,76,4.3,0.0
50,14340718,wind_speed,0.3,m/s,2025-02-19 06:45:00,2025-02-19 06:00:00,13.8,76,4.3,0.0
50,14340718,wind_speed,0.3,m/s,2025-02-19 07:00:00,2025-02-19 07:00:00,14.2,74,4.7,0.0
50,14340718,wind_speed,0.3,m/s,2025-02-19 07:15:00,2025-02-19 07:00:00,14.2,74,4.7,0.0
50,14340718,wind_speed,0.3,m/s,2025-02-19 07:30:00,2025-02-19 07:00:00,14.2,74,4.7,0.0
50,14340718,wind_speed,0.9,m/s,2025-02-19 07:45:00,2025-02-19 07:00:00,14.2,74,4.7,0.0
50,14340718,wind_speed,0.9,m/s,2025-02-19 08:00:00,2025-02-19 08:00:00,15.9,67,5.4,0.0
50,14340718,wind_speed,1.1,m/s,2025-02-19 08:15:00,2025-02-19 08:00:00,15.9,67,5.4,0.0
50,14340718,wind_speed,1.2,m/s,2025-02-19 08:30:00,2025-02-19 08:00:00,15.9,67,5.4,0.0
50,14340718,wind_speed,0.4,m/s,2025-02-19 08:45:00,2025-02-19 08:00:00,15.9,67,5.4,0.0
50,14340718,wind_speed,1.4,m/s,2025-02-19 09:00:00,2025-02-19 09:00:00,19.0,54,3.4,0.0
50,14340718,wind_speed,1.5,m/s,2025-02-19 09:15:00,2025-02-19 09:00:00,19.0,54,3.4,0.0
50,14340718,wind_speed,1.2,m/s,2025-02-19 09:30:00,2025-02-19 09:00:00,19.0,54,3.4,0.0
50,14340718,wind_speed,0.3,m/s,2025-02-19 09:45:00,2025-02-19 09:00:00,19.0,54,3.4,0.0
50,14340718,wind_speed,0.3,m/s,2025-02-19 10:00:00,2025-02-19 10:00:00,22.0,43,4.0,0.0
50,14340718,wind_speed,0.3,m/s,2025-02-19 10:15:00,2025-02-19 10:00:00,22.0,43,4.0,0.0
50,14340718,wind_speed,0.3,m/s,2025-02-19 10:30:00,2025-02-19 10:00:00,22.0,43,4.0,0.0
50,14340718,wind_speed,0.3,m/s,2025-02-19 10:45:00,2025-02-19 10:00:00,22.0,43,4.0,0.0
50,14340718,wind_speed,0.3,m/s,2025-02-19 11:00:00,2025-02-19 11:00:00,24.4,34,5.4,0.0
50,14340718,wind_speed,0.4,m/s,2025-02-19 11:15:00,2025-02-19 11:00:00,24.4,34,5.4,0.0
50,14340718,wind_speed,0.5,m/s,2025-02-19 11:30:00,2025-02-19 11:00:00,24.4,34,5.4,0.0
50,14340718,wind_speed,0.9,m/s,2025-02-19 11:45:00,2025-02-19 11:00:00,24.4,34,5.4,0.0
50,14340718,wind_speed,0.6,m/s,2025-02-19 12:00:00,2025-02-19 12:00:00,26.0,27,6.3,0.0
50,14340718,wind_speed,1.1,m/s,2025-02-19 12:15:00,2025-02-19 12:00:00,26.0,27,6.3,0.0
50,14340718,wind_speed,0.8,m/s,2025-02-19 12:30:00,2025-02-19 12:00:00,26.0,27,6.3,0.0
50,14340718,wind_speed,0.9,m/s,2025-02-19 12:45:00,2025-02-19 12:00:00,26.0,27,6.3,0.0
50,14340718,wind_speed,0.3,m/s,2025-02-19 13:00:00,2025-02-19 13:00:00,27.0,23,6.7,0.0
50,14340718,wind_speed,0.7,m/s,2025-02-19 13:15:00,2025-02-19 13:00:00,27.0,23,6.7,0.0
50,14340718,wind_speed,0.3,m/s,2025-02-19 13:30:00,2025-02-19 13:00:00,27.0,23,6.7,0.0
50,14340718,wind_speed,0.3,m/s,2025-02-19 13:45:00,2025-02-19 13:00:00,27.0,23,6.7,0.0
50,14340718,wind_speed,0.7,m/s,2025-02-19 14:00:00,2025-02-19 14:00:00,27.6,22,7.3,0.0
50,14340718,wind_speed,1.2,m/s,2025-02-19 14:15:00,2025-02-19 14:00:00,27.6,22,7.3,0.0
50,14340718,wind_speed,1.2,m/s,2025-02-19 14:30:00,2025-02-19 14:00:00,27.6,22,7.3,0.0
50,14340718,wind_speed,2.0,m/s,2025-02-19 14:45:00,2025-02-19 14:00:00,27.6,22,7.3,0.0
50,14340718,wind_speed,1.4,m/s,2025-02-19 15:00:00,2025-02-19 15:00:00,27.5,24,9.0,0.0
50,14340718,wind_speed,1.6,m/s,2025-02-19 15:15:00,2025-02-19 15:00:00,27.5,24,9.0,0.0
50,14340718,wind_speed,0.8,m/s,2025-02-19 15:30:00,2025-02-19 15:00:00,27.5,24,9.0,0.0
50,14340718,wind_speed,1.2,m/s,2025-02-19 15:45:00,2025-02-19 15:00:00,27.5,24,9.0,0.0
50,14340718,wind_speed,0.5,m/s,2025-02-19 16:00:00,2025-02-19 16:00:00,26.9,26,9.3,0.0
50,14340718,wind_speed,0.5,m/s,2025-02-19 16:15:00,2025-02-19 16:00:00,26.9,26,9.3,0.0
50,14340718,wind_speed,0.3,m/s,2025-02-19 16:30:00,2025-02-19 16:00:00,26.9,26,9.3,0.0
50,14340718,wind_speed,0.3,m/s,2025-02-19 16:45:00,2025-02-19 16:00:00,26.9,26,9.3,0.0
50,14340718,wind_speed,0.3,m/s,2025-02-19 17:00:00,2025-02-19 17:00:00,25.9,29,7.9,0.0
50,14340718,wind_speed,0.3,m/s,2025-02-19 17:15:00,2025-02-19 17:00:00,25.9,29,7.9,0.0
50,14340718,wind_speed,0.3,m/s,2025-02-19 17:30:00,2025-02-19 17:00:00,25.9,29,7.9,0.0
50,14340718,wind_speed,0.3,m/s,2025-02-19 17:45:00,2025-02-19 17:00:00,25.9,29,7.9,0.0
50,14340718,wind_speed,0.3,m/s,2025-02-19 18:00:00,2025-02-19 18:00:00,25.1,33,5.3,0.0
50,14340718,wind_speed,0.3,m/s,2025-02-19 18:15:00,2025-02-19 18:00:00,25.1,33,5.3,0.0
50,14340718,wind_speed,0.3,m/s,2025-02-19 18:30:00,2025-02-19 18:00:00,25.1,33,5.3,0.0
50,14340718,wind_speed,0.3,m/s,2025-02-19 18:45:00,2025-02-19 18:00:00,25.1,33,5.3,0.0
50,14340718,wind_speed,0.3,m/s,2025-02-19 19:00:00,2025-02-19 19:00:00,24.2,39,3.1,0.0
50,14340718,wind_speed,0.3,m/s,2025-02-19 19:15:00,2025-02-19 19:00:00,24.2,39,3.1,0.0
50,14340718,wind_speed,0.3,m/s,2025-02-19 19:30:00,2025-02-19 19:00:00,24.2,39,3.1,0.0
50,14340718,wind_speed,0.3,m/s,2025-02-19 19:45:00,2025-02-19 19:00:00,24.2,39,3.1,0.0
50,14340718,wind_speed,0.3,m/s,2025-02-19 20:00:00,2025-02-19 20:00:00,23.0,45,3.1,0.0
50,14340718,wind_speed,0.3,m/s,2025-02-19 20:15:00,2025-02-19 20:00:00,23.0,45,3.1,0.0
50,14340718,wind_speed,0.3,m/s,2025-02-19 20:30:00,2025-02-19 20:00:00,23.0,45,3.1,0.0
50,14340718,wind_speed,0.3,m/s,2025-02-19 20:45:00,2025-02-19 20:00:00,23.0,45,3.1,0.0
50,14340718,wind_speed,0.4,m/s,2025-02-19 21:00:00,2025-02-19 21:00:00,22.3,48,5.0,0.0
50,14340718,wind_speed,3.1,m/s,2025-02-19 21:15:00,2025-02-19 21:00:00,22.3,48,5.0,0.0
50,14340718,wind_speed,1.6,m/s,2025-02-19 21:30:00,2025-02-19 21:00:00,22.3,48,5.0,0.0
50,14340718,wind_speed,0.3,m/s,2025-02-19 21:45:00,2025-02-19 21:00:00,22.3,48,5.0,0.0
50,14340718,wind_speed,0.3,m/s,2025-02-19 22:00:00,2025-02-19 22:00:00,21.1,54,6.1,0.2
50,14340718,wind_speed,0.3,m/s,2025-02-19 22:15:00,2025-02-19 22:00:00,21.1,54,6.1,0.2
50,14340718,wind_speed,0.3,m/s,2025-02-19 22:30:00,2025-02-19 22:00:00,21.1,54,6.1,0.2
50,14340718,wind_speed,0.3,m/s,2025-02-19 22:45:00,2025-02-19 22:00:00,21.1,54,6.1,0.2
50,14340718,wind_speed,0.5,m/s,2025-02-19 23:00:00,2025-02-19 23:00:00,19.2,67,0.8,0.3
50,14340718,wind_speed,0.6,m/s,2025-02-19 23:15:00,2025-02-19 23:00:00,19.2,67,0.8,0.3
50,14340718,wind_speed,0.3,m/s,2025-02-19 23:30:00,2025-02-19 23:00:00,19.2,67,0.8,0.3
50,14340718,wind_speed,0.3,m/s,2025-02-20 00:30:00,2025-02-20 00:00:00,19.1,67,7.4,0.0
50,14340718,wind_speed,0.3,m/s,2025-02-20 00:45:00,2025-02-20 00:00:00,19.1,67,7.4,0.0
50,14340718,wind_speed,0.5,m/s,2025-02-20 01:00:00,2025-02-20 01:00:00,17.7,73,1.8,0.4
50,14340718,wind_speed,1.5,m/s,2025-02-20 01:15:00,2025-02-20 01:00:00,17.7,73,1.8,0.4
50,14340718,wind_speed,1.1,m/s,2025-02-20 01:30:00,2025-02-20 01:00:00,17.7,73,1.8,0.4
50,14340718,wind_speed,0.5,m/s,2025-02-20 01:45:00,2025-02-20 01:00:00,17.7,73,1.8,0.4
50,14340718,wind_speed,0.3,m/s,2025-02-20 02:00:00,2025-02-20 02:00:00,17.4,74,8.2,0.0
50,14340718,wind_speed,0.8,m/s,2025-02-20 02:15:00,2025-02-20 02:00:00,17.4,74,8.2,0.0
50,14340718,wind_speed,0.8,m/s,2025-02-20 02:30:00,2025-02-20 02:00:00,17.4,74,8.2,0.0
50,14340718,wind_speed,0.3,m/s,2025-02-20 02:45:00,2025-02-20 02:00:00,17.4,74,8.2,0.0
50,14340718,wind_speed,0.3,m/s,2025-02-20 03:00:00,2025-02-20 03:00:00,16.4,81,11.6,0.5
235,12235610,pm25,105.0,µg/m³,2025-02-19 03:30:00,2025-02-19 03:00:00,15.3,68,4.5,0.0
235,12235610,pm25,95.0,µg/m³,2025-02-19 03:45:00,2025-02-19 03:00:00,15.3,68,4.5,0.0
235,12235610,pm25,95.0,µg/m³,2025-02-19 04:00:00,2025-02-19 04:00:00,14.7,70,4.4,0.0
235,12235610,pm25,95.0,µg/m³,2025-02-19 04:15:00,2025-02-19 04:00:00,14.7,70,4.4,0.0
235,12235610,pm25,95.0,µg/m³,2025-02-19 04:30:00,2025-02-19 04:00:00,14.7,70,4.4,0.0
235,12235610,pm25,105.0,µg/m³,2025-02-19 04:45:00,2025-02-19 04:00:00,14.7,70,4.4,0.0
235,12235610,pm25,105.0,µg/m³,2025-02-19 05:00:00,2025-02-19 05:00:00,14.2,70,4.5,0.0
235,12235610,pm25,105.0,µg/m³,2025-02-19 05:15:00,2025-02-19 05:00:00,14.2,70,4.5,0.0
235,12235610,pm25,105.0,µg/m³,2025-02-19 05:30:00,2025-02-19 05:00:00,14.2,70,4.5,0.0
235,12235610,pm25,104.0,µg/m³,2025-02-19 05:45:00,2025-02-19 05:00:00,14.2,70,4.5,0.0
235,12235610,pm25,104.0,µg/m³,2025-02-19 06:00:00,2025-02-19 06:00:00,13.8,76,4.3,0.0
235,12235610,pm25,104.0,µg/m³,2025-02-19 06:15:00,2025-02-19 06:00:00,13.8,76,4.3,0.0
235,12235610,pm25,104.0,µg/m³,2025-02-19 06:30:00,2025-02-19 06:00:00,13.8,76,4.3,0.0
235,12235610,pm25,97.0,µg/m³,2025-02-19 06:45:00,2025-02-19 06:00:00,13.8,76,4.3,0.0
235,12235610,pm25,97.0,µg/m³,2025-02-19 07:00:00,2025-02-19 07:00:00,14.2,74,4.7,0.0
235,12235610,pm25,97.0,µg/m³,2025-02-19 07:15:00,2025-02-19 07:00:00,14.2,74,4.7,0.0
235,12235610,pm25,97.0,µg/m³,2025-02-19 07:30:00,2025-02-19 07:00:00,14.2,74,4.7,0.0
235,12235610,pm25,111.0,µg/m³,2025-02-19 07:45:00,2025-02-19 07:00:00,14.2,74,4.7,0.0
235,12235610,pm25,111.0,µg/m³,2025-02-19 08:00:00,2025-02-19 08:00:00,15.9,67,5.4,0.0
235,12235610,pm25,111.0,µg/m³,2025-02-19 08:15:00,2025-02-19 08:00:00,15.9,67,5.4,0.0
235,12235610,pm25,127.0,µg/m³,2025-02-19 08:45:00,2025-02-19 08:00:00,15.9,67,5.4,0.0
235,12235610,pm25,127.0,µg/m³,2025-02-19 09:00:00,2025-02-19 09:00:00,19.0,54,3.4,0.0
235,12235610,pm25,127.0,µg/m³,2025-02-19 09:15:00,2025-02-19 09:00:00,19.0,54,3.4,0.0
235,12235610,pm25,127.0,µg/m³,2025-02-19 09:30:00,2025-02-19 09:00:00,19.0,54,3.4,0.0
235,12235610,pm25,127.0,µg/m³,2025-02-19 09:45:00,2025-02-19 09:00:00,19.0,54,3.4,0.0
235,12235610,pm25,127.0,µg/m³,2025-02-19 10:00:00,2025-02-19 10:00:00,22.0,43,4.0,0.0
235,12235610,pm25,127.0,µg/m³,2025-02-19 10:15:00,2025-02-19 10:00:00,22.0,43,4.0,0.0
235,12235610,pm25,127.0,µg/m³,2025-02-19 10:30:00,2025-02-19 10:00:00,22.0,43,4.0,0.0
235,12235610,pm25,88.0,µg/m³,2025-02-19 10:45:00,2025-02-19 10:00:00,22.0,43,4.0,0.0
235,12235610,pm25,88.0,µg/m³,2025-02-19 11:00:00,2025-02-19 11:00:00,24.4,34,5.4,0.0
235,12235610,pm25,88.0,µg/m³,2025-02-19 11:15:00,2025-02-19 11:00:00,24.4,34,5.4,0.0
235,12235610,pm25,88.0,µg/m³,2025-02-19 11:30:00,2025-02-19 11:00:00,24.4,34,5.4,0.0
235,12235610,pm25,31.0,µg/m³,2025-02-19 11:45:00,2025-02-19 11:00:00,24.4,34,5.4,0.0
235,12235610,pm25,31.0,µg/m³,2025-02-19 12:00:00,2025-02-19 12:00:00,26.0,27,6.3,0.0
235,12235610,pm25,31.0,µg/m³,2025-02-19 12:15:00,2025-02-19 12:00:00,26.0,27,6.3,0.0
235,12235610,pm25,31.0,µg/m³,2025-02-19 12:30:00,2025-02-19 12:00:00,26.0,27,6.3,0.0
235,12235610,pm25,61.0,µg/m³,2025-02-19 12:45:00,2025-02-19 12:00:00,26.0,27,6.3,0.0
235,12235610,pm25,61.0,µg/m³,2025-02-19 13:00:00,2025-02-19 13:00:00,27.0,23,6.7,0.0
235,12235610,pm25,61.0,µg/m³,2025-02-19 13:15:00,2025-02-19 13:00:00,27.0,23,6.7,0.0
235,12235610,pm25,61.0,µg/m³,2025-02-19 13:30:00,2025-02-19 13:00:00,27.0,23,6.7,0.0
235,12235610,pm25,59.0,µg/m³,2025-02-19 13:45:00,2025-02-19 13:00:00,27.0,23,6.7,0.0
235,12235610,pm25,59.0,µg/m³,2025-02-19 14:00:00,2025-02-19 14:00:00,27.6,22,7.3,0.0
235,12235610,pm25,59.0,µg/m³,2025-02-19 14:30:00,2025-02-19 14:00:00,27.6,22,7.3,0.0
235,12235610,pm25,64.0,µg/m³,2025-02-19 14:45:00,2025-02-19 14:00:00,27.6,22,7.3,0.0
235,12235610,pm25,64.0,µg/m³,2025-02-19 15:00:00,2025-02-19 15:00:00,27.5,24,9.0,0.0
235,12235610,pm25,64.0,µg/m³,2025-02-19 15:15:00,2025-02-19 15:00:00,27.5,24,9.0,0.0
235,12235610,pm25,64.0,µg/m³,2025-02-19 15:30:00,2025-02-19 15:00:00,27.5,24,9.0,0.0
235,12235610,pm25,66.0,µg/m³,2025-02-19 15:45:00,2025-02-19 15:00:00,27.5,24,9.0,0.0
235,12235610,pm25,66.0,µg/m³,2025-02-19 16:00:00,2025-02-19 16:00:00,26.9,26,9.3,0.0
235,12235610,pm25,66.0,µg/m³,2025-02-19 16:15:00,2025-02-19 16:00:00,26.9,26,9.3,0.0
235,12235610,pm25,66.0,µg/m³,2025-02-19 16:30:00,2025-02-19 16:00:00,26.9,26,9.3,0.0
235,12235610,pm25,73.0,µg/m³,2025-02-19 16:45:00,2025-02-19 16:00:00,26.9,26,9.3,0.0
235,12235610,pm25,73.0,µg/m³,2025-02-19 17:00:00,2025-02-19 17:00:00,25.9,29,7.9,0.0
235,12235610,pm25,73.0,µg/m³,2025-02-19 17:15:00,2025-02-19 17:00:00,25.9,29,7.9,0.0
235,12235610,pm25,73.0,µg/m³,2025-02-19 17:30:00,2025-02-19 17:00:00,25.9,29,7.9,0.0
235,12235610,pm25,78.0,µg/m³,2025-02-19 18:00:00,2025-02-19 18:00:00,25.1,33,5.3,0.0
235,12235610,pm25,78.0,µg/m³,2025-02-19 18:15:00,2025-02-19 18:00:00,25.1,33,5.3,0.0
235,12235610,pm25,78.0,µg/m³,2025-02-19 18:30:00,2025-02-19 18:00:00,25.1,33,5.3,0.0
235,12235610,pm25,83.0,µg/m³,2025-02-19 18:45:00,2025-02-19 18:00:00,25.1,33,5.3,0.0
235,12235610,pm25,83.0,µg/m³,2025-02-19 19:00:00,2025-02-19 19:00:00,24.2,39,3.1,0.0
235,12235610,pm25,83.0,µg/m³,2025-02-19 19:15:00,2025-02-19 19:00:00,24.2,39,3.1,0.0
235,12235610,pm25,83.0,µg/m³,2025-02-19 19:30:00,2025-02-19 19:00:00,24.2,39,3.1,0.0
235,12235610,pm25,86.0,µg/m³,2025-02-19 19:45:00,2025-02-19 19:00:00,24.2,39,3.1,0.0
235,12235610,pm25,86.0,µg/m³,2025-02-19 20:15:00,2025-02-19 20:00:00,23.0,45,3.1,0.0
235,12235610,pm25,86.0,µg/m³,2025-02-19 20:30:00,2025-02-19 20:00:00,23.0,45,3.1,0.0
235,12235610,pm25,199.0,µg/m³,2025-02-19 20:45:00,2025-02-19 20:00:00,23.0,45,3.1,0.0
235,12235610,pm25,199.0,µg/m³,2025-02-19 21:00:00,2025-02-19 21:00:00,22.3,48,5.0,0.0
235,12235610,pm25,199.0,µg/m³,2025-02-19 21:15:00,2025-02-19 21:00:00,22.3,48,5.0,0.0
235,12235610,pm25,199.0,µg/m³,2025-02-19 21:30:00,2025-02-19 21:00:00,22.3,48,5.0,0.0
235,12235610,pm25,197.0,µg/m³,2025-02-19 21:45:00,2025-02-19 21:00:00,22.3,48,5.0,0.0
235,12235610,pm25,197.0,µg/m³,2025-02-19 22:00:00,2025-02-19 22:00:00,21.1,54,6.1,0.2
235,12235610,pm25,197.0,µg/m³,2025-02-19 22:15:00,2025-02-19 22:00:00,21.1,54,6.1,0.2
235,12235610,pm25,197.0,µg/m³,2025-02-19 22:30:00,2025-02-19 22:00:00,21.1,54,6.1,0.2
235,12235610,pm25,132.0,µg/m³,2025-02-19 23:00:00,2025-02-19 23:00:00,19.2,67,0.8,0.3
235,12235610,pm25,132.0,µg/m³,2025-02-19 23:30:00,2025-02-19 23:00:00,19.2,67,0.8,0.3
235,12235610,pm25,53.0,µg/m³,2025-02-20 08:30:00,2025-02-20 08:00:00,18.1,72,10.1,0.0
235,12235610,pm25,100.0,µg/m³,2025-02-20 09:00:00,2025-02-20 09:00:00,19.6,67,11.5,0.0
235,12235610,pm25,100.0,µg/m³,2025-02-20 09:15:00,2025-02-20 09:00:00,19.6,67,11.5,0.0
235,12235610,pm25,115.0,µg/m³,2025-02-20 09:45:00,2025-02-20 09:00:00,19.6,67,11.5,0.0
235,12235610,pm25,115.0,µg/m³,2025-02-20 10:15:00,2025-02-20 10:00:00,20.4,61,10.5,0.0
235,12235610,pm25,115.0,µg/m³,2025-02-20 10:30:00,2025-02-20 10:00:00,20.4,61,10.5,0.0
235,12235610,pm25,63.0,µg/m³,2025-02-20 10:45:00,2025-02-20 10:00:00,20.4,61,10.5,0.0
235,12235610,pm25,63.0,µg/m³,2025-02-20 11:00:00,2025-02-20 11:00:00,21.3,58,9.8,0.0
235,12235610,pm25,63.0,µg/m³,2025-02-20 11:15:00,2025-02-20 11:00:00,21.3,58,9.8,0.0
235,12235610,pm25,63.0,µg/m³,2025-02-20 11:30:00,2025-02-20 11:00:00,21.3,58,9.8,0.0
235,12235610,pm25,86.0,µg/m³,2025-02-20 11:45:00,2025-02-20 11:00:00,21.3,58,9.8,0.0
235,12235610,pm25,86.0,µg/m³,2025-02-20 12:30:00,2025-02-20 12:00:00,21.2,60,13.3,0.0
235,12235610,pm25,123.0,µg/m³,2025-02-20 12:45:00,2025-02-20 12:00:00,21.2,60,13.3,0.0
235,12235610,pm25,123.0,µg/m³,2025-02-20 13:15:00,2025-02-20 13:00:00,22.8,52,14.9,0.0
235,12235610,pm25,123.0,µg/m³,2025-02-20 13:30:00,2025-02-20 13:00:00,22.8,52,14.9,0.0
235,12235610,pm25,68.0,µg/m³,2025-02-20 13:45:00,2025-02-20 13:00:00,22.8,52,14.9,0.0
235,12235610,pm25,68.0,µg/m³,2025-02-20 14:00:00,2025-02-20 14:00:00,23.7,48,15.8,0.0
235,12235610,pm25,48.0,µg/m³,2025-02-20 14:45:00,2025-02-20 14:00:00,23.7,48,15.8,0.0
235,12235610,pm25,48.0,µg/m³,2025-02-20 15:00:00,2025-02-20 15:00:00,24.0,45,15.3,0.0
235,12235610,pm25,48.0,µg/m³,2025-02-20 15:15:00,2025-02-20 15:00:00,24.0,45,15.3,0.0
235,12235610,pm25,48.0,µg/m³,2025-02-20 15:30:00,2025-02-20 15:00:00,24.0,45,15.3,0.0
235,12235610,pm25,40.0,µg/m³,2025-02-20 15:45:00,2025-02-20 15:00:00,24.0,45,15.3,0.0
235,12235610,pm25,40.0,µg/m³,2025-02-20 16:00:00,2025-02-20 16:00:00,23.3,47,14.6,0.0
235,12235610,pm25,40.0,µg/m³,2025-02-20 16:15:00,2025-02-20 16:00:00,23.3,47,14.6,0.0
235,12235610,pm25,40.0,µg/m³,2025-02-20 16:30:00,2025-02-20 16:00:00,23.3,47,14.6,0.0
235,14340864,nox,0.1249,ppb,2025-02-19 03:45:00,2025-02-19 03:00:00,15.3,68,4.5,0.0
235,14340864,nox,0.1207,ppb,2025-02-19 04:00:00,2025-02-19 04:00:00,14.7,70,4.4,0.0
235,14340864,nox,0.1151,ppb,2025-02-19 04:15:00,2025-02-19 04:00:00,14.7,70,4.4,0.0
235,14340864,nox,0.1141,ppb,2025-02-19 04:30:00,2025-02-19 04:00:00,14.7,70,4.4,0.0
235,14340864,nox,0.1424,ppb,2025-02-19 04:45:00,2025-02-19 04:00:00,14.7,70,4.4,0.0
235,14340864,nox,0.1573,ppb,2025-02-19 05:00:00,2025-02-19 05:00:00,14.2,70,4.5,0.0
235,14340864,nox,0.185,ppb,2025-02-19 05:15:00,2025-02-19 05:00:00,14.2,70,4.5,0.0
235,14340864,nox,0.1336,ppb,2025-02-19 05:30:00,2025-02-19 05:00:00,14.2,70,4.5,0.0
235,14340864,nox,0.1326999999999999,ppb,2025-02-19 05:45:00,2025-02-19 05:00:00,14.2,70,4.5,0.0
235,14340864,nox,0.1714,ppb,2025-02-19 06:00:00,2025-02-19 06:00:00,13.8,76,4.3,0.0
235,14340864,nox,0.1165,ppb,2025-02-19 06:15:00,2025-02-19 06:00:00,13.8,76,4.3,0.0
235,14340864,nox,0.1314,ppb,2025-02-19 06:30:00,2025-02-19 06:00:00,13.8,76,4.3,0.0
235,14340864,nox,0.2071,ppb,2025-02-19 06:45:00,2025-02-19 06:00:00,13.8,76,4.3,0.0
235,14340864,nox,0.195,ppb,2025-02-19 07:00:00,2025-02-19 07:00:00,14.2,74,4.7,0.0
235,14340864,nox,0.1662,ppb,2025-02-19 07:15:00,2025-02-19 07:00:00,14.2,74,4.7,0.0
235,14340864,nox,0.1415,ppb,2025-02-19 07:30:00,2025-02-19 07:00:00,14.2,74,4.7,0.0
235,14340864,nox,0.1110999999999999,ppb,2025-02-19 07:45:00,2025-02-19 07:00:00,14.2,74,4.7,0.0
235,14340864,nox,0.1184,ppb,2025-02-19 08:00:00,2025-02-19 08:00:00,15.9,67,5.4,0.0
235,14340864,nox,0.1448,ppb,2025-02-19 08:15:00,2025-02-19 08:00:00,15.9,67,5.4,0.0
235,14340864,nox,0.1021,ppb,2025-02-19 08:45:00,2025-02-19 08:00:00,15.9,67,5.4,0.0
235,14340864,nox,0.1130999999999999,ppb,2025-02-19 09:00:00,2025-02-19 09:00:00,19.0,54,3.4,0.0
235,14340864,nox,0.1024,ppb,2025-02-19 09:15:00,2025-02-19 09:00:00,19.0,54,3.4,0.0
235,14340864,nox,0.0952,ppb,2025-02-19 09:30:00,2025-02-19 09:00:00,19.0,54,3.4,0.0
235,14340864,nox,0.087,ppb,2025-02-19 09:45:00,2025-02-19 09:00:00,19.0,54,3.4,0.0
235,14340864,nox,0.0892,ppb,2025-02-19 10:00:00,2025-02-19 10:00:00,22.0,43,4.0,0.0
235,14340864,nox,0.0922,ppb,2025-02-19 10:15:00,2025-02-19 10:00:00,22.0,43,4.0,0.0
235,14340864,nox,0.0639,ppb,2025-02-19 10:45:00,2025-02-19 10:00:00,22.0,43,4.0,0.0
235,14340864,nox,0.0509,ppb,2025-02-19 11:00:00,2025-02-19 11:00:00,24.4,34,5.4,0.0
235,14340864,nox,0.0527,ppb,2025-02-19 11:15:00,2025-02-19 11:00:00,24.4,34,5.4,0.0
235,14340864,nox,0.0487,ppb,2025-02-19 11:30:00,2025-02-19 11:00:00,24.4,34,5.4,0.0
235,14340864,nox,0.0513,ppb,2025-02-19 11:45:00,2025-02-19 11:00:00,24.4,34,5.4,0.0
235,14340864,nox,0.0691,ppb,2025-02-19 12:00:00,2025-02-19 12:00:00,26.0,27,6.3,0.0
235,14340864,nox,0.0545,ppb,2025-02-19 12:15:00,2025-02-19 12:00:00,26.0,27,6.3,0.0
235,14340864,nox,0.0515,ppb,2025-02-19 12:30:00,2025-02-19 12:00:00,26.0,27,6.3,0.0
235,14340864,nox,0.0486,ppb,2025-02-19 12:45:00,2025-02-19 12:00:00,26.0,27,6.3,0.0
235,14340864,nox,0.0519,ppb,2025-02-19 13:00:00,2025-02-19 13:00:00,27.0,23,6.7,0.0
235,14340864,nox,0.0643,ppb,2025-02-19 13:15:00,2025-02-19 13:00:00,27.0,23,6.7,0.0
235,14340864,nox,0.0660999999999999,ppb,2025-02-19 13:30:00,2025-02-19 13:00:00,27.0,23,6.7,0.0
235,14340864,nox,0.0602,ppb,2025-02-19 13:45:00,2025-02-19 13:00:00,27.0,23,6.7,0.0
235,14340864,nox,0.0513,ppb,2025-02-19 14:00:00,2025-02-19 14:00:00,27.6,22,7.3,0.0
235,14340864,nox,0.0589,ppb,2025-02-19 14:30:00,2025-02-19 14:00:00,27.6,22,7.3,0.0
235,14340864,nox,0.0487999999999999,ppb,2025-02-19 14:45:00,2025-02-19 14:00:00,27.6,22,7.3,0.0
235,14340864,nox,0.0635,ppb,2025-02-19 15:00:00,2025-02-19 15:00:00,27.5,24,9.0,0.0
235,14340864,nox,0.0729,ppb,2025-02-19 15:15:00,2025-02-19 15:00:00,27.5,24,9.0,0.0
235,14340864,nox,0.0556,ppb,2025-02-19 15:30:00,2025-02-19 15:00:00,27.5,24,9.0,0.0
235,14340864,nox,0.0476,ppb,2025-02-19 15:45:00,2025-02-19 15:00:00,27.5,24,9.0,0.0
235,14340864,nox,0.0495,ppb,2025-02-19 16:00:00,2025-02-19 16:00:00,26.9,26,9.3,0.0
235,14340864,nox,0.0433,ppb,2025-02-19 16:15:00,2025-02-19 16:00:00,26.9,26,9.3,0.0
235,14340864,nox,0.0622999999999999,ppb,2025-02-19 16:30:00,2025-02-19 16:00:00,26.9,26,9.3,0.0
235,14340864,nox,0.0768,ppb,2025-02-19 16:45:00,2025-02-19 16:00:00,26.9,26,9.3,0.0
235,14340864,nox,0.0679,ppb,2025-02-19 17:00:00,2025-02-19 17:00:00,25.9,29,7.9,0.0
235,14340864,nox,0.0668,ppb,2025-02-19 17:15:00,2025-02-19 17:00:00,25.9,29,7.9,0.0
235,14340864,nox,0.0714,ppb,2025-02-19 17:30:00,2025-02-19 17:00:00,25.9,29,7.9,0.0
235,14340864,nox,0.082,ppb,2025-02-19 18:00:00,2025-02-19 18:00:00,25.1,33,5.3,0.0
235,14340864,nox,0.0959,ppb,2025-02-19 18:15:00,2025-02-19 18:00:00,25.1,33,5.3,0.0
235,14340864,nox,0.0825,ppb,2025-02-19 18:30:00,2025-02-19 18:00:00,25.1,33,5.3,0.0
235,14340864,nox,0.1007,ppb,2025-02-19 18:45:00,2025-02-19 18:00:00,25.1,33,5.3,0.0
235,14340864,nox,0.1064,ppb,2025-02-19 19:00:00,2025-02-19 19:00:00,24.2,39,3.1,0.0
235,14340864,nox,0.1034,ppb,2025-02-19 19:15:00,2025-02-19 19:00:00,24.2,39,3.1,0.0
235,14340864,nox,0.0852,ppb,2025-02-19 19:30:00,2025-02-19 19:00:00,24.2,39,3.1,0.0
235,14340864,nox,0.0732,ppb,2025-02-19 19:45:00,2025-02-19 19:00:00,24.2,39,3.1,0.0
235,14340864,nox,0.0741,ppb,2025-02-19 20:15:00,2025-02-19 20:00:00,23.0,45,3.1,0.0
235,14340864,nox,0.0689,ppb,2025-02-19 20:30:00,2025-02-19 20:00:00,23.0,45,3.1,0.0
235,14340864,nox,0.0676,ppb,2025-02-19 20:45:00,2025-02-19 20:00:00,23.0,45,3.1,0.0
235,14340864,nox,0.0708,ppb,2025-02-19 21:00:00,2025-02-19 21:00:00,22.3,48,5.0,0.0
235,14340864,nox,0.1002,ppb,2025-02-19 21:15:00,2025-02-19 21:00:00,22.3,48,5.0,0.0
235,14340864,nox,0.1012,ppb,2025-02-19 21:30:00,2025-02-19 21:00:00,22.3,48,5.0,0.0
235,14340864,nox,0.0882,ppb,2025-02-19 21:45:00,2025-02-19 21:00:00,22.3,48,5.0,0.0
235,14340864,nox,0.1164,ppb,2025-02-19 22:00:00,2025-02-19 22:00:00,21.1,54,6.1,0.2
235,14340864,nox,0.122,ppb,2025-02-19 22:15:00,2025-02-19 22:00:00,21.1,54,6.1,0.2
235,14340864,nox,0.1130999999999999,ppb,2025-02-19 22:30:00,2025-02-19 22:00:00,21.1,54,6.1,0.2
235,14340864,nox,0.1152,ppb,2025-02-19 23:00:00,2025-02-19 23:00:00,19.2,67,0.8,0.3
235,14340864,nox,0.084,ppb,2025-02-19 23:30:00,2025-02-19 23:00:00,19.2,67,0.8,0.3
235,14340864,nox,0.0585,ppb,2025-02-20 08:30:00,2025-02-20 08:00:00,18.1,72,10.1,0.0
235,14340864,nox,0.0531,ppb,2025-02-20 08:45:00,2025-02-20 08:00:00,18.1,72,10.1,0.0
235,14340864,nox,0.0373999999999999,ppb,2025-02-20 10:15:00,2025-02-20 10:00:00,20.4,61,10.5,0.0
235,14340864,nox,0.0357,ppb,2025-02-20 10:30:00,2025-02-20 10:00:00,20.4,61,10.5,0.0
235,14340864,nox,0.034,ppb,2025-02-20 10:45:00,2025-02-20 10:00:00,20.4,61,10.5,0.0
235,14340864,nox,0.0322999999999999,ppb,2025-02-20 11:00:00,2025-02-20 11:00:00,21.3,58,9.8,0.0
235,14340864,nox,0.03,ppb,2025-02-20 11:15:00,2025-02-20 11:00:00,21.3,58,9.8,0.0
235,14340864,nox,0.029,ppb,2025-02-20 11:30:00,2025-02-20 11:00:00,21.3,58,9.8,0.0
235,14340864,nox,0.0295,ppb,2025-02-20 11:45:00,2025-02-20 11:00:00,21.3,58,9.8,0.0
235,14340864,nox,0.0264,ppb,2025-02-20 12:45:00,2025-02-20 12:00:00,21.2,60,13.3,0.0
235,14340864,nox,0.0233999999999999,ppb,2025-02-20 13:15:00,2025-02-20 13:00:00,22.8,52,14.9,0.0
235,14340864,nox,0.0201,ppb,2025-02-20 13:30:00,2025-02-20 13:00:00,22.8,52,14.9,0.0
235,14340864,nox,0.0205,ppb,2025-02-20 13:45:00,2025-02-20 13:00:00,22.8,52,14.9,0.0
235,14340864,nox,0.0226,ppb,2025-02-20 14:45:00,2025-02-20 14:00:00,23.7,48,15.8,0.0
235,14340864,nox,0.0268,ppb,2025-02-20 15:00:00,2025-02-20 15:00:00,24.0,45,15.3,0.0
235,14340864,nox,0.0308,ppb,2025-02-20 15:15:00,2025-02-20 15:00:00,24.0,45,15.3,0.0
235,14340864,nox,0.033,ppb,2025-02-20 15:30:00,2025-02-20 15:00:00,24.0,45,15.3,0.0
235,14340864,nox,0.0353,ppb,2025-02-20 15:45:00,2025-02-20 15:00:00,24.0,45,15.3,0.0
235,14340864,nox,0.0376,ppb,2025-02-20 16:00:00,2025-02-20 16:00:00,23.3,47,14.6,0.0
235,14340864,nox,0.04,ppb,2025-02-20 16:15:00,2025-02-20 16:00:00,23.3,47,14.6,0.0
235,14340864,nox,0.0417,ppb,2025-02-20 16:30:00,2025-02-20 16:00:00,23.3,47,14.6,0.0
235,14340864,nox,0.0442,ppb,2025-02-20 16:45:00,2025-02-20 16:00:00,23.3,47,14.6,0.0
235,14340864,nox,0.0414,ppb,2025-02-20 17:00:00,2025-02-20 17:00:00,22.4,51,13.4,0.0
235,14340864,nox,0.0373999999999999,ppb,2025-02-20 17:15:00,2025-02-20 17:00:00,22.4,51,13.4,0.0
235,14340864,nox,0.0377,ppb,2025-02-20 17:30:00,2025-02-20 17:00:00,22.4,51,13.4,0.0
235,14340864,nox,0.0477999999999999,ppb,2025-02-21 10:45:00,2025-02-21 10:00:00,20.3,66,0.4,0.0
235,14340864,nox,0.0429,ppb,2025-02-21 11:30:00,2025-02-21 11:00:00,22.2,57,1.4,0.0
235,14340865,wind_direction,12.0,deg,2025-02-19 03:45:00,2025-02-19 03:00:00,15.3,68,4.5,0.0
235,14340865,wind_direction,223.0,deg,2025-02-19 04:00:00,2025-02-19 04:00:00,14.7,70,4.4,0.0
235,14340865,wind_direction,331.0,deg,2025-02-19 04:15:00,2025-02-19 04:00:00,14.7,70,4.4,0.0
235,14340865,wind_direction,331.0,deg,2025-02-19 04:30:00,2025-02-19 04:00:00,14.7,70,4.4,0.0
235,14340865,wind_direction,331.0,deg,2025-02-19 04:45:00,2025-02-19 04:00:00,14.7,70,4.4,0.0
235,14340865,wind_direction,342.0,deg,2025-02-19 05:00:00,2025-02-19 05:00:00,14.2,70,4.5,0.0
235,14340865,wind_direction,345.0,deg,2025-02-19 05:15:00,2025-02-19 05:00:00,14.2,70,4.5,0.0
235,14340865,wind_direction,192.0,deg,2025-02-19 05:30:00,2025-02-19 05:00:00,14.2,70,4.5,0.0
235,14340865,wind_direction,159.0,deg,2025-02-19 05:45:00,2025-02-19 05:00:00,14.2,70,4.5,0.0
235,14340865,wind_direction,293.0,deg,2025-02-19 06:00:00,2025-02-19 06:00:00,13.8,76,4.3,0.0
235,14340865,wind_direction,203.0,deg,2025-02-19 06:15:00,2025-02-19 06:00:00,13.8,76,4.3,0.0
235,14340865,wind_direction,260.0,deg,2025-02-19 06:30:00,2025-02-19 06:00:00,13.8,76,4.3,0.0
235,14340865,wind_direction,260.0,deg,2025-02-19 06:45:00,2025-02-19 06:00:00,13.8,76,4.3,0.0
235,14340865,wind_direction,260.0,deg,2025-02-19 07:00:00,2025-02-19 07:00:00,14.2,74,4.7,0.0
235,14340865,wind_direction,260.0,deg,2025-02-19 07:15:00,2025-02-19 07:00:00,14.2,74,4.7,0.0
235,14340865,wind_direction,256.0,deg,2025-02-19 07:30:00,2025-02-19 07:00:00,14.2,74,4.7,0.0
235,14340865,wind_direction,249.0,deg,2025-02-19 07:45:00,2025-02-19 07:00:00,14.2,74,4.7,0.0
235,14340865,wind_direction,143.0,deg,2025-02-19 08:00:00,2025-02-19 08:00:00,15.9,67,5.4,0.0
235,14340865,wind_direction,149.0,deg,2025-02-19 08:15:00,2025-02-19 08:00:00,15.9,67,5.4,0.0
235,14340865,wind_direction,222.0,deg,2025-02-19 08:45:00,2025-02-19 08:00:00,15.9,67,5.4,0.0
235,14340865,wind_direction,127.0,deg,2025-02-19 09:00:00,2025-02-19 09:00:00,19.0,54,3.4,0.0
235,14340865,wind_direction,172.0,deg,2025-02-19 09:15:00,2025-02-19 09:00:00,19.0,54,3.4,0.0
235,14340865,wind_direction,99.0,deg,2025-02-19 09:30:00,2025-02-19 09:00:00,19.0,54,3.4,0.0
235,14340865,wind_direction,78.0,deg,2025-02-19 09:45:00,2025-02-19 09:00:00,19.0,54,3.4,0.0
235,14340865,wind_direction,94.0,deg,2025-02-19 10:00:00,2025-02-19 10:00:00,22.0,43,4.0,0.0
235,14340865,wind_direction,157.0,deg,2025-02-19 10:15:00,2025-02-19 10:00:00,22.0,43,4.0,0.0
235,14340865,wind_direction,78.0,deg,2025-02-19 10:45:00,2025-02-19 10:00:00,22.0,43,4.0,0.0
235,14340865,wind_direction,81.0,deg,2025-02-19 11:00:00,2025-02-19 11:00:00,24.4,34,5.4,0.0
235,14340865,wind_direction,71.0,deg,2025-02-19 11:15:00,2025-02-19 11:00:00,24.4,34,5.4,0.0
235,14340865,wind_direction,92.0,deg,2025-02-19 11:30:00,2025-02-19 11:00:00,24.4,34,5.4,0.0
235,14340865,wind_direction,124.0,deg,2025-02-19 11:45:00,2025-02-19 11:00:00,24.4,34,5.4,0.0
235,14340865,wind_direction,109.0,deg,2025-02-19 12:00:00,2025-02-19 12:00:00,26.0,27,6.3,0.0
235,14340865,wind_direction,118.0,deg,2025-02-19 12:15:00,2025-02-19 12:00:00,26.0,27,6.3,0.0
235,14340865,wind_direction,128.0,deg,2025-02-19 12:30:00,2025-02-19 12:00:00,26.0,27,6.3,0.0
235,14340865,wind_direction,125.0,deg,2025-02-19 12:45:00,2025-02-19 12:00:00,26.0,27,6.3,0.0
235,14340865,wind_direction,93.0,deg,2025-02-19 13:00:00,2025-02-19 13:00:00,27.0,23,6.7,0.0
235,14340865,wind_direction,87.0,deg,2025-02-19 13:15:00,2025-02-19 13:00:00,27.0,23,6.7,0.0
235,14340865,wind_direction,124.0,deg,2025-02-19 13:30:00,2025-02-19 13:00:00,27.0,23,6.7,0.0
235,14340865,wind_direction,99.0,deg,2025-02-19 13:45:00,2025-02-19 13:00:00,27.0,23,6.7,0.0
235,14340865,wind_direction,227.0,deg,2025-02-19 14:00:00,2025-02-19 14:00:00,27.6,22,7.3,0.0
235,14340865,wind_direction,122.0,deg,2025-02-19 14:30:00,2025-02-19 14:00:00,27.6,22,7.3,0.0
235,14340865,wind_direction,187.0,deg,2025-02-19 14:45:00,2025-02-19 14:00:00,27.6,22,7.3,0.0
235,14340865,wind_direction,78.0,deg,2025-02-19 15:00:00,2025-02-19 15:00:00,27.5,24,9.0,0.0
235,14340865,wind_direction,100.0,deg,2025-02-19 15:15:00,2025-02-19 15:00:00,27.5,24,9.0,0.0
235,14340865,wind_direction,109.0,deg,2025-02-19 15:30:00,2025-02-19 15:00:00,27.5,24,9.0,0.0
235,14340865,wind_direction,186.0,deg,2025-02-19 15:45:00,2025-02-19 15:00:00,27.5,24,9.0,0.0
235,14340865,wind_direction,160.0,deg,2025-02-19 16:00:00,2025-02-19 16:00:00,26.9,26,9.3,0.0
235,14340865,wind_direction,65.0,deg,2025-02-19 16:15:00,2025-02-19 16:00:00,26.9,26,9.3,0.0
235,14340865,wind_direction,49.0,deg,2025-02-19 16:30:00,2025-02-19 16:00:00,26.9,26,9.3,0.0
235,14340865,wind_direction,60.0,deg,2025-02-19 16:45:00,2025-02-19 16:00:00,26.9,26,9.3,0.0
235,14340865,wind_direction,162.0,deg,2025-02-19 17:00:00,2025-02-19 17:00:00,25.9,29,7.9,0.0
235,14340865,wind_direction,125.0,deg,2025-02-19 17:15:00,2025-02-19 17:00:00,25.9,29,7.9,0.0
235,14340865,wind_direction,107.0,deg,2025-02-19 17:30:00,2025-02-19 17:00:00,25.9,29,7.9,0.0
235,14340865,wind_direction,76.0,deg,2025-02-19 18:00:00,2025-02-19 18:00:00,25.1,33,5.3,0.0
235,14340865,wind_direction,76.0,deg,2025-02-19 18:15:00,2025-02-19 18:00:00,25.1,33,5.3,0.0
235,14340865,wind_direction,76.0,deg,2025-02-19 18:30:00,2025-02-19 18:00:00,25.1,33,5.3,0.0
235,14340865,wind_direction,80.0,deg,2025-02-19 18:45:00,2025-02-19 18:00:00,25.1,33,5.3,0.0
235,14340865,wind_direction,103.0,deg,2025-02-19 19:00:00,2025-02-19 19:00:00,24.2,39,3.1,0.0
235,14340865,wind_direction,87.0,deg,2025-02-19 19:15:00,2025-02-19 19:00:00,24.2,39,3.1,0.0
235,14340865,wind_direction,118.0,deg,2025-02-19 19:30:00,2025-02-19 19:00:00,24.2,39,3.1,0.0
235,14340865,wind_direction,118.0,deg,2025-02-19 19:45:00,2025-02-19 19:00:00,24.2,39,3.1,0.0
235,14340865,wind_direction,119.0,deg,2025-02-19 20:15:00,2025-02-19 20:00:00,23.0,45,3.1,0.0
235,14340865,wind_direction,119.0,deg,2025-02-19 20:30:00,2025-02-19 20:00:00,23.0,45,3.1,0.0
235,14340865,wind_direction,119.0,deg,2025-02-19 20:45:00,2025-02-19 20:00:00,23.0,45,3.1,0.0
235,14340865,wind_direction,119.0,deg,2025-02-19 21:00:00,2025-02-19 21:00:00,22.3,48,5.0,0.0
235,14340865,wind_direction,118.0,deg,2025-02-19 21:15:00,2025-02-19 21:00:00,22.3,48,5.0,0.0
235,14340865,wind_direction,198.0,deg,2025-02-19 21:30:00,2025-02-19 21:00:00,22.3,48,5.0,0.0
235,14340865,wind_direction,213.0,deg,2025-02-19 21:45:00,2025-02-19 21:00:00,22.3,48,5.0,0.0
235,14340865,wind_direction,188.0,deg,2025-02-19 22:00:00,2025-02-19 22:00:00,21.1,54,6.1,0.2
235,14340865,wind_direction,188.0,deg,2025-02-19 22:15:00,2025-02-19 22:00:00,21.1,54,6.1,0.2
235,14340865,wind_direction,188.0,deg,2025-02-19 22:30:00,2025-02-19 22:00:00,21.1,54,6.1,0.2
235,14340865,wind_direction,188.0,deg,2025-02-19 23:00:00,2025-02-19 23:00:00,19.2,67,0.8,0.3
235,14340865,wind_direction,188.0,deg,2025-02-19 23:30:00,2025-02-19 23:00:00,19.2,67,0.8,0.3
235,14340865,wind_direction,172.0,deg,2025-02-20 11:30:00,2025-02-20 11:00:00,21.3,58,9.8,0.0
235,14340865,wind_direction,161.0,deg,2025-02-20 11:45:00,2025-02-20 11:00:00,21.3,58,9.8,0.0
235,14340865,wind_direction,169.0,deg,2025-02-20 12:45:00,2025-02-20 12:00:00,21.2,60,13.3,0.0
235,14340865,wind_direction,163.0,deg,2025-02-20 13:15:00,2025-02-20 13:00:00,22.8,52,14.9,0.0
235,14340865,wind_direction,180.0,deg,2025-02-20 13:30:00,2025-02-20 13:00:00,22.8,52,14.9,0.0
235,14340865,wind_direction,164.0,deg,2025-02-20 13:45:00,2025-02-20 13:00:00,22.8,52,14.9,0.0
235,14340865,wind_direction,173.0,deg,2025-02-20 14:00:00,2025-02-20 14:00:00,23.7,48,15.8,0.0
235,14340865,wind_direction,178.0,deg,2025-02-20 14:45:00,2025-02-20 14:00:00,23.7,48,15.8,0.0
235,14340865,wind_direction,185.0,deg,2025-02-20 15:00:00,2025-02-20 15:00:00,24.0,45,15.3,0.0
235,14340865,wind_direction,187.0,deg,2025-02-20 15:15:00,2025-02-20 15:00:00,24.0,45,15.3,0.0
235,14340865,wind_direction,180.0,deg,2025-02-20 15:30:00,2025-02-20 15:00:00,24.0,45,15.3,0.0
235,14340865,wind_direction,181.0,deg,2025-02-20 15:45:00,2025-02-20 15:00:00,24.0,45,15.3,0.0
235,14340865,wind_direction,167.0,deg,2025-02-20 16:00:00,2025-02-20 16:00:00,23.3,47,14.6,0.0
235,14340865,wind_direction,143.0,deg,2025-02-20 16:15:00,2025-02-20 16:00:00,23.3,47,14.6,0.0
235,14340865,wind_direction,192.0,deg,2025-02-20 16:30:00,2025-02-20 16:00:00,23.3,47,14.6,0.0
235,14340865,wind_direction,182.0,deg,2025-02-20 16:45:00,2025-02-20 16:00:00,23.3,47,14.6,0.0
235,14340865,wind_direction,161.0,deg,2025-02-20 17:00:00,2025-02-20 17:00:00,22.4,51,13.4,0.0
235,14340865,wind_direction,152.0,deg,2025-02-20 17:15:00,2025-02-20 17:00:00,22.4,51,13.4,0.0
235,14340865,wind_direction,159.0,deg,2025-02-20 17:30:00,2025-02-20 17:00:00,22.4,51,13.4,0.0
235,14340865,wind_direction,152.0,deg,2025-02-21 10:45:00,2025-02-21 10:00:00,20.3,66,0.4,0.0
235,14340865,wind_direction,182.0,deg,2025-02-21 11:30:00,2025-02-21 11:00:00,22.2,57,1.4,0.0
235,14340865,wind_direction,172.0,deg,2025-02-21 11:45:00,2025-02-21 11:00:00,22.2,57,1.4,0.0
235,14340865,wind_direction,165.0,deg,2025-02-21 12:00:00,2025-02-21 12:00:00,23.5,53,2.5,0.0
235,14340865,wind_direction,166.0,deg,2025-02-21 12:15:00,2025-02-21 12:00:00,23.5,53,2.5,0.0
235,14340865,wind_direction,157.0,deg,2025-02-21 12:30:00,2025-02-21 12:00:00,23.5,53,2.5,0.0
235,14340865,wind_direction,195.0,deg,2025-02-21 12:45:00,2025-02-21 12:00:00,23.5,53,2.5,0.0
235,14340865,wind_direction,95.0,deg,2025-02-21 13:00:00,2025-02-21 13:00:00,24.3,51,3.3,0.0
235,14340866,wind_speed,0.3,m/s,2025-02-19 03:45:00,2025-02-19 03:00:00,15.3,68,4.5,0.0
235,14340866,wind_speed,0.3,m/s,2025-02-19 04:00:00,2025-02-19 04:00:00,14.7,70,4.4,0.0
235,14340866,wind_speed,0.3,m/s,2025-02-19 04:15:00,2025-02-19 04:00:00,14.7,70,4.4,0.0
235,14340866,wind_speed,0.3,m/s,2025-02-19 04:30:00,2025-02-19 04:00:00,14.7,70,4.4,0.0
235,14340866,wind_speed,0.3,m/s,2025-02-19 04:45:00,2025-02-19 04:00:00,14.7,70,4.4,0.0
235,14340866,wind_speed,0.3,m/s,2025-02-19 05:00:00,2025-02-19 05:00:00,14.2,70,4.5,0.0
235,14340866,wind_speed,0.3,m/s,2025-02-19 05:15:00,2025-02-19 05:00:00,14.2,70,4.5,0.0
235,14340866,wind_speed,0.3,m/s,2025-02-19 05:30:00,2025-02-19 05:00:00,14.2,70,4.5,0.0
235,14340866,wind_speed,0.3,m/s,2025-02-19 05:45:00,2025-02-19 05:00:00,14.2,70,4.5,0.0
235,14340866,wind_speed,0.3,m/s,2025-02-19 06:00:00,2025-02-19 06:00:00,13.8,76,4.3,0.0
235,14340866,wind_speed,0.3,m/s,2025-02-19 06:15:00,2025-02-19 06:00:00,13.8,76,4.3,0.0
235,14340866,wind_speed,0.3,m/s,2025-02-19 06:30:00,2025-02-19 06:00:00,13.8,76,4.3,0.0
235,14340866,wind_speed,0.3,m/s,2025-02-19 06:45:00,2025-02-19 06:00:00,13.8,76,4.3,0.0
235,14340866,wind_speed,0.3,m/s,2025-02-19 07:00:00,2025-02-19 07:00:00,14.2,74,4.7,0.0
235,14340866,wind_speed,0.3,m/s,2025-02-19 07:15:00,2025-02-19 07:00:00,14.2,74,4.7,0.0
235,14340866,wind_speed,0.3,m/s,2025-02-19 07:30:00,2025-02-19 07:00:00,14.2,74,4.7,0.0
235,14340866,wind_speed,0.3,m/s,2025-02-19 07:45:00,2025-02-19 07:00:00,14.2,74,4.7,0.0
235,14340866,wind_speed,0.4,m/s,2025-02-19 08:00:00,2025-02-19 08:00:00,15.9,67,5.4,0.0
235,14340866,wind_speed,0.3,m/s,2025-02-19 08:15:00,2025-02-19 08:00:00,15.9,67,5.4,0.0
235,14340866,wind_speed,0.3,m/s,2025-02-19 08:45:00,2025-02-19 08:00:00,15.9,67,5.4,0.0
235,14340866,wind_speed,0.3,m/s,2025-02-19 09:00:00,2025-02-19 09:00:00,19.0,54,3.4,0.0
235,14340866,wind_speed,0.3,m/s,2025-02-19 09:15:00,2025-02-19 09:00:00,19.0,54,3.4,0.0
235,14340866,wind_speed,0.4,m/s,2025-02-19 09:30:00,2025-02-19 09:00:00,19.0,54,3.4,0.0
235,14340866,wind_speed,0.3,m/s,2025-02-19 09:45:00,2025-02-19 09:00:00,19.0,54,3.4,0.0
235,14340866,wind_speed,0.3,m/s,2025-02-19 10:00:00,2025-02-19 10:00:00,22.0,43,4.0,0.0
235,14340866,wind_speed,0.3,m/s,2025-02-19 10:15:00,2025-02-19 10:00:00,22.0,43,4.0,0.0
235,14340866,wind_speed,0.4,m/s,2025-02-19 10:45:00,2025-02-19 10:00:00,22.0,43,4.0,0.0
235,14340866,wind_speed,0.3,m/s,2025-02-19 11:00:00,2025-02-19 11:00:00,24.4,34,5.4,0.0
235,14340866,wind_speed,0.5,m/s,2025-02-19 11:15:00,2025-02-19 11:00:00,24.4,34,5.4,0.0
235,14340866,wind_speed,0.3,m/s,2025-02-19 11:30:00,2025-02-19 11:00:00,24.4,34,5.4,0.0
235,14340866,wind_speed,0.3,m/s,2025-02-19 11:45:00,2025-02-19 11:00:00,24.4,34,5.4,0.0
235,14340866,wind_speed,0.3,m/s,2025-02-19 12:00:00,2025-02-19 12:00:00,26.0,27,6.3,0.0
235,14340866,wind_speed,0.3,m/s,2025-02-19 12:15:00,2025-02-19 12:00:00,26.0,27,6.3,0.0
235,14340866,wind_speed,0.3,m/s,2025-02-19 12:30:00,2025-02-19 12:00:00,26.0,27,6.3,0.0
235,14340866,wind_speed,0.4,m/s,2025-02-19 12:45:00,2025-02-19 12:00:00,26.0,27,6.3,0.0
235,14340866,wind_speed,0.3,m/s,2025-02-19 13:00:00,2025-02-19 13:00:00,27.0,23,6.7,0.0
235,14340866,wind_speed,0.3,m/s,2025-02-19 13:15:00,2025-02-19 13:00:00,27.0,23,6.7,0.0
235,14340866,wind_speed,0.5,m/s,2025-02-19 13:30:00,2025-02-19 13:00:00,27.0,23,6.7,0.0
235,14340866,wind_speed,0.4,m/s,2025-02-19 13:45:00,2025-02-19 13:00:00,27.0,23,6.7,0.0
235,14340866,wind_speed,0.5,m/s,2025-02-19 14:00:00,2025-02-19 14:00:00,27.6,22,7.3,0.0
235,14340866,wind_speed,0.4,m/s,2025-02-19 14:30:00,2025-02-19 14:00:00,27.6,22,7.3,0.0
235,14340866,wind_speed,1.0,m/s,2025-02-19 14:45:00,2025-02-19 14:00:00,27.6,22,7.3,0.0
235,14340866,wind_speed,0.4,m/s,2025-02-19 15:00:00,2025-02-19 15:00:00,27.5,24,9.0,0.0
235,14340866,wind_speed,0.3,m/s,2025-02-19 15:15:00,2025-02-19 15:00:00,27.5,24,9.0,0.0
235,14340866,wind_speed,0.5,m/s,2025-02-19 15:30:00,2025-02-19 15:00:00,27.5,24,9.0,0.0
235,14340866,wind_speed,0.7,m/s,2025-02-19 15:45:00,2025-02-19 15:00:00,27.5,24,9.0,0.0
235,14340866,wind_speed,0.7,m/s,2025-02-19 16:00:00,2025-02-19 16:00:00,26.9,26,9.3,0.0
235,14340866,wind_speed,0.3,m/s,2025-02-19 16:15:00,2025-02-19 16:00:00,26.9,26,9.3,0.0
235,14340866,wind_speed,0.3,m/s,2025-02-19 16:30:00,2025-02-19 16:00:00,26.9,26,9.3,0.0
235,14340866,wind_speed,0.3,m/s,2025-02-19 16:45:00,2025-02-19 16:00:00,26.9,26,9.3,0.0
235,14340866,wind_speed,0.3,m/s,2025-02-19 17:00:00,2025-02-19 17:00:00,25.9,29,7.9,0.0
235,14340866,wind_speed,0.3,m/s,2025-02-19 17:15:00,2025-02-19 17:00:00,25.9,29,7.9,0.0
235,14340866,wind_speed,0.3,m/s,2025-02-19 17:30:00,2025-02-19 17:00:00,25.9,29,7.9,0.0
235,14340866,wind_speed,0.3,m/s,2025-02-19 18:00:00,2025-02-19 18:00:00,25.1,33,5.3,0.0
235,14340866,wind_speed,0.3,m/s,2025-02-19 18:15:00,2025-02-19 18:00:00,25.1,33,5.3,0.0
235,14340866,wind_speed,0.3,m/s,2025-02-19 18:30:00,2025-02-19 18:00:00,25.1,33,5.3,0.0
235,14340866,wind_speed,0.3,m/s,2025-02-19 18:45:00,2025-02-19 18:00:00,25.1,33,5.3,0.0
235,14340866,wind_speed,0.3,m/s,2025-02-19 19:00:00,2025-02-19 19:00:00,24.2,39,3.1,0.0
235,14340866,wind_speed,0.3,m/s,2025-02-19 19:15:00,2025-02-19 19:00:00,24.2,39,3.1,0.0
235,14340866,wind_speed,0.3,m/s,2025-02-19 19:30:00,2025-02-19 19:00:00,24.2,39,3.1,0.0
235,14340866,wind_speed,0.3,m/s,2025-02-19 19:45:00,2025-02-19 19:00:00,24.2,39,3.1,0.0
235,14340866,wind_speed,0.3,m/s,2025-02-19 20:15:00,2025-02-19 20:00:00,23.0,45,3.1,0.0
235,14340866,wind_speed,0.3,m/s,2025-02-19 20:30:00,2025-02-19 20:00:00,23.0,45,3.1,0.0
235,14340866,wind_speed,0.3,m/s,2025-02-19 20:45:00,2025-02-19 20:00:00,23.0,45,3.1,0.0
235,14340866,wind_speed,0.3,m/s,2025-02-19 21:00:00,2025-02-19 21:00:00,22.3,48,5.0,0.0
235,14340866,wind_speed,0.3,m/s,2025-02-19 21:15:00,2025-02-19 21:00:00,22.3,48,5.0,0.0
235,14340866,wind_speed,1.1,m/s,2025-02-19 21:30:00,2025-02-19 21:00:00,22.3,48,5.0,0.0
235,14340866,wind_speed,0.4,m/s,2025-02-19 21:45:00,2025-02-19 21:00:00,22.3,48,5.0,0.0
235,14340866,wind_speed,0.3,m/s,2025-02-19 22:00:00,2025-02-19 22:00:00,21.1,54,6.1,0.2
235,14340866,wind_speed,0.3,m/s,2025-02-19 22:15:00,2025-02-19 22:00:00,21.1,54,6.1,0.2
235,14340866,wind_speed,0.3,m/s,2025-02-19 22:30:00,2025-02-19 22:00:00,21.1,54,6.1,0.2
235,14340866,wind_speed,0.3,m/s,2025-02-19 23:00:00,2025-02-19 23:00:00,19.2,67,0.8,0.3
235,14340866,wind_speed,0.3,m/s,2025-02-19 23:30:00,2025-02-19 23:00:00,19.2,67,0.8,0.3
235,14340866,wind_speed,2.2,m/s,2025-02-20 11:30:00,2025-02-20 11:00:00,21.3,58,9.8,0.0
235,14340866,wind_speed,2.0,m/s,2025-02-20 11:45:00,2025-02-20 11:00:00,21.3,58,9.8,0.0
235,14340866,wind_speed,2.5,m/s,2025-02-20 12:45:00,2025-02-20 12:00:00,21.2,60,13.3,0.0
235,14340866,wind_speed,3.3,m/s,2025-02-20 13:15:00,2025-02-20 13:00:00,22.8,52,14.9,0.0
235,14340866,wind_speed,2.9,m/s,2025-02-20 13:30:00,2025-02-20 13:00:00,22.8,52,14.9,0.0
235,14340866,wind_speed,3.4,m/s,2025-02-20 13:45:00,2025-02-20 13:00:00,22.8,52,14.9,0.0
235,14340866,wind_speed,2.7,m/s,2025-02-20 14:00:00,2025-02-20 14:00:00,23.7,48,15.8,0.0
235,14340866,wind_speed,3.7,m/s,2025-02-20 14:45:00,2025-02-20 14:00:00,23.7,48,15.8,0.0
235,14340866,wind_speed,3.1,m/s,2025-02-20 15:00:00,2025-02-20 15:00:00,24.0,45,15.3,0.0
235,14340866,wind_speed,3.7,m/s,2025-02-20 15:15:00,2025-02-20 15:00:00,24.0,45,15.3,0.0
235,14340866,wind_speed,3.1,m/s,2025-02-20 15:30:00,2025-02-20 15:00:00,24.0,45,15.3,0.0
235,14340866,wind_speed,2.8,m/s,2025-02-20 15:45:00,2025-02-20 15:00:00,24.0,45,15.3,0.0
235,14340866,wind_speed,3.0,m/s,2025-02-20 16:00:00,2025-02-20 16:00:00,23.3,47,14.6,0.0
235,14340866,wind_speed,2.7,m/s,2025-02-20 16:15:00,2025-02-20 16:00:00,23.3,47,14.6,0.0
235,14340866,wind_speed,3.3,m/s,2025-02-20 16:30:00,2025-02-20 16:00:00,23.3,47,14.6,0.0
235,14340866,wind_speed,1.9,m/s,2025-02-20 16:45:00,2025-02-20 16:00:00,23.3,47,14.6,0.0
235,14340866,wind_speed,2.6,m/s,2025-02-20 17:00:00,2025-02-20 17:00:00,22.4,51,13.4,0.0
235,14340866,wind_speed,2.0,m/s,2025-02-20 17:15:00,2025-02-20 17:00:00,22.4,51,13.4,0.0
235,14340866,wind_speed,2.2,m/s,2025-02-20 17:30:00,2025-02-20 17:00:00,22.4,51,13.4,0.0
235,14340866,wind_speed,0.3,m/s,2025-02-21 10:45:00,2025-02-21 10:00:00,20.3,66,0.4,0.0
235,14340866,wind_speed,0.3,m/s,2025-02-21 11:30:00,2025-02-21 11:00:00,22.2,57,1.4,0.0
235,14340866,wind_speed,0.4,m/s,2025-02-21 11:45:00,2025-02-21 11:00:00,22.2,57,1.4,0.0
235,14340866,wind_speed,0.3,m/s,2025-02-21 12:00:00,2025-02-21 12:00:00,23.5,53,2.5,0.0
235,14340866,wind_speed,0.3,m/s,2025-02-21 12:15:00,2025-02-21 12:00:00,23.5,53,2.5,0.0
235,14340866,wind_speed,0.3,m/s,2025-02-21 12:30:00,2025-02-21 12:00:00,23.5,53,2.5,0.0
235,14340866,wind_speed,0.6,m/s,2025-02-21 12:45:00,2025-02-21 12:00:00,23.5,53,2.5,0.0
235,14340866,wind_speed,0.3,m/s,2025-02-21 13:00:00,2025-02-21 13:00:00,24.3,51,3.3,0.0
