location_id,sensor_id,parameter,value,unit,timestamp
13,13864,pm25,300.0,µg/m³,2016-11-02 17:30:00+00:00
13,13864,pm25,93.0,µg/m³,2016-11-03 10:45:00+00:00
13,13864,pm25,93.0,µg/m³,2016-11-03 11:00:00+00:00
13,13864,pm25,93.0,µg/m³,2016-11-03 11:15:00+00:00
13,13864,pm25,93.0,µg/m³,2016-11-03 11:30:00+00:00
13,13864,pm25,135.0,µg/m³,2016-11-03 11:45:00+00:00
13,13864,pm25,136.0,µg/m³,2016-11-03 12:00:00+00:00
13,13864,pm25,136.0,µg/m³,2016-11-03 12:15:00+00:00
13,13864,pm25,136.0,µg/m³,2016-11-03 12:30:00+00:00
13,13864,pm25,190.0,µg/m³,2016-11-03 12:45:00+00:00
13,13864,pm25,192.0,µg/m³,2016-11-03 13:00:00+00:00
13,13864,pm25,192.0,µg/m³,2016-11-03 13:15:00+00:00
13,13864,pm25,192.0,µg/m³,2016-11-03 13:30:00+00:00
13,13864,pm25,204.0,µg/m³,2016-11-03 13:45:00+00:00
13,13864,pm25,205.0,µg/m³,2016-11-03 14:00:00+00:00
13,13864,pm25,205.0,µg/m³,2016-11-03 14:15:00+00:00
13,13864,pm25,205.0,µg/m³,2016-11-03 14:30:00+00:00
13,13864,pm25,228.0,µg/m³,2016-11-03 14:45:00+00:00
13,13864,pm25,229.0,µg/m³,2016-11-03 15:00:00+00:00
13,13864,pm25,229.0,µg/m³,2016-11-03 15:15:00+00:00
13,13864,pm25,229.0,µg/m³,2016-11-03 15:30:00+00:00
13,13864,pm25,278.0,µg/m³,2016-11-03 15:45:00+00:00
13,13864,pm25,280.0,µg/m³,2016-11-03 16:00:00+00:00
13,13864,pm25,280.0,µg/m³,2016-11-03 16:15:00+00:00
13,13864,pm25,280.0,µg/m³,2016-11-03 16:30:00+00:00
13,13864,pm25,300.0,µg/m³,2016-11-03 16:45:00+00:00
13,13864,pm25,300.0,µg/m³,2016-11-03 17:00:00+00:00
13,13864,pm25,300.0,µg/m³,2016-11-03 17:15:00+00:00
13,13864,pm25,269.0,µg/m³,2016-11-03 17:45:00+00:00
13,13864,pm25,268.0,µg/m³,2016-11-03 18:00:00+00:00
13,13864,pm25,268.0,µg/m³,2016-11-03 18:15:00+00:00
13,13864,pm25,268.0,µg/m³,2016-11-03 18:30:00+00:00
13,13864,pm25,285.0,µg/m³,2016-11-03 18:45:00+00:00
13,13864,pm25,286.0,µg/m³,2016-11-03 19:00:00+00:00
13,13864,pm25,286.0,µg/m³,2016-11-03 19:15:00+00:00
13,13864,pm25,286.0,µg/m³,2016-11-03 19:30:00+00:00
13,13864,pm25,356.0,µg/m³,2016-11-03 19:45:00+00:00
13,13864,pm25,358.0,µg/m³,2016-11-03 20:00:00+00:00
13,13864,pm25,358.0,µg/m³,2016-11-03 20:15:00+00:00
13,13864,pm25,358.0,µg/m³,2016-11-03 20:30:00+00:00
13,13864,pm25,366.0,µg/m³,2016-11-03 21:45:00+00:00
13,13864,pm25,366.0,µg/m³,2016-11-03 22:00:00+00:00
13,13864,pm25,366.0,µg/m³,2016-11-03 22:15:00+00:00
13,13864,pm25,366.0,µg/m³,2016-11-03 22:30:00+00:00
13,13864,pm25,437.0,µg/m³,2016-11-03 22:45:00+00:00
13,13864,pm25,439.0,µg/m³,2016-11-03 23:00:00+00:00
13,13864,pm25,439.0,µg/m³,2016-11-03 23:15:00+00:00
13,13864,pm25,439.0,µg/m³,2016-11-03 23:30:00+00:00
13,13864,pm25,388.0,µg/m³,2016-11-03 23:45:00+00:00
13,13864,pm25,387.0,µg/m³,2016-11-04 00:00:00+00:00
13,13864,pm25,387.0,µg/m³,2016-11-04 00:15:00+00:00
13,13864,pm25,387.0,µg/m³,2016-11-04 00:30:00+00:00
13,13864,pm25,433.0,µg/m³,2016-11-04 00:45:00+00:00
13,13864,pm25,435.0,µg/m³,2016-11-04 01:00:00+00:00
13,13864,pm25,435.0,µg/m³,2016-11-04 01:15:00+00:00
13,13864,pm25,435.0,µg/m³,2016-11-04 01:30:00+00:00
13,13864,pm25,434.0,µg/m³,2016-11-04 07:45:00+00:00
13,13864,pm25,413.0,µg/m³,2016-11-04 08:00:00+00:00
13,13864,pm25,413.0,µg/m³,2016-11-04 08:15:00+00:00
13,13864,pm25,413.0,µg/m³,2016-11-04 08:30:00+00:00
13,13864,pm25,462.0,µg/m³,2016-11-04 08:45:00+00:00
13,13864,pm25,463.0,µg/m³,2016-11-04 09:00:00+00:00
13,13864,pm25,463.0,µg/m³,2016-11-04 09:15:00+00:00
13,13864,pm25,463.0,µg/m³,2016-11-04 09:30:00+00:00
13,13864,pm25,468.0,µg/m³,2016-11-04 09:45:00+00:00
13,13864,pm25,468.0,µg/m³,2016-11-04 10:00:00+00:00
13,13864,pm25,468.0,µg/m³,2016-11-04 10:15:00+00:00
13,13864,pm25,468.0,µg/m³,2016-11-04 10:30:00+00:00
13,13864,pm25,434.0,µg/m³,2016-11-04 10:45:00+00:00
13,13864,pm25,432.0,µg/m³,2016-11-04 11:00:00+00:00
13,13864,pm25,432.0,µg/m³,2016-11-04 11:15:00+00:00
13,13864,pm25,432.0,µg/m³,2016-11-04 11:30:00+00:00
13,13864,pm25,460.0,µg/m³,2016-11-04 11:45:00+00:00
13,13864,pm25,461.0,µg/m³,2016-11-04 12:00:00+00:00
13,13864,pm25,461.0,µg/m³,2016-11-04 12:15:00+00:00
13,13864,pm25,461.0,µg/m³,2016-11-04 12:30:00+00:00
13,13864,pm25,524.0,µg/m³,2016-11-04 12:45:00+00:00
13,13864,pm25,526.0,µg/m³,2016-11-04 13:00:00+00:00
13,13864,pm25,526.0,µg/m³,2016-11-04 13:15:00+00:00
13,13864,pm25,526.0,µg/m³,2016-11-04 13:30:00+00:00
13,13864,pm25,526.0,µg/m³,2016-11-04 13:45:00+00:00
13,13864,pm25,880.9,µg/m³,2016-11-05 06:00:00+00:00
13,13864,pm25,880.9,µg/m³,2016-11-05 06:15:00+00:00
13,13864,pm25,880.9,µg/m³,2016-11-05 06:30:00+00:00
13,13864,pm25,976.0,µg/m³,2016-11-05 06:45:00+00:00
13,13864,pm25,979.4,µg/m³,2016-11-05 07:15:00+00:00
13,13864,pm25,979.4,µg/m³,2016-11-05 07:30:00+00:00
13,13864,pm25,901.2,µg/m³,2016-11-05 07:45:00+00:00
13,13864,pm25,898.4,µg/m³,2016-11-05 08:00:00+00:00
13,13864,pm25,898.4,µg/m³,2016-11-05 08:15:00+00:00
13,13864,pm25,898.4,µg/m³,2016-11-05 08:30:00+00:00
13,13864,pm25,996.5,µg/m³,2016-11-05 08:45:00+00:00
13,13864,pm25,933.5,µg/m³,2016-11-06 01:45:00+00:00
13,13864,pm25,931.1,µg/m³,2016-11-06 02:00:00+00:00
13,13864,pm25,931.1,µg/m³,2016-11-06 02:30:00+00:00
13,13864,pm25,880.1,µg/m³,2016-11-06 02:45:00+00:00
13,13864,pm25,878.3,µg/m³,2016-11-06 03:00:00+00:00
13,13864,pm25,878.3,µg/m³,2016-11-06 03:15:00+00:00
13,13864,pm25,878.3,µg/m³,2016-11-06 03:30:00+00:00
13,13864,pm25,687.0,µg/m³,2016-11-06 03:45:00+00:00
13,13866,no2,11.3,µg/m³,2016-11-02 17:30:00+00:00
13,13866,no2,8.6,µg/m³,2016-11-03 10:45:00+00:00
13,13866,no2,8.6,µg/m³,2016-11-03 11:00:00+00:00
13,13866,no2,9.3,µg/m³,2016-11-03 11:15:00+00:00
13,13866,no2,10.6,µg/m³,2016-11-03 11:30:00+00:00
13,13866,no2,8.6,µg/m³,2016-11-03 11:45:00+00:00
13,13866,no2,8.0,µg/m³,2016-11-03 12:00:00+00:00
13,13866,no2,8.5,µg/m³,2016-11-03 12:15:00+00:00
13,13866,no2,8.7,µg/m³,2016-11-03 12:30:00+00:00
13,13866,no2,7.5,µg/m³,2016-11-03 12:45:00+00:00
13,13866,no2,5.7,µg/m³,2016-11-03 13:00:00+00:00
13,13866,no2,6.2,µg/m³,2016-11-03 13:15:00+00:00
13,13866,no2,7.8,µg/m³,2016-11-03 13:30:00+00:00
13,13866,no2,8.6,µg/m³,2016-11-03 13:45:00+00:00
13,13866,no2,9.0,µg/m³,2016-11-03 14:00:00+00:00
13,13866,no2,8.8,µg/m³,2016-11-03 14:15:00+00:00
13,13866,no2,9.4,µg/m³,2016-11-03 14:30:00+00:00
13,13866,no2,10.2,µg/m³,2016-11-03 14:45:00+00:00
13,13866,no2,8.1,µg/m³,2016-11-03 15:00:00+00:00
13,13866,no2,9.7,µg/m³,2016-11-03 15:15:00+00:00
13,13866,no2,10.2,µg/m³,2016-11-03 15:30:00+00:00
13,13866,no2,9.7,µg/m³,2016-11-03 15:45:00+00:00
13,13866,no2,8.4,µg/m³,2016-11-03 16:00:00+00:00
13,13866,no2,8.6,µg/m³,2016-11-03 16:15:00+00:00
13,13866,no2,9.0,µg/m³,2016-11-03 16:30:00+00:00
13,13866,no2,8.0,µg/m³,2016-11-03 16:45:00+00:00
13,13866,no2,8.1,µg/m³,2016-11-03 17:00:00+00:00
13,13866,no2,11.3,µg/m³,2016-11-03 17:15:00+00:00
13,13866,no2,9.2,µg/m³,2016-11-03 17:45:00+00:00
13,13866,no2,8.6,µg/m³,2016-11-03 18:00:00+00:00
13,13866,no2,5.6,µg/m³,2016-11-03 18:15:00+00:00
13,13866,no2,5.2,µg/m³,2016-11-03 18:30:00+00:00
13,13866,no2,2.7,µg/m³,2016-11-03 18:45:00+00:00
13,13866,no2,2.6,µg/m³,2016-11-03 19:15:00+00:00
13,13866,no2,2.2,µg/m³,2016-11-03 19:30:00+00:00
13,13866,no2,7.8,µg/m³,2016-11-03 19:45:00+00:00
13,13866,no2,9.3,µg/m³,2016-11-03 20:00:00+00:00
13,13866,no2,8.4,µg/m³,2016-11-03 20:15:00+00:00
13,13866,no2,8.1,µg/m³,2016-11-03 20:30:00+00:00
13,13866,no2,9.2,µg/m³,2016-11-03 20:45:00+00:00
13,13866,no2,11.7,µg/m³,2016-11-03 21:00:00+00:00
13,13866,no2,10.4,µg/m³,2016-11-03 21:15:00+00:00
13,13866,no2,12.2,µg/m³,2016-11-03 21:30:00+00:00
13,13866,no2,12.2,µg/m³,2016-11-03 21:45:00+00:00
13,13866,no2,11.1,µg/m³,2016-11-03 22:00:00+00:00
13,13866,no2,12.1,µg/m³,2016-11-03 22:15:00+00:00
13,13866,no2,9.8,µg/m³,2016-11-03 22:30:00+00:00
13,13866,no2,12.2,µg/m³,2016-11-03 22:45:00+00:00
13,13866,no2,10.1,µg/m³,2016-11-03 23:00:00+00:00
13,13866,no2,10.4,µg/m³,2016-11-03 23:15:00+00:00
13,13866,no2,9.3,µg/m³,2016-11-03 23:30:00+00:00
13,13866,no2,10.6,µg/m³,2016-11-03 23:45:00+00:00
13,13866,no2,10.6,µg/m³,2016-11-04 00:00:00+00:00
13,13866,no2,11.7,µg/m³,2016-11-04 00:15:00+00:00
13,13866,no2,7.4,µg/m³,2016-11-04 00:30:00+00:00
13,13866,no2,6.8,µg/m³,2016-11-04 00:45:00+00:00
13,13866,no2,9.8,µg/m³,2016-11-04 01:00:00+00:00
13,13866,no2,8.5,µg/m³,2016-11-04 01:15:00+00:00
13,13866,no2,8.5,µg/m³,2016-11-04 01:30:00+00:00
13,13866,no2,9.3,µg/m³,2016-11-04 01:45:00+00:00
13,13866,no2,10.9,µg/m³,2016-11-04 02:00:00+00:00
13,13866,no2,9.8,µg/m³,2016-11-04 02:15:00+00:00
13,13866,no2,7.5,µg/m³,2016-11-04 02:30:00+00:00
13,13866,no2,11.7,µg/m³,2016-11-04 02:45:00+00:00
13,13866,no2,7.9,µg/m³,2016-11-04 03:00:00+00:00
13,13866,no2,8.3,µg/m³,2016-11-04 03:15:00+00:00
13,13866,no2,6.3,µg/m³,2016-11-04 03:30:00+00:00
13,13866,no2,10.5,µg/m³,2016-11-04 03:45:00+00:00
13,13866,no2,7.2,µg/m³,2016-11-04 04:00:00+00:00
13,13866,no2,6.9,µg/m³,2016-11-04 04:15:00+00:00
13,13866,no2,6.0,µg/m³,2016-11-04 04:30:00+00:00
13,13866,no2,3.5,µg/m³,2016-11-04 04:45:00+00:00
13,13866,no2,2.0,µg/m³,2016-11-04 05:00:00+00:00
13,13866,no2,2.6,µg/m³,2016-11-04 05:15:00+00:00
13,13866,no2,1.3,µg/m³,2016-11-04 05:30:00+00:00
13,13866,no2,2.3,µg/m³,2016-11-04 05:45:00+00:00
13,13866,no2,1.9,µg/m³,2016-11-04 06:15:00+00:00
13,13866,no2,2.0,µg/m³,2016-11-04 09:00:00+00:00
13,13866,no2,1.6,µg/m³,2016-11-04 10:15:00+00:00
13,13866,no2,84.5,µg/m³,2016-11-04 17:30:00+00:00
13,13866,no2,127.9,µg/m³,2016-11-05 06:00:00+00:00
13,13866,no2,97.6,µg/m³,2016-11-05 06:15:00+00:00
13,13866,no2,104.0,µg/m³,2016-11-05 06:30:00+00:00
13,13866,no2,105.6,µg/m³,2016-11-05 07:15:00+00:00
13,13866,no2,95.2,µg/m³,2016-11-05 07:30:00+00:00
13,13866,no2,82.3,µg/m³,2016-11-05 07:45:00+00:00
13,13866,no2,85.2,µg/m³,2016-11-05 08:00:00+00:00
13,13866,no2,100.5,µg/m³,2016-11-05 08:15:00+00:00
13,13866,no2,93.2,µg/m³,2016-11-05 08:30:00+00:00
13,13866,no2,104.0,µg/m³,2016-11-05 08:45:00+00:00
13,13866,no2,104.0,µg/m³,2016-11-05 09:00:00+00:00
13,13866,no2,96.0,µg/m³,2016-11-05 09:15:00+00:00
13,13866,no2,105.3,µg/m³,2016-11-05 09:30:00+00:00
13,13866,no2,108.3,µg/m³,2016-11-05 09:45:00+00:00
13,13866,no2,118.2,µg/m³,2016-11-05 10:00:00+00:00
13,13866,no2,118.5,µg/m³,2016-11-05 10:15:00+00:00
13,13866,no2,112.2,µg/m³,2016-11-05 10:30:00+00:00
13,13866,no2,116.4,µg/m³,2016-11-05 10:45:00+00:00
13,13866,no2,120.3,µg/m³,2016-11-05 12:00:00+00:00
13,13866,no2,129.2,µg/m³,2016-11-05 12:15:00+00:00
17,35,pm25,195.0,µg/m³,2016-02-05 14:40:00+00:00
17,35,pm25,195.0,µg/m³,2016-02-05 15:05:00+00:00
17,35,pm25,252.0,µg/m³,2016-02-05 15:20:00+00:00
17,35,pm25,252.0,µg/m³,2016-02-05 15:40:00+00:00
17,35,pm25,252.0,µg/m³,2016-02-05 16:05:00+00:00
17,35,pm25,124.0,µg/m³,2016-02-06 06:20:00+00:00
17,35,pm25,124.0,µg/m³,2016-02-06 06:40:00+00:00
17,35,pm25,124.0,µg/m³,2016-02-06 07:00:00+00:00
17,35,pm25,93.0,µg/m³,2016-02-06 07:20:00+00:00
17,35,pm25,93.0,µg/m³,2016-02-06 07:45:00+00:00
17,35,pm25,93.0,µg/m³,2016-02-06 08:05:00+00:00
17,35,pm25,84.0,µg/m³,2016-02-06 08:20:00+00:00
17,35,pm25,84.0,µg/m³,2016-02-06 08:40:00+00:00
17,35,pm25,84.0,µg/m³,2016-02-06 09:05:00+00:00
17,35,pm25,86.0,µg/m³,2016-02-06 09:15:00+00:00
17,35,pm25,224.0,µg/m³,2016-02-06 18:05:00+00:00
17,35,pm25,243.0,µg/m³,2016-02-06 18:20:00+00:00
17,35,pm25,243.0,µg/m³,2016-02-06 18:40:00+00:00
17,35,pm25,243.0,µg/m³,2016-02-06 19:00:00+00:00
17,35,pm25,252.0,µg/m³,2016-02-06 19:20:00+00:00
17,35,pm25,252.0,µg/m³,2016-02-06 19:40:00+00:00
17,35,pm25,252.0,µg/m³,2016-02-06 19:55:00+00:00
17,35,pm25,201.0,µg/m³,2016-02-06 20:25:00+00:00
17,35,pm25,201.0,µg/m³,2016-02-06 20:40:00+00:00
17,35,pm25,201.0,µg/m³,2016-02-06 21:05:00+00:00
17,35,pm25,193.0,µg/m³,2016-02-06 21:20:00+00:00
17,35,pm25,193.0,µg/m³,2016-02-06 21:40:00+00:00
17,35,pm25,193.0,µg/m³,2016-02-06 22:00:00+00:00
17,35,pm25,215.0,µg/m³,2016-02-06 22:20:00+00:00
17,35,pm25,215.0,µg/m³,2016-02-06 22:40:00+00:00
17,35,pm25,215.0,µg/m³,2016-02-06 23:00:00+00:00
17,35,pm25,179.0,µg/m³,2016-02-06 23:15:00+00:00
17,35,pm25,179.0,µg/m³,2016-02-06 23:40:00+00:00
17,35,pm25,179.0,µg/m³,2016-02-07 00:05:00+00:00
17,35,pm25,191.0,µg/m³,2016-02-07 00:20:00+00:00
17,35,pm25,191.0,µg/m³,2016-02-07 00:40:00+00:00
17,35,pm25,191.0,µg/m³,2016-02-07 01:00:00+00:00
17,35,pm25,196.0,µg/m³,2016-02-07 01:20:00+00:00
17,35,pm25,196.0,µg/m³,2016-02-07 01:40:00+00:00
17,35,pm25,196.0,µg/m³,2016-02-07 02:05:00+00:00
17,35,pm25,195.0,µg/m³,2016-02-07 02:25:00+00:00
17,35,pm25,195.0,µg/m³,2016-02-07 02:40:00+00:00
17,35,pm25,195.0,µg/m³,2016-02-07 03:05:00+00:00
17,35,pm25,204.0,µg/m³,2016-02-07 03:20:00+00:00
17,35,pm25,204.0,µg/m³,2016-02-07 03:40:00+00:00
17,35,pm25,204.0,µg/m³,2016-02-07 04:05:00+00:00
17,35,pm25,207.0,µg/m³,2016-02-07 04:20:00+00:00
17,35,pm25,207.0,µg/m³,2016-02-07 04:40:00+00:00
17,35,pm25,207.0,µg/m³,2016-02-07 05:05:00+00:00
17,35,pm25,231.0,µg/m³,2016-02-07 05:20:00+00:00
17,35,pm25,231.0,µg/m³,2016-02-07 05:40:00+00:00
17,35,pm25,231.0,µg/m³,2016-02-07 06:10:00+00:00
17,35,pm25,213.0,µg/m³,2016-02-07 06:20:00+00:00
17,35,pm25,213.0,µg/m³,2016-02-07 06:40:00+00:00
17,35,pm25,213.0,µg/m³,2016-02-07 07:05:00+00:00
17,35,pm25,167.0,µg/m³,2016-02-07 07:20:00+00:00
17,35,pm25,167.0,µg/m³,2016-02-07 07:40:00+00:00
17,35,pm25,167.0,µg/m³,2016-02-07 08:00:00+00:00
17,35,pm25,117.0,µg/m³,2016-02-07 08:20:00+00:00
17,35,pm25,117.0,µg/m³,2016-02-07 08:40:00+00:00
17,35,pm25,117.0,µg/m³,2016-02-07 09:00:00+00:00
17,35,pm25,148.0,µg/m³,2016-02-07 09:20:00+00:00
17,35,pm25,148.0,µg/m³,2016-02-07 09:45:00+00:00
17,35,pm25,148.0,µg/m³,2016-02-07 10:05:00+00:00
17,35,pm25,135.0,µg/m³,2016-02-07 10:20:00+00:00
17,35,pm25,135.0,µg/m³,2016-02-07 10:40:00+00:00
17,35,pm25,135.0,µg/m³,2016-02-07 11:05:00+00:00
17,35,pm25,137.0,µg/m³,2016-02-07 11:20:00+00:00
17,35,pm25,137.0,µg/m³,2016-02-07 11:40:00+00:00
17,35,pm25,137.0,µg/m³,2016-02-07 12:00:00+00:00
17,35,pm25,101.0,µg/m³,2016-02-07 12:20:00+00:00
17,35,pm25,101.0,µg/m³,2016-02-07 12:40:00+00:00
17,35,pm25,101.0,µg/m³,2016-02-07 13:05:00+00:00
17,35,pm25,143.0,µg/m³,2016-02-07 13:25:00+00:00
17,35,pm25,143.0,µg/m³,2016-02-07 13:40:00+00:00
17,35,pm25,143.0,µg/m³,2016-02-07 14:05:00+00:00
17,35,pm25,137.0,µg/m³,2016-02-07 14:20:00+00:00
17,35,pm25,137.0,µg/m³,2016-02-07 14:40:00+00:00
17,35,pm25,137.0,µg/m³,2016-02-07 15:00:00+00:00
17,35,pm25,134.0,µg/m³,2016-02-07 15:20:00+00:00
17,35,pm25,134.0,µg/m³,2016-02-07 15:40:00+00:00
17,35,pm25,134.0,µg/m³,2016-02-07 16:05:00+00:00
17,35,pm25,122.0,µg/m³,2016-02-07 16:25:00+00:00
17,35,pm25,122.0,µg/m³,2016-02-07 16:40:00+00:00
17,35,pm25,122.0,µg/m³,2016-02-07 17:05:00+00:00
17,35,pm25,109.0,µg/m³,2016-02-07 17:20:00+00:00
17,35,pm25,109.0,µg/m³,2016-02-07 17:40:00+00:00
17,35,pm25,109.0,µg/m³,2016-02-07 18:05:00+00:00
17,35,pm25,101.0,µg/m³,2016-02-07 18:20:00+00:00
17,35,pm25,101.0,µg/m³,2016-02-07 18:40:00+00:00
17,35,pm25,101.0,µg/m³,2016-02-07 19:05:00+00:00
17,35,pm25,134.0,µg/m³,2016-02-07 19:20:00+00:00
17,35,pm25,134.0,µg/m³,2016-02-07 19:40:00+00:00
17,35,pm25,134.0,µg/m³,2016-02-07 20:05:00+00:00
17,35,pm25,120.0,µg/m³,2016-02-07 20:20:00+00:00
17,35,pm25,120.0,µg/m³,2016-02-07 20:50:00+00:00
17,35,pm25,120.0,µg/m³,2016-02-07 21:05:00+00:00
17,35,pm25,106.0,µg/m³,2016-02-07 21:20:00+00:00
17,35,pm25,106.0,µg/m³,2016-02-07 21:40:00+00:00
17,35,pm25,106.0,µg/m³,2016-02-07 22:05:00+00:00
17,36,no2,155.9,µg/m³,2016-02-05 14:40:00+00:00
17,36,no2,140.5,µg/m³,2016-02-05 15:05:00+00:00
17,36,no2,137.0,µg/m³,2016-02-05 15:20:00+00:00
17,36,no2,130.4,µg/m³,2016-02-05 15:40:00+00:00
17,36,no2,127.1,µg/m³,2016-02-05 16:05:00+00:00
17,36,no2,121.7,µg/m³,2016-02-05 16:20:00+00:00
17,36,no2,99.9,µg/m³,2016-02-05 16:45:00+00:00
17,36,no2,102.5,µg/m³,2016-02-05 17:05:00+00:00
17,36,no2,99.2,µg/m³,2016-02-05 17:20:00+00:00
17,36,no2,91.8,µg/m³,2016-02-05 17:40:00+00:00
17,36,no2,81.5,µg/m³,2016-02-05 18:05:00+00:00
17,36,no2,80.2,µg/m³,2016-02-05 18:20:00+00:00
17,36,no2,85.4,µg/m³,2016-02-05 18:40:00+00:00
17,36,no2,82.3,µg/m³,2016-02-05 19:05:00+00:00
17,36,no2,72.5,µg/m³,2016-02-05 19:20:00+00:00
17,36,no2,69.1,µg/m³,2016-02-05 19:45:00+00:00
17,36,no2,73.0,µg/m³,2016-02-05 20:05:00+00:00
17,36,no2,73.7,µg/m³,2016-02-05 20:20:00+00:00
17,36,no2,67.3,µg/m³,2016-02-05 20:35:00+00:00
17,36,no2,49.2,µg/m³,2016-02-06 06:20:00+00:00
17,36,no2,39.3,µg/m³,2016-02-06 06:40:00+00:00
17,36,no2,37.3,µg/m³,2016-02-06 07:00:00+00:00
17,36,no2,34.8,µg/m³,2016-02-06 07:20:00+00:00
17,36,no2,42.5,µg/m³,2016-02-06 07:45:00+00:00
17,36,no2,47.2,µg/m³,2016-02-06 08:05:00+00:00
17,36,no2,44.0,µg/m³,2016-02-06 08:25:00+00:00
17,36,no2,44.6,µg/m³,2016-02-06 08:40:00+00:00
17,36,no2,48.6,µg/m³,2016-02-06 09:05:00+00:00
17,36,no2,50.5,µg/m³,2016-02-06 09:15:00+00:00
17,36,no2,120.7,µg/m³,2016-02-06 18:05:00+00:00
17,36,no2,122.4,µg/m³,2016-02-06 18:20:00+00:00
17,36,no2,121.4,µg/m³,2016-02-06 18:40:00+00:00
17,36,no2,111.3,µg/m³,2016-02-06 19:00:00+00:00
17,36,no2,123.2,µg/m³,2016-02-06 19:20:00+00:00
17,36,no2,126.8,µg/m³,2016-02-06 19:40:00+00:00
17,36,no2,112.9,µg/m³,2016-02-06 19:55:00+00:00
17,36,no2,103.4,µg/m³,2016-02-06 20:25:00+00:00
17,36,no2,101.5,µg/m³,2016-02-06 20:40:00+00:00
17,36,no2,97.8,µg/m³,2016-02-06 21:05:00+00:00
17,36,no2,131.2,µg/m³,2016-02-06 21:20:00+00:00
17,36,no2,122.3,µg/m³,2016-02-06 21:40:00+00:00
17,36,no2,109.0,µg/m³,2016-02-06 22:00:00+00:00
17,36,no2,129.4,µg/m³,2016-02-06 22:20:00+00:00
17,36,no2,119.5,µg/m³,2016-02-06 22:40:00+00:00
17,36,no2,109.1,µg/m³,2016-02-06 23:00:00+00:00
17,36,no2,115.5,µg/m³,2016-02-06 23:15:00+00:00
17,36,no2,109.4,µg/m³,2016-02-06 23:40:00+00:00
17,36,no2,110.3,µg/m³,2016-02-07 00:05:00+00:00
17,36,no2,114.2,µg/m³,2016-02-07 00:20:00+00:00
17,36,no2,116.2,µg/m³,2016-02-07 00:40:00+00:00
17,36,no2,111.8,µg/m³,2016-02-07 01:00:00+00:00
17,36,no2,112.1,µg/m³,2016-02-07 01:20:00+00:00
17,36,no2,107.9,µg/m³,2016-02-07 01:40:00+00:00
17,36,no2,111.2,µg/m³,2016-02-07 02:05:00+00:00
17,36,no2,119.0,µg/m³,2016-02-07 02:25:00+00:00
17,36,no2,123.3,µg/m³,2016-02-07 02:40:00+00:00
17,36,no2,120.7,µg/m³,2016-02-07 03:05:00+00:00
17,36,no2,111.8,µg/m³,2016-02-07 03:20:00+00:00
17,36,no2,114.0,µg/m³,2016-02-07 03:40:00+00:00
17,36,no2,111.1,µg/m³,2016-02-07 04:05:00+00:00
17,36,no2,107.0,µg/m³,2016-02-07 05:05:00+00:00
17,36,no2,108.7,µg/m³,2016-02-07 05:20:00+00:00
17,36,no2,104.3,µg/m³,2016-02-07 05:40:00+00:00
17,36,no2,92.6,µg/m³,2016-02-07 06:10:00+00:00
17,36,no2,92.8,µg/m³,2016-02-07 06:20:00+00:00
17,36,no2,74.3,µg/m³,2016-02-07 06:45:00+00:00
17,36,no2,71.7,µg/m³,2016-02-07 07:05:00+00:00
17,36,no2,66.8,µg/m³,2016-02-07 07:20:00+00:00
17,36,no2,72.2,µg/m³,2016-02-07 07:40:00+00:00
17,36,no2,67.9,µg/m³,2016-02-07 08:00:00+00:00
17,36,no2,60.2,µg/m³,2016-02-07 08:20:00+00:00
17,36,no2,41.5,µg/m³,2016-02-07 08:40:00+00:00
17,36,no2,50.9,µg/m³,2016-02-07 09:00:00+00:00
17,36,no2,50.6,µg/m³,2016-02-07 09:20:00+00:00
17,36,no2,48.0,µg/m³,2016-02-07 09:45:00+00:00
17,36,no2,58.6,µg/m³,2016-02-07 10:05:00+00:00
17,36,no2,72.1,µg/m³,2016-02-07 10:25:00+00:00
17,36,no2,72.4,µg/m³,2016-02-07 10:40:00+00:00
17,36,no2,79.9,µg/m³,2016-02-07 11:05:00+00:00
17,36,no2,86.1,µg/m³,2016-02-07 11:20:00+00:00
17,36,no2,71.9,µg/m³,2016-02-07 11:40:00+00:00
17,36,no2,101.9,µg/m³,2016-02-07 12:00:00+00:00
17,36,no2,115.6,µg/m³,2016-02-07 12:20:00+00:00
17,36,no2,109.6,µg/m³,2016-02-07 12:40:00+00:00
17,36,no2,119.6,µg/m³,2016-02-07 13:05:00+00:00
17,36,no2,116.3,µg/m³,2016-02-07 13:25:00+00:00
17,36,no2,112.8,µg/m³,2016-02-07 13:40:00+00:00
17,36,no2,109.5,µg/m³,2016-02-07 14:05:00+00:00
17,36,no2,119.3,µg/m³,2016-02-07 14:20:00+00:00
17,36,no2,108.6,µg/m³,2016-02-07 14:40:00+00:00
17,36,no2,105.5,µg/m³,2016-02-07 15:00:00+00:00
17,36,no2,105.8,µg/m³,2016-02-07 15:20:00+00:00
17,36,no2,95.6,µg/m³,2016-02-07 15:40:00+00:00
17,36,no2,93.8,µg/m³,2016-02-07 16:05:00+00:00
17,36,no2,98.0,µg/m³,2016-02-07 16:25:00+00:00
17,36,no2,98.3,µg/m³,2016-02-07 16:40:00+00:00
17,36,no2,90.7,µg/m³,2016-02-07 17:05:00+00:00
17,36,no2,89.8,µg/m³,2016-02-07 17:20:00+00:00
17,36,no2,93.3,µg/m³,2016-02-07 17:40:00+00:00
17,36,no2,93.2,µg/m³,2016-02-07 18:05:00+00:00
17,392,co,5900.0,µg/m³,2016-02-05 14:40:00+00:00
17,392,co,7800.0,µg/m³,2016-02-05 15:05:00+00:00
17,392,co,8700.0,µg/m³,2016-02-05 15:20:00+00:00
17,392,co,8400.0,µg/m³,2016-02-05 15:40:00+00:00
17,392,co,9600.0,µg/m³,2016-02-05 16:05:00+00:00
17,392,co,9200.0,µg/m³,2016-02-05 16:20:00+00:00
17,392,co,8500.0,µg/m³,2016-02-05 16:45:00+00:00
17,392,co,9000.0,µg/m³,2016-02-05 17:05:00+00:00
17,392,co,9400.0,µg/m³,2016-02-05 17:20:00+00:00
17,392,co,9400.0,µg/m³,2016-02-05 17:40:00+00:00
17,392,co,8500.0,µg/m³,2016-02-05 18:05:00+00:00
17,392,co,8500.0,µg/m³,2016-02-05 18:20:00+00:00
17,392,co,8000.0,µg/m³,2016-02-05 18:40:00+00:00
17,392,co,7400.0,µg/m³,2016-02-05 19:05:00+00:00
17,392,co,7100.0,µg/m³,2016-02-05 19:20:00+00:00
17,392,co,6700.0,µg/m³,2016-02-05 19:45:00+00:00
17,392,co,6600.0,µg/m³,2016-02-05 20:05:00+00:00
17,392,co,6400.0,µg/m³,2016-02-05 20:20:00+00:00
17,392,co,6000.0,µg/m³,2016-02-05 20:35:00+00:00
17,392,co,900.0,µg/m³,2016-02-06 06:20:00+00:00
17,392,co,900.0,µg/m³,2016-02-06 06:40:00+00:00
17,392,co,900.0,µg/m³,2016-02-06 07:00:00+00:00
17,392,co,800.0,µg/m³,2016-02-06 07:20:00+00:00
17,392,co,900.0,µg/m³,2016-02-06 07:45:00+00:00
17,392,co,900.0,µg/m³,2016-02-06 08:05:00+00:00
17,392,co,800.0,µg/m³,2016-02-06 08:25:00+00:00
17,392,co,800.0,µg/m³,2016-02-06 08:40:00+00:00
17,392,co,900.0,µg/m³,2016-02-06 09:05:00+00:00
17,392,co,800.0,µg/m³,2016-02-06 09:15:00+00:00
17,392,co,3500.0,µg/m³,2016-02-06 18:05:00+00:00
17,392,co,3100.0,µg/m³,2016-02-06 18:20:00+00:00
17,392,co,3100.0,µg/m³,2016-02-06 18:40:00+00:00
17,392,co,3300.0,µg/m³,2016-02-06 19:00:00+00:00
17,392,co,2800.0,µg/m³,2016-02-06 19:20:00+00:00
17,392,co,2300.0,µg/m³,2016-02-06 19:40:00+00:00
17,392,co,2300.0,µg/m³,2016-02-06 19:55:00+00:00
17,392,co,2400.0,µg/m³,2016-02-06 20:25:00+00:00
17,392,co,1500.0,µg/m³,2016-02-06 20:40:00+00:00
17,392,co,2400.0,µg/m³,2016-02-06 21:05:00+00:00
17,392,co,1800.0,µg/m³,2016-02-06 21:20:00+00:00
17,392,co,1600.0,µg/m³,2016-02-06 21:40:00+00:00
17,392,co,1700.0,µg/m³,2016-02-06 22:00:00+00:00
17,392,co,1200.0,µg/m³,2016-02-06 22:20:00+00:00
17,392,co,1100.0,µg/m³,2016-02-06 22:40:00+00:00
17,392,co,1100.0,µg/m³,2016-02-06 23:00:00+00:00
17,392,co,1100.0,µg/m³,2016-02-06 23:15:00+00:00
17,392,co,1100.0,µg/m³,2016-02-06 23:40:00+00:00
17,392,co,1100.0,µg/m³,2016-02-07 00:05:00+00:00
17,392,co,1500.0,µg/m³,2016-02-07 00:20:00+00:00
17,392,co,1400.0,µg/m³,2016-02-07 00:40:00+00:00
17,392,co,1500.0,µg/m³,2016-02-07 01:00:00+00:00
17,392,co,1500.0,µg/m³,2016-02-07 01:20:00+00:00
17,392,co,1500.0,µg/m³,2016-02-07 01:40:00+00:00
17,392,co,1700.0,µg/m³,2016-02-07 02:05:00+00:00
17,392,co,1700.0,µg/m³,2016-02-07 02:25:00+00:00
17,392,co,1700.0,µg/m³,2016-02-07 02:40:00+00:00
17,392,co,1800.0,µg/m³,2016-02-07 03:05:00+00:00
17,392,co,1900.0,µg/m³,2016-02-07 03:20:00+00:00
17,392,co,1900.0,µg/m³,2016-02-07 03:40:00+00:00
17,392,co,2000.0,µg/m³,2016-02-07 04:05:00+00:00
17,392,co,2500.0,µg/m³,2016-02-07 05:05:00+00:00
17,392,co,2600.0,µg/m³,2016-02-07 05:20:00+00:00
17,392,co,2100.0,µg/m³,2016-02-07 05:40:00+00:00
17,392,co,2000.0,µg/m³,2016-02-07 06:10:00+00:00
17,392,co,1800.0,µg/m³,2016-02-07 06:20:00+00:00
17,392,co,1500.0,µg/m³,2016-02-07 06:45:00+00:00
17,392,co,1500.0,µg/m³,2016-02-07 07:05:00+00:00
17,392,co,1600.0,µg/m³,2016-02-07 07:20:00+00:00
17,392,co,1700.0,µg/m³,2016-02-07 07:40:00+00:00
17,392,co,1600.0,µg/m³,2016-02-07 08:00:00+00:00
17,392,co,1500.0,µg/m³,2016-02-07 08:20:00+00:00
17,392,co,1200.0,µg/m³,2016-02-07 08:40:00+00:00
17,392,co,1300.0,µg/m³,2016-02-07 09:00:00+00:00
17,392,co,1200.0,µg/m³,2016-02-07 09:20:00+00:00
17,392,co,1100.0,µg/m³,2016-02-07 09:45:00+00:00
17,392,co,1100.0,µg/m³,2016-02-07 10:05:00+00:00
17,392,co,1100.0,µg/m³,2016-02-07 10:25:00+00:00
17,392,co,1100.0,µg/m³,2016-02-07 10:40:00+00:00
17,392,co,1100.0,µg/m³,2016-02-07 11:05:00+00:00
17,392,co,1200.0,µg/m³,2016-02-07 11:20:00+00:00
17,392,co,1200.0,µg/m³,2016-02-07 11:40:00+00:00
17,392,co,1300.0,µg/m³,2016-02-07 12:00:00+00:00
17,392,co,1400.0,µg/m³,2016-02-07 12:20:00+00:00
17,392,co,1600.0,µg/m³,2016-02-07 12:40:00+00:00
17,392,co,2800.0,µg/m³,2016-02-07 13:05:00+00:00
17,392,co,2800.0,µg/m³,2016-02-07 13:25:00+00:00
17,392,co,2700.0,µg/m³,2016-02-07 13:40:00+00:00
17,392,co,2800.0,µg/m³,2016-02-07 14:05:00+00:00
17,392,co,2600.0,µg/m³,2016-02-07 14:20:00+00:00
17,392,co,2200.0,µg/m³,2016-02-07 14:40:00+00:00
17,392,co,2200.0,µg/m³,2016-02-07 15:00:00+00:00
17,392,co,2200.0,µg/m³,2016-02-07 15:20:00+00:00
17,392,co,2200.0,µg/m³,2016-02-07 15:40:00+00:00
17,392,co,2000.0,µg/m³,2016-02-07 16:05:00+00:00
17,392,co,1900.0,µg/m³,2016-02-07 16:25:00+00:00
17,392,co,1900.0,µg/m³,2016-02-07 16:40:00+00:00
17,392,co,2400.0,µg/m³,2016-02-07 17:05:00+00:00
17,392,co,2000.0,µg/m³,2016-02-07 17:20:00+00:00
17,392,co,1900.0,µg/m³,2016-02-07 17:40:00+00:00
17,392,co,1600.0,µg/m³,2016-02-07 18:05:00+00:00
17,393,so2,53.2,µg/m³,2016-02-05 14:40:00+00:00
17,393,so2,54.6,µg/m³,2016-02-05 15:05:00+00:00
17,393,so2,54.6,µg/m³,2016-02-05 15:20:00+00:00
17,393,so2,57.5,µg/m³,2016-02-05 15:40:00+00:00
17,393,so2,63.5,µg/m³,2016-02-05 16:05:00+00:00
17,393,so2,65.8,µg/m³,2016-02-05 16:20:00+00:00
17,393,so2,74.1,µg/m³,2016-02-05 16:45:00+00:00
17,393,so2,81.8,µg/m³,2016-02-05 17:05:00+00:00
17,393,so2,88.1,µg/m³,2016-02-05 17:20:00+00:00
17,393,so2,95.8,µg/m³,2016-02-05 17:40:00+00:00
17,393,so2,101.0,µg/m³,2016-02-05 18:05:00+00:00
17,393,so2,101.2,µg/m³,2016-02-05 18:20:00+00:00
17,393,so2,32.6,µg/m³,2016-02-05 18:40:00+00:00
17,393,so2,42.3,µg/m³,2016-02-05 19:05:00+00:00
17,393,so2,46.0,µg/m³,2016-02-05 19:20:00+00:00
17,393,so2,53.8,µg/m³,2016-02-05 19:45:00+00:00
17,393,so2,56.6,µg/m³,2016-02-05 20:05:00+00:00
17,393,so2,58.6,µg/m³,2016-02-05 20:20:00+00:00
17,393,so2,57.5,µg/m³,2016-02-05 20:35:00+00:00
17,393,so2,42.3,µg/m³,2016-02-06 06:20:00+00:00
17,393,so2,37.2,µg/m³,2016-02-06 06:40:00+00:00
17,393,so2,20.0,µg/m³,2016-02-06 07:00:00+00:00
17,393,so2,8.3,µg/m³,2016-02-06 07:20:00+00:00
17,393,so2,8.0,µg/m³,2016-02-06 07:45:00+00:00
17,393,so2,10.3,µg/m³,2016-02-06 08:05:00+00:00
17,393,so2,0.6,µg/m³,2016-02-06 08:25:00+00:00
17,393,so2,21.5,µg/m³,2016-02-06 09:05:00+00:00
17,393,so2,30.0,µg/m³,2016-02-06 09:15:00+00:00
17,393,so2,29.2,µg/m³,2016-02-06 18:05:00+00:00
17,393,so2,29.7,µg/m³,2016-02-06 18:20:00+00:00
17,393,so2,24.3,µg/m³,2016-02-06 18:40:00+00:00
17,393,so2,30.3,µg/m³,2016-02-06 19:00:00+00:00
17,393,so2,37.2,µg/m³,2016-02-06 19:20:00+00:00
17,393,so2,38.3,µg/m³,2016-02-06 19:40:00+00:00
17,393,so2,39.2,µg/m³,2016-02-06 19:55:00+00:00
17,393,so2,38.3,µg/m³,2016-02-06 20:25:00+00:00
17,393,so2,38.3,µg/m³,2016-02-06 20:40:00+00:00
17,393,so2,40.6,µg/m³,2016-02-06 21:05:00+00:00
17,393,so2,48.0,µg/m³,2016-02-06 21:20:00+00:00
17,393,so2,79.5,µg/m³,2016-02-06 21:40:00+00:00
17,393,so2,82.9,µg/m³,2016-02-06 22:00:00+00:00
17,393,so2,79.8,µg/m³,2016-02-06 22:20:00+00:00
17,393,so2,71.8,µg/m³,2016-02-06 22:40:00+00:00
17,393,so2,55.8,µg/m³,2016-02-06 23:00:00+00:00
17,393,so2,51.2,µg/m³,2016-02-06 23:15:00+00:00
17,393,so2,47.2,µg/m³,2016-02-06 23:40:00+00:00
17,393,so2,42.0,µg/m³,2016-02-07 00:05:00+00:00
17,393,so2,40.0,µg/m³,2016-02-07 00:20:00+00:00
17,393,so2,43.5,µg/m³,2016-02-07 00:40:00+00:00
17,393,so2,45.5,µg/m³,2016-02-07 01:00:00+00:00
17,393,so2,47.2,µg/m³,2016-02-07 01:20:00+00:00
17,393,so2,46.3,µg/m³,2016-02-07 01:40:00+00:00
17,393,so2,32.3,µg/m³,2016-02-07 02:05:00+00:00
17,393,so2,37.5,µg/m³,2016-02-07 02:25:00+00:00
17,393,so2,74.4,µg/m³,2016-02-07 02:40:00+00:00
17,393,so2,99.0,µg/m³,2016-02-07 03:05:00+00:00
17,393,so2,65.5,µg/m³,2016-02-07 03:20:00+00:00
17,393,so2,52.9,µg/m³,2016-02-07 03:40:00+00:00
17,393,so2,48.6,µg/m³,2016-02-07 04:05:00+00:00
17,393,so2,24.3,µg/m³,2016-02-07 05:05:00+00:00
17,393,so2,24.3,µg/m³,2016-02-07 05:20:00+00:00
17,393,so2,22.3,µg/m³,2016-02-07 05:40:00+00:00
17,393,so2,26.9,µg/m³,2016-02-07 06:10:00+00:00
17,393,so2,26.9,µg/m³,2016-02-07 06:20:00+00:00
17,393,so2,27.7,µg/m³,2016-02-07 06:45:00+00:00
17,393,so2,21.5,µg/m³,2016-02-07 07:05:00+00:00
17,393,so2,5.1,µg/m³,2016-02-07 07:20:00+00:00
17,393,so2,0.6,µg/m³,2016-02-07 08:00:00+00:00
17,393,so2,2.3,µg/m³,2016-02-07 08:20:00+00:00
17,393,so2,2.6,µg/m³,2016-02-07 08:40:00+00:00
17,393,so2,2.3,µg/m³,2016-02-07 11:05:00+00:00
17,393,so2,1.7,µg/m³,2016-02-07 11:20:00+00:00
17,393,so2,0.3,µg/m³,2016-02-07 11:40:00+00:00
17,393,so2,20.9,µg/m³,2016-02-07 12:40:00+00:00
17,393,so2,25.7,µg/m³,2016-02-07 13:05:00+00:00
17,393,so2,25.5,µg/m³,2016-02-07 13:25:00+00:00
17,393,so2,24.6,µg/m³,2016-02-07 13:40:00+00:00
17,393,so2,25.5,µg/m³,2016-02-07 14:05:00+00:00
17,393,so2,25.2,µg/m³,2016-02-07 14:20:00+00:00
17,393,so2,26.0,µg/m³,2016-02-07 14:40:00+00:00
17,393,so2,26.3,µg/m³,2016-02-07 15:00:00+00:00
17,393,so2,26.0,µg/m³,2016-02-07 15:20:00+00:00
17,393,so2,23.7,µg/m³,2016-02-07 15:40:00+00:00
17,393,so2,24.6,µg/m³,2016-02-07 16:05:00+00:00
17,393,so2,22.9,µg/m³,2016-02-07 16:25:00+00:00
17,393,so2,21.7,µg/m³,2016-02-07 16:40:00+00:00
17,393,so2,22.3,µg/m³,2016-02-07 17:05:00+00:00
17,393,so2,22.3,µg/m³,2016-02-07 17:20:00+00:00
17,393,so2,20.9,µg/m³,2016-02-07 17:40:00+00:00
17,393,so2,20.9,µg/m³,2016-02-07 18:05:00+00:00
17,393,so2,20.6,µg/m³,2016-02-07 18:20:00+00:00
17,393,so2,18.9,µg/m³,2016-02-07 18:40:00+00:00
17,393,so2,26.6,µg/m³,2016-02-07 19:05:00+00:00
17,393,so2,32.9,µg/m³,2016-02-07 19:20:00+00:00
17,393,so2,34.6,µg/m³,2016-02-07 19:40:00+00:00
17,393,so2,34.3,µg/m³,2016-02-07 20:05:00+00:00
17,393,so2,34.0,µg/m³,2016-02-07 20:20:00+00:00
17,393,so2,37.5,µg/m³,2016-02-07 20:50:00+00:00
17,393,so2,37.5,µg/m³,2016-02-07 21:05:00+00:00
17,393,so2,38.9,µg/m³,2016-02-07 21:20:00+00:00
17,394,o3,14.6,µg/m³,2016-02-05 14:40:00+00:00
17,394,o3,15.5,µg/m³,2016-02-05 15:05:00+00:00
17,394,o3,19.0,µg/m³,2016-02-05 15:20:00+00:00
17,394,o3,17.4,µg/m³,2016-02-05 15:40:00+00:00
17,394,o3,14.2,µg/m³,2016-02-05 16:05:00+00:00
17,394,o3,12.6,µg/m³,2016-02-05 16:20:00+00:00
17,394,o3,9.9,µg/m³,2016-02-05 16:45:00+00:00
17,394,o3,10.4,µg/m³,2016-02-05 17:05:00+00:00
17,394,o3,11.5,µg/m³,2016-02-05 17:20:00+00:00
17,394,o3,9.3,µg/m³,2016-02-05 17:40:00+00:00
17,394,o3,9.4,µg/m³,2016-02-05 18:05:00+00:00
17,394,o3,9.8,µg/m³,2016-02-05 18:20:00+00:00
17,394,o3,7.5,µg/m³,2016-02-05 18:40:00+00:00
17,394,o3,7.3,µg/m³,2016-02-05 19:05:00+00:00
17,394,o3,6.8,µg/m³,2016-02-05 19:20:00+00:00
17,394,o3,8.0,µg/m³,2016-02-05 19:45:00+00:00
17,394,o3,8.0,µg/m³,2016-02-05 20:05:00+00:00
17,394,o3,8.4,µg/m³,2016-02-05 20:20:00+00:00
17,394,o3,7.8,µg/m³,2016-02-05 20:35:00+00:00
17,394,o3,225.2,µg/m³,2016-02-06 06:20:00+00:00
17,394,o3,226.6,µg/m³,2016-02-06 06:40:00+00:00
17,394,o3,230.9,µg/m³,2016-02-06 07:00:00+00:00
17,394,o3,228.5,µg/m³,2016-02-06 07:20:00+00:00
17,394,o3,224.4,µg/m³,2016-02-06 07:45:00+00:00
17,394,o3,220.2,µg/m³,2016-02-06 08:05:00+00:00
17,394,o3,225.8,µg/m³,2016-02-06 08:25:00+00:00
17,394,o3,201.6,µg/m³,2016-02-06 08:40:00+00:00
17,394,o3,193.3,µg/m³,2016-02-06 09:05:00+00:00
17,394,o3,200.6,µg/m³,2016-02-06 09:15:00+00:00
17,394,o3,9.1,µg/m³,2016-02-06 18:05:00+00:00
17,394,o3,8.8,µg/m³,2016-02-06 18:20:00+00:00
17,394,o3,8.5,µg/m³,2016-02-06 18:40:00+00:00
17,394,o3,6.5,µg/m³,2016-02-06 19:00:00+00:00
17,394,o3,7.1,µg/m³,2016-02-06 19:20:00+00:00
17,394,o3,5.0,µg/m³,2016-02-06 19:40:00+00:00
17,394,o3,7.4,µg/m³,2016-02-06 19:55:00+00:00
17,394,o3,11.0,µg/m³,2016-02-06 20:25:00+00:00
17,394,o3,9.4,µg/m³,2016-02-06 20:40:00+00:00
17,394,o3,14.0,µg/m³,2016-02-06 21:05:00+00:00
17,394,o3,83.5,µg/m³,2016-02-06 21:20:00+00:00
17,394,o3,110.6,µg/m³,2016-02-06 21:40:00+00:00
17,394,o3,110.6,µg/m³,2016-02-06 22:00:00+00:00
17,394,o3,47.7,µg/m³,2016-02-06 22:20:00+00:00
17,394,o3,23.5,µg/m³,2016-02-06 22:40:00+00:00
17,394,o3,21.0,µg/m³,2016-02-06 23:00:00+00:00
17,394,o3,22.6,µg/m³,2016-02-06 23:15:00+00:00
17,394,o3,19.0,µg/m³,2016-02-06 23:40:00+00:00
17,394,o3,17.0,µg/m³,2016-02-07 00:05:00+00:00
17,394,o3,16.2,µg/m³,2016-02-07 00:20:00+00:00
17,394,o3,11.8,µg/m³,2016-02-07 00:40:00+00:00
17,394,o3,12.9,µg/m³,2016-02-07 01:00:00+00:00
17,394,o3,13.1,µg/m³,2016-02-07 01:20:00+00:00
17,394,o3,11.8,µg/m³,2016-02-07 01:40:00+00:00
17,394,o3,10.1,µg/m³,2016-02-07 02:05:00+00:00
17,394,o3,27.7,µg/m³,2016-02-07 02:25:00+00:00
17,394,o3,78.2,µg/m³,2016-02-07 02:40:00+00:00
17,394,o3,34.6,µg/m³,2016-02-07 03:05:00+00:00
17,394,o3,15.9,µg/m³,2016-02-07 04:05:00+00:00
17,394,o3,17.0,µg/m³,2016-02-07 04:20:00+00:00
17,394,o3,11.8,µg/m³,2016-02-07 04:40:00+00:00
17,394,o3,12.4,µg/m³,2016-02-07 05:05:00+00:00
17,394,o3,11.8,µg/m³,2016-02-07 05:20:00+00:00
17,394,o3,24.9,µg/m³,2016-02-07 05:40:00+00:00
17,394,o3,40.5,µg/m³,2016-02-07 06:10:00+00:00
17,394,o3,43.4,µg/m³,2016-02-07 06:20:00+00:00
17,394,o3,54.9,µg/m³,2016-02-07 06:45:00+00:00
17,394,o3,62.5,µg/m³,2016-02-07 07:05:00+00:00
17,394,o3,76.7,µg/m³,2016-02-07 07:20:00+00:00
17,394,o3,74.0,µg/m³,2016-02-07 07:40:00+00:00
17,394,o3,83.0,µg/m³,2016-02-07 08:00:00+00:00
17,394,o3,101.4,µg/m³,2016-02-07 08:20:00+00:00
17,394,o3,137.6,µg/m³,2016-02-07 08:40:00+00:00
17,394,o3,138.6,µg/m³,2016-02-07 09:00:00+00:00
17,394,o3,136.0,µg/m³,2016-02-07 09:20:00+00:00
17,394,o3,128.5,µg/m³,2016-02-07 09:45:00+00:00
17,394,o3,104.9,µg/m³,2016-02-07 10:05:00+00:00
17,394,o3,84.8,µg/m³,2016-02-07 10:25:00+00:00
17,394,o3,85.9,µg/m³,2016-02-07 10:40:00+00:00
17,394,o3,76.5,µg/m³,2016-02-07 11:05:00+00:00
17,394,o3,53.0,µg/m³,2016-02-07 11:20:00+00:00
17,394,o3,79.4,µg/m³,2016-02-07 11:40:00+00:00
17,394,o3,40.8,µg/m³,2016-02-07 12:00:00+00:00
17,394,o3,15.9,µg/m³,2016-02-07 12:20:00+00:00
17,394,o3,19.7,µg/m³,2016-02-07 12:40:00+00:00
17,394,o3,11.5,µg/m³,2016-02-07 13:05:00+00:00
17,394,o3,10.5,µg/m³,2016-02-07 13:25:00+00:00
17,394,o3,7.6,µg/m³,2016-02-07 13:40:00+00:00
17,394,o3,13.5,µg/m³,2016-02-07 14:05:00+00:00
17,394,o3,9.6,µg/m³,2016-02-07 14:20:00+00:00
17,394,o3,11.0,µg/m³,2016-02-07 14:40:00+00:00
17,394,o3,8.8,µg/m³,2016-02-07 15:00:00+00:00
17,394,o3,5.9,µg/m³,2016-02-07 15:20:00+00:00
17,394,o3,9.5,µg/m³,2016-02-07 15:40:00+00:00
17,394,o3,7.9,µg/m³,2016-02-07 16:05:00+00:00
17,394,o3,7.7,µg/m³,2016-02-07 16:25:00+00:00
17,394,o3,7.9,µg/m³,2016-02-07 16:40:00+00:00
17,394,o3,7.0,µg/m³,2016-02-07 17:05:00+00:00
17,394,o3,8.6,µg/m³,2016-02-07 17:20:00+00:00
17,394,o3,7.2,µg/m³,2016-02-07 17:40:00+00:00
17,394,o3,5.8,µg/m³,2016-02-07 18:05:00+00:00
17,399,pm10,582.0,µg/m³,2016-02-05 14:40:00+00:00
17,399,pm10,582.0,µg/m³,2016-02-05 15:05:00+00:00
17,399,pm10,580.0,µg/m³,2016-02-05 15:20:00+00:00
17,399,pm10,580.0,µg/m³,2016-02-05 15:40:00+00:00
17,399,pm10,580.0,µg/m³,2016-02-05 16:05:00+00:00
17,399,pm10,580.0,µg/m³,2016-02-05 16:20:00+00:00
17,399,pm10,580.0,µg/m³,2016-02-05 16:45:00+00:00
17,399,pm10,580.0,µg/m³,2016-02-05 17:05:00+00:00
17,399,pm10,580.0,µg/m³,2016-02-05 17:20:00+00:00
17,399,pm10,580.0,µg/m³,2016-02-05 17:40:00+00:00
17,399,pm10,580.0,µg/m³,2016-02-05 18:05:00+00:00
17,399,pm10,580.0,µg/m³,2016-02-05 18:20:00+00:00
17,399,pm10,580.0,µg/m³,2016-02-05 18:40:00+00:00
17,399,pm10,580.0,µg/m³,2016-02-05 19:05:00+00:00
17,399,pm10,580.0,µg/m³,2016-02-05 19:20:00+00:00
17,399,pm10,580.0,µg/m³,2016-02-05 19:40:00+00:00
17,399,pm10,580.0,µg/m³,2016-02-05 20:05:00+00:00
17,399,pm10,481.0,µg/m³,2016-02-05 20:20:00+00:00
17,399,pm10,481.0,µg/m³,2016-02-05 20:35:00+00:00
17,399,pm10,259.0,µg/m³,2016-02-06 06:20:00+00:00
17,399,pm10,259.0,µg/m³,2016-02-06 06:40:00+00:00
17,399,pm10,259.0,µg/m³,2016-02-06 07:00:00+00:00
17,399,pm10,221.0,µg/m³,2016-02-06 07:20:00+00:00
17,399,pm10,221.0,µg/m³,2016-02-06 07:45:00+00:00
17,399,pm10,221.0,µg/m³,2016-02-06 08:05:00+00:00
17,399,pm10,200.0,µg/m³,2016-02-06 08:20:00+00:00
17,399,pm10,200.0,µg/m³,2016-02-06 08:40:00+00:00
17,399,pm10,200.0,µg/m³,2016-02-06 09:05:00+00:00
17,399,pm10,217.0,µg/m³,2016-02-06 09:15:00+00:00
17,399,pm10,460.0,µg/m³,2016-02-06 18:05:00+00:00
17,399,pm10,438.0,µg/m³,2016-02-06 18:20:00+00:00
17,399,pm10,438.0,µg/m³,2016-02-06 18:40:00+00:00
17,399,pm10,438.0,µg/m³,2016-02-06 19:00:00+00:00
17,399,pm10,367.0,µg/m³,2016-02-06 19:20:00+00:00
17,399,pm10,367.0,µg/m³,2016-02-06 19:40:00+00:00
17,399,pm10,367.0,µg/m³,2016-02-06 19:55:00+00:00
17,399,pm10,313.0,µg/m³,2016-02-06 20:25:00+00:00
17,399,pm10,313.0,µg/m³,2016-02-06 20:40:00+00:00
17,399,pm10,313.0,µg/m³,2016-02-06 21:05:00+00:00
17,399,pm10,311.0,µg/m³,2016-02-06 21:20:00+00:00
17,399,pm10,311.0,µg/m³,2016-02-06 21:40:00+00:00
17,399,pm10,311.0,µg/m³,2016-02-06 22:00:00+00:00
17,399,pm10,361.0,µg/m³,2016-02-06 22:20:00+00:00
17,399,pm10,361.0,µg/m³,2016-02-06 22:40:00+00:00
17,399,pm10,361.0,µg/m³,2016-02-06 23:00:00+00:00
17,399,pm10,282.0,µg/m³,2016-02-06 23:15:00+00:00
17,399,pm10,282.0,µg/m³,2016-02-06 23:40:00+00:00
17,399,pm10,282.0,µg/m³,2016-02-07 00:05:00+00:00
17,399,pm10,272.0,µg/m³,2016-02-07 00:20:00+00:00
17,399,pm10,272.0,µg/m³,2016-02-07 00:40:00+00:00
17,399,pm10,272.0,µg/m³,2016-02-07 01:00:00+00:00
17,399,pm10,273.0,µg/m³,2016-02-07 01:20:00+00:00
17,399,pm10,273.0,µg/m³,2016-02-07 01:40:00+00:00
17,399,pm10,273.0,µg/m³,2016-02-07 02:05:00+00:00
17,399,pm10,278.0,µg/m³,2016-02-07 02:25:00+00:00
17,399,pm10,278.0,µg/m³,2016-02-07 02:40:00+00:00
17,399,pm10,278.0,µg/m³,2016-02-07 03:05:00+00:00
17,399,pm10,293.0,µg/m³,2016-02-07 03:20:00+00:00
17,399,pm10,293.0,µg/m³,2016-02-07 03:40:00+00:00
17,399,pm10,293.0,µg/m³,2016-02-07 04:05:00+00:00
17,399,pm10,316.0,µg/m³,2016-02-07 04:20:00+00:00
17,399,pm10,316.0,µg/m³,2016-02-07 04:40:00+00:00
17,399,pm10,316.0,µg/m³,2016-02-07 05:05:00+00:00
17,399,pm10,340.0,µg/m³,2016-02-07 05:20:00+00:00
17,399,pm10,340.0,µg/m³,2016-02-07 05:40:00+00:00
17,399,pm10,340.0,µg/m³,2016-02-07 06:10:00+00:00
17,399,pm10,298.0,µg/m³,2016-02-07 06:20:00+00:00
17,399,pm10,298.0,µg/m³,2016-02-07 06:40:00+00:00
17,399,pm10,298.0,µg/m³,2016-02-07 07:05:00+00:00
17,399,pm10,235.0,µg/m³,2016-02-07 07:20:00+00:00
17,399,pm10,235.0,µg/m³,2016-02-07 07:40:00+00:00
17,399,pm10,235.0,µg/m³,2016-02-07 08:00:00+00:00
17,399,pm10,215.0,µg/m³,2016-02-07 08:20:00+00:00
17,399,pm10,215.0,µg/m³,2016-02-07 08:40:00+00:00
17,399,pm10,215.0,µg/m³,2016-02-07 09:00:00+00:00
17,399,pm10,239.0,µg/m³,2016-02-07 09:20:00+00:00
17,399,pm10,239.0,µg/m³,2016-02-07 09:45:00+00:00
17,399,pm10,239.0,µg/m³,2016-02-07 10:05:00+00:00
17,399,pm10,216.0,µg/m³,2016-02-07 10:20:00+00:00
17,399,pm10,216.0,µg/m³,2016-02-07 10:40:00+00:00
17,399,pm10,216.0,µg/m³,2016-02-07 11:05:00+00:00
17,399,pm10,215.0,µg/m³,2016-02-07 11:20:00+00:00
17,399,pm10,215.0,µg/m³,2016-02-07 11:40:00+00:00
17,399,pm10,215.0,µg/m³,2016-02-07 12:00:00+00:00
17,399,pm10,172.0,µg/m³,2016-02-07 12:20:00+00:00
17,399,pm10,172.0,µg/m³,2016-02-07 12:40:00+00:00
17,399,pm10,172.0,µg/m³,2016-02-07 13:05:00+00:00
17,399,pm10,239.0,µg/m³,2016-02-07 13:25:00+00:00
17,399,pm10,239.0,µg/m³,2016-02-07 13:40:00+00:00
17,399,pm10,239.0,µg/m³,2016-02-07 14:05:00+00:00
17,399,pm10,240.0,µg/m³,2016-02-07 14:20:00+00:00
17,399,pm10,240.0,µg/m³,2016-02-07 14:40:00+00:00
17,399,pm10,240.0,µg/m³,2016-02-07 15:00:00+00:00
17,399,pm10,208.0,µg/m³,2016-02-07 15:20:00+00:00
17,399,pm10,208.0,µg/m³,2016-02-07 15:40:00+00:00
17,399,pm10,208.0,µg/m³,2016-02-07 16:05:00+00:00
17,399,pm10,201.0,µg/m³,2016-02-07 16:25:00+00:00
17,399,pm10,201.0,µg/m³,2016-02-07 16:40:00+00:00
17,399,pm10,201.0,µg/m³,2016-02-07 17:05:00+00:00
17,399,pm10,171.0,µg/m³,2016-02-07 17:20:00+00:00
17,12234782,co,1.69,ppb,2025-02-18 20:00:00+00:00
17,12234782,co,1.6,ppb,2025-02-18 20:15:00+00:00
17,12234782,co,1.2,ppb,2025-02-18 21:00:00+00:00
17,12234782,co,1.29,ppb,2025-02-18 21:15:00+00:00
17,12234782,co,1.2,ppb,2025-02-18 21:30:00+00:00
17,12234782,co,1.2,ppb,2025-02-18 21:45:00+00:00
17,12234782,co,1.26,ppb,2025-02-18 22:00:00+00:00
17,12234782,co,1.15,ppb,2025-02-18 22:15:00+00:00
17,12234782,co,0.84,ppb,2025-02-18 22:30:00+00:00
17,12234782,co,0.68,ppb,2025-02-18 22:45:00+00:00
17,12234782,co,0.64,ppb,2025-02-18 23:00:00+00:00
17,12234782,co,0.65,ppb,2025-02-18 23:15:00+00:00
17,12234782,co,0.77,ppb,2025-02-18 23:30:00+00:00
17,12234782,co,0.69,ppb,2025-02-18 23:45:00+00:00
17,12234782,co,0.58,ppb,2025-02-19 00:00:00+00:00
17,12234782,co,0.5,ppb,2025-02-19 00:15:00+00:00
17,12234782,co,0.54,ppb,2025-02-19 00:30:00+00:00
17,12234782,co,0.6,ppb,2025-02-19 00:45:00+00:00
17,12234782,co,0.66,ppb,2025-02-19 01:00:00+00:00
17,12234782,co,0.8,ppb,2025-02-19 01:15:00+00:00
17,12234782,co,0.8,ppb,2025-02-19 01:30:00+00:00
17,12234782,co,0.89,ppb,2025-02-19 01:45:00+00:00
17,12234782,co,1.1,ppb,2025-02-19 02:00:00+00:00
17,12234782,co,1.1,ppb,2025-02-19 02:15:00+00:00
17,12234782,co,0.95,ppb,2025-02-19 02:30:00+00:00
17,12234782,co,0.81,ppb,2025-02-19 02:45:00+00:00
17,12234782,co,0.53,ppb,2025-02-19 03:00:00+00:00
17,12234782,co,0.44,ppb,2025-02-19 03:15:00+00:00
17,12234782,co,0.5,ppb,2025-02-19 03:30:00+00:00
17,12234782,co,0.47,ppb,2025-02-19 03:45:00+00:00
17,12234782,co,0.45,ppb,2025-02-19 04:00:00+00:00
17,12234782,co,0.24,ppb,2025-02-19 04:15:00+00:00
17,12234782,co,0.18,ppb,2025-02-19 04:30:00+00:00
17,12234782,co,0.19,ppb,2025-02-19 04:45:00+00:00
17,12234782,co,0.17,ppb,2025-02-19 05:00:00+00:00
17,12234782,co,0.22,ppb,2025-02-19 05:15:00+00:00
17,12234782,co,0.24,ppb,2025-02-19 05:30:00+00:00
17,12234782,co,0.25,ppb,2025-02-19 05:45:00+00:00
17,12234782,co,0.29,ppb,2025-02-19 06:00:00+00:00
17,12234782,co,0.26,ppb,2025-02-19 06:15:00+00:00
17,12234782,co,0.23,ppb,2025-02-19 06:30:00+00:00
17,12234782,co,0.19,ppb,2025-02-19 06:45:00+00:00
17,12234782,co,0.09,ppb,2025-02-19 07:00:00+00:00
17,12234782,co,0.1,ppb,2025-02-19 07:15:00+00:00
17,12234782,co,0.16,ppb,2025-02-19 07:30:00+00:00
17,12234782,co,0.07,ppb,2025-02-19 07:45:00+00:00
17,12234782,co,0.0,ppb,2025-02-19 08:00:00+00:00
17,12234782,co,0.16,ppb,2025-02-19 08:15:00+00:00
17,12234782,co,0.07,ppb,2025-02-19 08:30:00+00:00
17,12234782,co,0.03,ppb,2025-02-19 09:15:00+00:00
17,12234782,co,0.02,ppb,2025-02-19 09:30:00+00:00
17,12234782,co,0.11,ppb,2025-02-19 12:00:00+00:00
17,12234782,co,0.17,ppb,2025-02-19 12:15:00+00:00
17,12234782,co,0.89,ppb,2025-02-19 12:45:00+00:00
17,12234782,co,1.36,ppb,2025-02-19 13:00:00+00:00
17,12234782,co,1.56,ppb,2025-02-19 13:15:00+00:00
17,12234782,co,1.45,ppb,2025-02-19 13:30:00+00:00
17,12234782,co,1.61,ppb,2025-02-19 13:45:00+00:00
17,12234782,co,1.55,ppb,2025-02-19 14:00:00+00:00
17,12234782,co,1.49,ppb,2025-02-19 14:15:00+00:00
17,12234782,co,1.8,ppb,2025-02-19 14:30:00+00:00
17,12234782,co,1.66,ppb,2025-02-19 14:45:00+00:00
17,12234782,co,1.72,ppb,2025-02-19 15:00:00+00:00
17,12234782,co,2.24,ppb,2025-02-19 15:15:00+00:00
17,12234782,co,2.79,ppb,2025-02-19 15:30:00+00:00
17,12234782,co,1.64,ppb,2025-02-19 15:45:00+00:00
17,12234782,co,1.03,ppb,2025-02-19 16:00:00+00:00
17,12234782,co,0.71,ppb,2025-02-19 16:15:00+00:00
17,12234782,co,0.85,ppb,2025-02-19 16:30:00+00:00
17,12234782,co,0.63,ppb,2025-02-19 16:45:00+00:00
17,12234782,co,0.93,ppb,2025-02-19 17:00:00+00:00
17,12234782,co,0.88,ppb,2025-02-19 17:15:00+00:00
17,12234782,co,0.86,ppb,2025-02-19 17:30:00+00:00
17,12234782,co,0.62,ppb,2025-02-19 17:45:00+00:00
17,12234782,co,0.26,ppb,2025-02-19 18:00:00+00:00
17,12234782,co,1.02,ppb,2025-02-19 19:00:00+00:00
17,12234782,co,1.13,ppb,2025-02-19 19:15:00+00:00
17,12234782,co,1.12,ppb,2025-02-19 19:30:00+00:00
17,12234782,co,1.16,ppb,2025-02-19 19:45:00+00:00
17,12234782,co,1.2,ppb,2025-02-19 20:00:00+00:00
17,12234782,co,1.06,ppb,2025-02-19 20:15:00+00:00
17,12234782,co,1.04,ppb,2025-02-19 21:00:00+00:00
17,12234782,co,1.1,ppb,2025-02-19 21:15:00+00:00
17,12234782,co,1.58,ppb,2025-02-19 21:30:00+00:00
17,12234782,co,1.03,ppb,2025-02-19 21:45:00+00:00
17,12234782,co,0.87,ppb,2025-02-19 22:00:00+00:00
17,12234782,co,0.76,ppb,2025-02-19 22:15:00+00:00
17,12234782,co,0.7,ppb,2025-02-19 22:30:00+00:00
17,12234782,co,0.66,ppb,2025-02-19 22:45:00+00:00
17,12234782,co,0.64,ppb,2025-02-19 23:00:00+00:00
17,12234782,co,0.77,ppb,2025-02-19 23:15:00+00:00
17,12234782,co,0.65,ppb,2025-02-19 23:30:00+00:00
17,12234782,co,0.64,ppb,2025-02-19 23:45:00+00:00
17,12234782,co,0.65,ppb,2025-02-20 00:00:00+00:00
17,12234782,co,0.72,ppb,2025-02-20 00:15:00+00:00
17,12234782,co,0.7,ppb,2025-02-20 00:30:00+00:00
17,12234782,co,0.71,ppb,2025-02-20 00:45:00+00:00
17,12234782,co,0.69,ppb,2025-02-20 01:00:00+00:00
17,12234782,co,0.72,ppb,2025-02-20 01:15:00+00:00
17,12234782,co,0.86,ppb,2025-02-20 01:30:00+00:00
17,12234783,no,93.2,ppb,2025-02-18 20:00:00+00:00
17,12234783,no,90.4,ppb,2025-02-18 20:15:00+00:00
17,12234783,no,84.7,ppb,2025-02-18 21:00:00+00:00
17,12234783,no,80.8,ppb,2025-02-18 21:15:00+00:00
17,12234783,no,81.6,ppb,2025-02-18 21:30:00+00:00
17,12234783,no,94.8,ppb,2025-02-18 21:45:00+00:00
17,12234783,no,100.2,ppb,2025-02-18 22:00:00+00:00
17,12234783,no,97.8,ppb,2025-02-18 22:15:00+00:00
17,12234783,no,71.5,ppb,2025-02-18 22:30:00+00:00
17,12234783,no,62.6,ppb,2025-02-18 22:45:00+00:00
17,12234783,no,57.6,ppb,2025-02-18 23:00:00+00:00
17,12234783,no,49.5,ppb,2025-02-18 23:15:00+00:00
17,12234783,no,57.3,ppb,2025-02-18 23:30:00+00:00
17,12234783,no,46.7,ppb,2025-02-18 23:45:00+00:00
17,12234783,no,42.0,ppb,2025-02-19 00:00:00+00:00
17,12234783,no,40.5,ppb,2025-02-19 00:15:00+00:00
17,12234783,no,47.1,ppb,2025-02-19 00:30:00+00:00
17,12234783,no,57.2,ppb,2025-02-19 00:45:00+00:00
17,12234783,no,65.8,ppb,2025-02-19 01:00:00+00:00
17,12234783,no,62.0,ppb,2025-02-19 01:15:00+00:00
17,12234783,no,56.6,ppb,2025-02-19 01:30:00+00:00
17,12234783,no,68.0,ppb,2025-02-19 01:45:00+00:00
17,12234783,no,82.4,ppb,2025-02-19 02:00:00+00:00
17,12234783,no,73.5,ppb,2025-02-19 02:15:00+00:00
17,12234783,no,55.8,ppb,2025-02-19 02:30:00+00:00
17,12234783,no,41.5,ppb,2025-02-19 02:45:00+00:00
17,12234783,no,25.4,ppb,2025-02-19 03:00:00+00:00
17,12234783,no,24.1,ppb,2025-02-19 03:15:00+00:00
17,12234783,no,17.1,ppb,2025-02-19 03:30:00+00:00
17,12234783,no,12.0,ppb,2025-02-19 03:45:00+00:00
17,12234783,no,12.3,ppb,2025-02-19 04:00:00+00:00
17,12234783,no,13.6,ppb,2025-02-19 04:15:00+00:00
17,12234783,no,10.1,ppb,2025-02-19 04:30:00+00:00
17,12234783,no,7.8,ppb,2025-02-19 04:45:00+00:00
17,12234783,no,4.6,ppb,2025-02-19 05:00:00+00:00
17,12234783,no,6.3,ppb,2025-02-19 05:15:00+00:00
17,12234783,no,1.4,ppb,2025-02-19 05:30:00+00:00
17,12234783,no,2.8,ppb,2025-02-19 05:45:00+00:00
17,12234783,no,4.1,ppb,2025-02-19 06:00:00+00:00
17,12234783,no,2.8,ppb,2025-02-19 06:15:00+00:00
17,12234783,no,5.3,ppb,2025-02-19 06:30:00+00:00
17,12234783,no,7.5,ppb,2025-02-19 06:45:00+00:00
17,12234783,no,3.2,ppb,2025-02-19 07:00:00+00:00
17,12234783,no,0.2,ppb,2025-02-19 07:15:00+00:00
17,12234783,no,0.4,ppb,2025-02-19 07:30:00+00:00
17,12234783,no,4.8,ppb,2025-02-19 08:00:00+00:00
17,12234783,no,7.8,ppb,2025-02-19 08:15:00+00:00
17,12234783,no,7.7,ppb,2025-02-19 08:30:00+00:00
17,12234783,no,6.1,ppb,2025-02-19 08:45:00+00:00
17,12234783,no,6.3,ppb,2025-02-19 09:00:00+00:00
17,12234783,no,2.5,ppb,2025-02-19 09:15:00+00:00
17,12234783,no,2.2,ppb,2025-02-19 09:30:00+00:00
17,12234783,no,2.5,ppb,2025-02-19 09:45:00+00:00
17,12234783,no,1.2,ppb,2025-02-19 10:00:00+00:00
17,12234783,no,4.6,ppb,2025-02-19 10:15:00+00:00
17,12234783,no,6.0,ppb,2025-02-19 10:30:00+00:00
17,12234783,no,5.0,ppb,2025-02-19 10:45:00+00:00
17,12234783,no,7.7,ppb,2025-02-19 11:00:00+00:00
17,12234783,no,9.8,ppb,2025-02-19 11:15:00+00:00
17,12234783,no,4.8,ppb,2025-02-19 11:30:00+00:00
17,12234783,no,2.4,ppb,2025-02-19 11:45:00+00:00
17,12234783,no,4.8,ppb,2025-02-19 12:00:00+00:00
17,12234783,no,2.6,ppb,2025-02-19 12:15:00+00:00
17,12234783,no,28.2,ppb,2025-02-19 12:45:00+00:00
17,12234783,no,42.3,ppb,2025-02-19 13:00:00+00:00
17,12234783,no,34.2,ppb,2025-02-19 13:15:00+00:00
17,12234783,no,30.3,ppb,2025-02-19 13:30:00+00:00
17,12234783,no,35.2,ppb,2025-02-19 13:45:00+00:00
17,12234783,no,31.3,ppb,2025-02-19 14:00:00+00:00
17,12234783,no,33.2,ppb,2025-02-19 14:15:00+00:00
17,12234783,no,37.0,ppb,2025-02-19 14:30:00+00:00
17,12234783,no,32.8,ppb,2025-02-19 14:45:00+00:00
17,12234783,no,35.9,ppb,2025-02-19 15:00:00+00:00
17,12234783,no,46.2,ppb,2025-02-19 15:15:00+00:00
17,12234783,no,80.3,ppb,2025-02-19 15:30:00+00:00
17,12234783,no,50.5,ppb,2025-02-19 15:45:00+00:00
17,12234783,no,15.0,ppb,2025-02-19 16:00:00+00:00
17,12234783,no,8.6,ppb,2025-02-19 16:15:00+00:00
17,12234783,no,5.9,ppb,2025-02-19 16:30:00+00:00
17,12234783,no,6.9,ppb,2025-02-19 16:45:00+00:00
17,12234783,no,5.3,ppb,2025-02-19 17:00:00+00:00
17,12234783,no,10.1,ppb,2025-02-19 17:15:00+00:00
17,12234783,no,15.7,ppb,2025-02-19 17:30:00+00:00
17,12234783,no,10.4,ppb,2025-02-19 17:45:00+00:00
17,12234783,no,10.1,ppb,2025-02-19 18:00:00+00:00
17,12234783,no,32.0,ppb,2025-02-19 19:00:00+00:00
17,12234783,no,34.2,ppb,2025-02-19 19:15:00+00:00
17,12234783,no,36.1,ppb,2025-02-19 19:30:00+00:00
17,12234783,no,42.7,ppb,2025-02-19 19:45:00+00:00
17,12234783,no,39.2,ppb,2025-02-19 20:00:00+00:00
17,12234783,no,35.4,ppb,2025-02-19 20:15:00+00:00
17,12234783,no,30.3,ppb,2025-02-19 21:00:00+00:00
17,12234783,no,28.3,ppb,2025-02-19 21:15:00+00:00
17,12234783,no,20.5,ppb,2025-02-19 21:30:00+00:00
17,12234783,no,25.2,ppb,2025-02-19 21:45:00+00:00
17,12234783,no,19.8,ppb,2025-02-19 22:00:00+00:00
17,12234783,no,6.9,ppb,2025-02-19 22:15:00+00:00
17,12234783,no,4.1,ppb,2025-02-19 22:30:00+00:00
17,12234783,no,5.8,ppb,2025-02-19 22:45:00+00:00
17,12234783,no,3.7,ppb,2025-02-19 23:00:00+00:00
17,12234784,no2,39.3,ppb,2025-02-18 20:00:00+00:00
17,12234784,no2,43.2,ppb,2025-02-18 20:15:00+00:00
17,12234784,no2,40.6,ppb,2025-02-18 21:00:00+00:00
17,12234784,no2,39.0,ppb,2025-02-18 21:15:00+00:00
17,12234784,no2,52.8,ppb,2025-02-18 21:30:00+00:00
17,12234784,no2,52.3,ppb,2025-02-18 21:45:00+00:00
17,12234784,no2,52.8,ppb,2025-02-18 22:00:00+00:00
17,12234784,no2,44.5,ppb,2025-02-18 22:15:00+00:00
17,12234784,no2,49.0,ppb,2025-02-18 22:30:00+00:00
17,12234784,no2,50.3,ppb,2025-02-18 22:45:00+00:00
17,12234784,no2,42.8,ppb,2025-02-18 23:00:00+00:00
17,12234784,no2,41.1,ppb,2025-02-18 23:15:00+00:00
17,12234784,no2,45.0,ppb,2025-02-18 23:30:00+00:00
17,12234784,no2,39.5,ppb,2025-02-18 23:45:00+00:00
17,12234784,no2,44.8,ppb,2025-02-19 00:00:00+00:00
17,12234784,no2,45.2,ppb,2025-02-19 00:15:00+00:00
17,12234784,no2,43.1,ppb,2025-02-19 00:30:00+00:00
17,12234784,no2,34.8,ppb,2025-02-19 00:45:00+00:00
17,12234784,no2,42.2,ppb,2025-02-19 01:00:00+00:00
17,12234784,no2,41.0,ppb,2025-02-19 01:15:00+00:00
17,12234784,no2,35.1,ppb,2025-02-19 01:30:00+00:00
17,12234784,no2,40.6,ppb,2025-02-19 01:45:00+00:00
17,12234784,no2,61.0,ppb,2025-02-19 02:00:00+00:00
17,12234784,no2,61.7,ppb,2025-02-19 02:15:00+00:00
17,12234784,no2,59.5,ppb,2025-02-19 02:30:00+00:00
17,12234784,no2,57.7,ppb,2025-02-19 02:45:00+00:00
17,12234784,no2,51.2,ppb,2025-02-19 03:00:00+00:00
17,12234784,no2,52.7,ppb,2025-02-19 03:15:00+00:00
17,12234784,no2,64.6,ppb,2025-02-19 03:30:00+00:00
17,12234784,no2,53.5,ppb,2025-02-19 03:45:00+00:00
17,12234784,no2,49.9,ppb,2025-02-19 04:00:00+00:00
17,12234784,no2,47.6,ppb,2025-02-19 04:15:00+00:00
17,12234784,no2,48.8,ppb,2025-02-19 04:30:00+00:00
17,12234784,no2,40.9,ppb,2025-02-19 04:45:00+00:00
17,12234784,no2,34.3,ppb,2025-02-19 05:00:00+00:00
17,12234784,no2,31.7,ppb,2025-02-19 05:15:00+00:00
17,12234784,no2,28.9,ppb,2025-02-19 05:30:00+00:00
17,12234784,no2,32.4,ppb,2025-02-19 05:45:00+00:00
17,12234784,no2,29.8,ppb,2025-02-19 06:00:00+00:00
17,12234784,no2,26.7,ppb,2025-02-19 06:15:00+00:00
17,12234784,no2,23.5,ppb,2025-02-19 06:30:00+00:00
17,12234784,no2,22.8,ppb,2025-02-19 06:45:00+00:00
17,12234784,no2,23.0,ppb,2025-02-19 07:00:00+00:00
17,12234784,no2,21.7,ppb,2025-02-19 07:15:00+00:00
17,12234784,no2,22.0,ppb,2025-02-19 07:30:00+00:00
17,12234784,no2,24.3,ppb,2025-02-19 07:45:00+00:00
17,12234784,no2,23.2,ppb,2025-02-19 08:00:00+00:00
17,12234784,no2,22.8,ppb,2025-02-19 08:15:00+00:00
17,12234784,no2,24.2,ppb,2025-02-19 08:30:00+00:00
17,12234784,no2,25.7,ppb,2025-02-19 08:45:00+00:00
17,12234784,no2,18.9,ppb,2025-02-19 09:00:00+00:00
17,12234784,no2,26.4,ppb,2025-02-19 09:15:00+00:00
17,12234784,no2,26.8,ppb,2025-02-19 09:30:00+00:00
17,12234784,no2,27.6,ppb,2025-02-19 09:45:00+00:00
17,12234784,no2,26.5,ppb,2025-02-19 10:00:00+00:00
17,12234784,no2,24.2,ppb,2025-02-19 10:15:00+00:00
17,12234784,no2,21.1,ppb,2025-02-19 10:30:00+00:00
17,12234784,no2,20.5,ppb,2025-02-19 10:45:00+00:00
17,12234784,no2,20.1,ppb,2025-02-19 11:00:00+00:00
17,12234784,no2,18.1,ppb,2025-02-19 11:15:00+00:00
17,12234784,no2,31.5,ppb,2025-02-19 11:30:00+00:00
17,12234784,no2,30.8,ppb,2025-02-19 11:45:00+00:00
17,12234784,no2,53.6,ppb,2025-02-19 12:00:00+00:00
17,12234784,no2,58.7,ppb,2025-02-19 12:15:00+00:00
17,12234784,no2,78.1,ppb,2025-02-19 12:45:00+00:00
17,12234784,no2,82.8,ppb,2025-02-19 13:00:00+00:00
17,12234784,no2,88.3,ppb,2025-02-19 13:15:00+00:00
17,12234784,no2,90.4,ppb,2025-02-19 13:30:00+00:00
17,12234784,no2,96.6,ppb,2025-02-19 13:45:00+00:00
17,12234784,no2,92.1,ppb,2025-02-19 14:00:00+00:00
17,12234784,no2,89.5,ppb,2025-02-19 14:15:00+00:00
17,12234784,no2,93.1,ppb,2025-02-19 14:30:00+00:00
17,12234784,no2,86.5,ppb,2025-02-19 14:45:00+00:00
17,12234784,no2,77.0,ppb,2025-02-19 15:00:00+00:00
17,12234784,no2,84.2,ppb,2025-02-19 15:15:00+00:00
17,12234784,no2,78.2,ppb,2025-02-19 15:30:00+00:00
17,12234784,no2,83.6,ppb,2025-02-19 15:45:00+00:00
17,12234784,no2,78.8,ppb,2025-02-19 16:00:00+00:00
17,12234784,no2,70.0,ppb,2025-02-19 16:15:00+00:00
17,12234784,no2,67.6,ppb,2025-02-19 16:30:00+00:00
17,12234784,no2,66.5,ppb,2025-02-19 16:45:00+00:00
17,12234784,no2,71.7,ppb,2025-02-19 17:00:00+00:00
17,12234784,no2,63.9,ppb,2025-02-19 17:15:00+00:00
17,12234784,no2,76.8,ppb,2025-02-19 17:30:00+00:00
17,12234784,no2,67.6,ppb,2025-02-19 17:45:00+00:00
17,12234784,no2,59.3,ppb,2025-02-19 18:00:00+00:00
17,12234784,no2,65.4,ppb,2025-02-19 19:00:00+00:00
17,12234784,no2,61.0,ppb,2025-02-19 19:15:00+00:00
17,12234784,no2,59.1,ppb,2025-02-19 19:30:00+00:00
17,12234784,no2,53.9,ppb,2025-02-19 19:45:00+00:00
17,12234784,no2,66.8,ppb,2025-02-19 20:00:00+00:00
17,12234784,no2,61.7,ppb,2025-02-19 20:15:00+00:00
17,12234784,no2,51.7,ppb,2025-02-19 21:00:00+00:00
17,12234784,no2,65.1,ppb,2025-02-19 21:15:00+00:00
17,12234784,no2,56.6,ppb,2025-02-19 21:30:00+00:00
17,12234784,no2,52.8,ppb,2025-02-19 21:45:00+00:00
17,12234784,no2,58.1,ppb,2025-02-19 22:00:00+00:00
17,12234784,no2,48.3,ppb,2025-02-19 22:15:00+00:00
17,12234784,no2,47.5,ppb,2025-02-19 22:30:00+00:00
17,12234784,no2,35.3,ppb,2025-02-19 22:45:00+00:00
17,12234785,o3,15.9,µg/m³,2025-02-18 20:00:00+00:00
17,12234785,o3,16.1,µg/m³,2025-02-18 20:15:00+00:00
17,12234785,o3,16.2,µg/m³,2025-02-18 20:30:00+00:00
17,12234785,o3,15.2,µg/m³,2025-02-18 20:45:00+00:00
17,12234785,o3,15.3,µg/m³,2025-02-18 21:00:00+00:00
17,12234785,o3,17.0,µg/m³,2025-02-18 21:15:00+00:00
17,12234785,o3,16.0,µg/m³,2025-02-18 21:30:00+00:00
17,12234785,o3,16.1,µg/m³,2025-02-18 21:45:00+00:00
17,12234785,o3,16.4,µg/m³,2025-02-18 22:00:00+00:00
17,12234785,o3,16.5,µg/m³,2025-02-18 22:15:00+00:00
17,12234785,o3,14.2,µg/m³,2025-02-18 22:30:00+00:00
17,12234785,o3,14.4,µg/m³,2025-02-18 22:45:00+00:00
17,12234785,o3,14.5,µg/m³,2025-02-18 23:00:00+00:00
17,12234785,o3,15.3,µg/m³,2025-02-18 23:15:00+00:00
17,12234785,o3,14.7,µg/m³,2025-02-18 23:30:00+00:00
17,12234785,o3,14.7,µg/m³,2025-02-18 23:45:00+00:00
17,12234785,o3,13.2,µg/m³,2025-02-19 00:00:00+00:00
17,12234785,o3,14.2,µg/m³,2025-02-19 00:15:00+00:00
17,12234785,o3,15.2,µg/m³,2025-02-19 00:30:00+00:00
17,12234785,o3,13.7,µg/m³,2025-02-19 00:45:00+00:00
17,12234785,o3,14.8,µg/m³,2025-02-19 01:00:00+00:00
17,12234785,o3,16.1,µg/m³,2025-02-19 01:15:00+00:00
17,12234785,o3,14.4,µg/m³,2025-02-19 01:30:00+00:00
17,12234785,o3,14.2,µg/m³,2025-02-19 01:45:00+00:00
17,12234785,o3,13.0,µg/m³,2025-02-19 02:00:00+00:00
17,12234785,o3,14.4,µg/m³,2025-02-19 02:15:00+00:00
17,12234785,o3,16.4,µg/m³,2025-02-19 02:30:00+00:00
17,12234785,o3,16.7,µg/m³,2025-02-19 02:45:00+00:00
17,12234785,o3,16.1,µg/m³,2025-02-19 03:00:00+00:00
17,12234785,o3,16.0,µg/m³,2025-02-19 03:15:00+00:00
17,12234785,o3,15.6,µg/m³,2025-02-19 03:30:00+00:00
17,12234785,o3,15.7,µg/m³,2025-02-19 03:45:00+00:00
17,12234785,o3,15.7,µg/m³,2025-02-19 04:00:00+00:00
17,12234785,o3,15.4,µg/m³,2025-02-19 04:15:00+00:00
17,12234785,o3,15.8,µg/m³,2025-02-19 04:30:00+00:00
17,12234785,o3,16.1,µg/m³,2025-02-19 04:45:00+00:00
17,12234785,o3,16.4,µg/m³,2025-02-19 05:00:00+00:00
17,12234785,o3,17.6,µg/m³,2025-02-19 05:15:00+00:00
17,12234785,o3,18.9,µg/m³,2025-02-19 05:30:00+00:00
17,12234785,o3,19.1,µg/m³,2025-02-19 05:45:00+00:00
17,12234785,o3,20.9,µg/m³,2025-02-19 06:00:00+00:00
17,12234785,o3,22.7,µg/m³,2025-02-19 06:15:00+00:00
17,12234785,o3,23.5,µg/m³,2025-02-19 06:30:00+00:00
17,12234785,o3,21.9,µg/m³,2025-02-19 06:45:00+00:00
17,12234785,o3,22.5,µg/m³,2025-02-19 07:00:00+00:00
17,12234785,o3,23.6,µg/m³,2025-02-19 07:15:00+00:00
17,12234785,o3,24.7,µg/m³,2025-02-19 07:30:00+00:00
17,12234785,o3,23.6,µg/m³,2025-02-19 07:45:00+00:00
17,12234785,o3,23.2,µg/m³,2025-02-19 08:00:00+00:00
17,12234785,o3,23.2,µg/m³,2025-02-19 08:15:00+00:00
17,12234785,o3,24.0,µg/m³,2025-02-19 08:30:00+00:00
17,12234785,o3,22.4,µg/m³,2025-02-19 08:45:00+00:00
17,12234785,o3,22.8,µg/m³,2025-02-19 09:00:00+00:00
17,12234785,o3,21.6,µg/m³,2025-02-19 09:15:00+00:00
17,12234785,o3,22.1,µg/m³,2025-02-19 09:30:00+00:00
17,12234785,o3,22.1,µg/m³,2025-02-19 09:45:00+00:00
17,12234785,o3,21.1,µg/m³,2025-02-19 10:00:00+00:00
17,12234785,o3,21.5,µg/m³,2025-02-19 10:15:00+00:00
17,12234785,o3,23.0,µg/m³,2025-02-19 10:30:00+00:00
17,12234785,o3,21.4,µg/m³,2025-02-19 10:45:00+00:00
17,12234785,o3,20.2,µg/m³,2025-02-19 11:00:00+00:00
17,12234785,o3,19.7,µg/m³,2025-02-19 11:15:00+00:00
17,12234785,o3,19.7,µg/m³,2025-02-19 11:30:00+00:00
17,12234785,o3,19.0,µg/m³,2025-02-19 11:45:00+00:00
17,12234785,o3,17.8,µg/m³,2025-02-19 12:00:00+00:00
17,12234785,o3,16.1,µg/m³,2025-02-19 12:15:00+00:00
17,12234785,o3,14.5,µg/m³,2025-02-19 12:45:00+00:00
17,12234785,o3,14.6,µg/m³,2025-02-19 13:00:00+00:00
17,12234785,o3,15.2,µg/m³,2025-02-19 13:15:00+00:00
17,12234785,o3,15.9,µg/m³,2025-02-19 13:30:00+00:00
17,12234785,o3,16.2,µg/m³,2025-02-19 13:45:00+00:00
17,12234785,o3,16.1,µg/m³,2025-02-19 14:00:00+00:00
17,12234785,o3,15.6,µg/m³,2025-02-19 14:15:00+00:00
17,12234785,o3,14.9,µg/m³,2025-02-19 14:30:00+00:00
17,12234785,o3,13.4,µg/m³,2025-02-19 14:45:00+00:00
17,12234785,o3,14.2,µg/m³,2025-02-19 15:00:00+00:00
17,12234785,o3,15.9,µg/m³,2025-02-19 15:15:00+00:00
17,12234785,o3,16.2,µg/m³,2025-02-19 15:30:00+00:00
17,12234785,o3,15.8,µg/m³,2025-02-19 15:45:00+00:00
17,12234785,o3,15.5,µg/m³,2025-02-19 16:00:00+00:00
17,12234785,o3,14.6,µg/m³,2025-02-19 16:15:00+00:00
17,12234785,o3,13.9,µg/m³,2025-02-19 16:30:00+00:00
17,12234785,o3,13.4,µg/m³,2025-02-19 16:45:00+00:00
17,12234785,o3,14.2,µg/m³,2025-02-19 17:00:00+00:00
17,12234785,o3,14.5,µg/m³,2025-02-19 17:15:00+00:00
17,12234785,o3,14.4,µg/m³,2025-02-19 17:30:00+00:00
17,12234785,o3,14.3,µg/m³,2025-02-19 17:45:00+00:00
17,12234785,o3,14.2,µg/m³,2025-02-19 18:00:00+00:00
17,12234785,o3,14.3,µg/m³,2025-02-19 19:00:00+00:00
17,12234785,o3,14.0,µg/m³,2025-02-19 19:15:00+00:00
17,12234785,o3,16.1,µg/m³,2025-02-19 20:00:00+00:00
17,12234785,o3,13.1,µg/m³,2025-02-19 20:15:00+00:00
17,12234785,o3,14.8,µg/m³,2025-02-19 20:30:00+00:00
17,12234785,o3,14.1,µg/m³,2025-02-19 20:45:00+00:00
17,12234785,o3,13.3,µg/m³,2025-02-19 21:00:00+00:00
17,12234785,o3,15.0,µg/m³,2025-02-19 21:15:00+00:00
17,12234785,o3,15.6,µg/m³,2025-02-19 21:30:00+00:00
17,12234785,o3,15.6,µg/m³,2025-02-19 21:45:00+00:00
17,12234785,o3,13.7,µg/m³,2025-02-19 22:00:00+00:00
17,12234785,o3,14.8,µg/m³,2025-02-19 22:15:00+00:00
17,12234786,pm10,182.0,µg/m³,2025-02-18 20:15:00+00:00
17,12234786,pm10,182.0,µg/m³,2025-02-18 20:30:00+00:00
17,12234786,pm10,182.0,µg/m³,2025-02-18 20:45:00+00:00
17,12234786,pm10,167.0,µg/m³,2025-02-18 21:15:00+00:00
17,12234786,pm10,167.0,µg/m³,2025-02-18 21:30:00+00:00
17,12234786,pm10,167.0,µg/m³,2025-02-18 21:45:00+00:00
17,12234786,pm10,195.0,µg/m³,2025-02-18 22:15:00+00:00
17,12234786,pm10,195.0,µg/m³,2025-02-18 22:30:00+00:00
17,12234786,pm10,195.0,µg/m³,2025-02-18 22:45:00+00:00
17,12234786,pm10,132.0,µg/m³,2025-02-18 23:15:00+00:00
17,12234786,pm10,132.0,µg/m³,2025-02-18 23:30:00+00:00
17,12234786,pm10,132.0,µg/m³,2025-02-18 23:45:00+00:00
17,12234786,pm10,130.0,µg/m³,2025-02-19 00:15:00+00:00
17,12234786,pm10,130.0,µg/m³,2025-02-19 00:30:00+00:00
17,12234786,pm10,130.0,µg/m³,2025-02-19 00:45:00+00:00
17,12234786,pm10,167.0,µg/m³,2025-02-19 01:15:00+00:00
17,12234786,pm10,167.0,µg/m³,2025-02-19 01:30:00+00:00
17,12234786,pm10,167.0,µg/m³,2025-02-19 01:45:00+00:00
17,12234786,pm10,182.0,µg/m³,2025-02-19 02:15:00+00:00
17,12234786,pm10,182.0,µg/m³,2025-02-19 02:30:00+00:00
17,12234786,pm10,182.0,µg/m³,2025-02-19 02:45:00+00:00
17,12234786,pm10,238.0,µg/m³,2025-02-19 03:15:00+00:00
17,12234786,pm10,238.0,µg/m³,2025-02-19 03:30:00+00:00
17,12234786,pm10,238.0,µg/m³,2025-02-19 03:45:00+00:00
17,12234786,pm10,197.0,µg/m³,2025-02-19 04:15:00+00:00
17,12234786,pm10,197.0,µg/m³,2025-02-19 04:30:00+00:00
17,12234786,pm10,197.0,µg/m³,2025-02-19 04:45:00+00:00
17,12234786,pm10,147.0,µg/m³,2025-02-19 05:15:00+00:00
17,12234786,pm10,147.0,µg/m³,2025-02-19 05:30:00+00:00
17,12234786,pm10,147.0,µg/m³,2025-02-19 05:45:00+00:00
17,12234786,pm10,161.0,µg/m³,2025-02-19 06:15:00+00:00
17,12234786,pm10,161.0,µg/m³,2025-02-19 06:30:00+00:00
17,12234786,pm10,161.0,µg/m³,2025-02-19 06:45:00+00:00
17,12234786,pm10,145.0,µg/m³,2025-02-19 07:15:00+00:00
17,12234786,pm10,145.0,µg/m³,2025-02-19 07:30:00+00:00
17,12234786,pm10,145.0,µg/m³,2025-02-19 07:45:00+00:00
17,12234786,pm10,140.0,µg/m³,2025-02-19 08:15:00+00:00
17,12234786,pm10,140.0,µg/m³,2025-02-19 08:30:00+00:00
17,12234786,pm10,140.0,µg/m³,2025-02-19 08:45:00+00:00
17,12234786,pm10,116.0,µg/m³,2025-02-19 09:15:00+00:00
17,12234786,pm10,116.0,µg/m³,2025-02-19 09:30:00+00:00
17,12234786,pm10,116.0,µg/m³,2025-02-19 09:45:00+00:00
17,12234786,pm10,89.0,µg/m³,2025-02-19 10:15:00+00:00
17,12234786,pm10,89.0,µg/m³,2025-02-19 10:30:00+00:00
17,12234786,pm10,89.0,µg/m³,2025-02-19 10:45:00+00:00
17,12234786,pm10,85.0,µg/m³,2025-02-19 11:15:00+00:00
17,12234786,pm10,85.0,µg/m³,2025-02-19 11:30:00+00:00
17,12234786,pm10,85.0,µg/m³,2025-02-19 11:45:00+00:00
17,12234786,pm10,117.0,µg/m³,2025-02-19 12:15:00+00:00
17,12234786,pm10,117.0,µg/m³,2025-02-19 12:45:00+00:00
17,12234786,pm10,245.0,µg/m³,2025-02-19 13:15:00+00:00
17,12234786,pm10,245.0,µg/m³,2025-02-19 13:30:00+00:00
17,12234786,pm10,245.0,µg/m³,2025-02-19 13:45:00+00:00
17,12234786,pm10,246.0,µg/m³,2025-02-19 14:15:00+00:00
17,12234786,pm10,246.0,µg/m³,2025-02-19 14:30:00+00:00
17,12234786,pm10,246.0,µg/m³,2025-02-19 14:45:00+00:00
17,12234786,pm10,245.0,µg/m³,2025-02-19 15:15:00+00:00
17,12234786,pm10,245.0,µg/m³,2025-02-19 15:30:00+00:00
17,12234786,pm10,245.0,µg/m³,2025-02-19 15:45:00+00:00
17,12234786,pm10,313.0,µg/m³,2025-02-19 16:15:00+00:00
17,12234786,pm10,313.0,µg/m³,2025-02-19 16:30:00+00:00
17,12234786,pm10,313.0,µg/m³,2025-02-19 16:45:00+00:00
17,12234786,pm10,227.0,µg/m³,2025-02-19 17:15:00+00:00
17,12234786,pm10,227.0,µg/m³,2025-02-19 17:30:00+00:00
17,12234786,pm10,227.0,µg/m³,2025-02-19 17:45:00+00:00
17,12234786,pm10,167.0,µg/m³,2025-02-19 19:15:00+00:00
17,12234786,pm10,167.0,µg/m³,2025-02-19 19:30:00+00:00
17,12234786,pm10,167.0,µg/m³,2025-02-19 19:45:00+00:00
17,12234786,pm10,177.0,µg/m³,2025-02-19 20:15:00+00:00
17,12234786,pm10,177.0,µg/m³,2025-02-19 20:30:00+00:00
17,12234786,pm10,177.0,µg/m³,2025-02-19 20:45:00+00:00
17,12234786,pm10,128.0,µg/m³,2025-02-19 21:15:00+00:00
17,12234786,pm10,128.0,µg/m³,2025-02-19 21:30:00+00:00
17,12234786,pm10,128.0,µg/m³,2025-02-19 21:45:00+00:00
17,12234786,pm10,105.0,µg/m³,2025-02-19 22:15:00+00:00
17,12234786,pm10,105.0,µg/m³,2025-02-19 22:30:00+00:00
17,12234786,pm10,105.0,µg/m³,2025-02-19 22:45:00+00:00
17,12234786,pm10,59.0,µg/m³,2025-02-19 23:15:00+00:00
17,12234786,pm10,59.0,µg/m³,2025-02-19 23:30:00+00:00
17,12234786,pm10,59.0,µg/m³,2025-02-19 23:45:00+00:00
17,12234786,pm10,58.0,µg/m³,2025-02-20 00:15:00+00:00
17,12234786,pm10,58.0,µg/m³,2025-02-20 00:30:00+00:00
17,12234786,pm10,58.0,µg/m³,2025-02-20 00:45:00+00:00
17,12234786,pm10,59.0,µg/m³,2025-02-20 01:15:00+00:00
17,12234786,pm10,59.0,µg/m³,2025-02-20 01:30:00+00:00
17,12234786,pm10,59.0,µg/m³,2025-02-20 01:45:00+00:00
17,12234786,pm10,52.0,µg/m³,2025-02-20 02:15:00+00:00
17,12234786,pm10,52.0,µg/m³,2025-02-20 02:30:00+00:00
17,12234786,pm10,52.0,µg/m³,2025-02-20 02:45:00+00:00
17,12234786,pm10,113.0,µg/m³,2025-02-20 03:15:00+00:00
17,12234786,pm10,113.0,µg/m³,2025-02-20 03:30:00+00:00
17,12234786,pm10,113.0,µg/m³,2025-02-20 03:45:00+00:00
17,12234786,pm10,147.0,µg/m³,2025-02-20 04:15:00+00:00
17,12234786,pm10,147.0,µg/m³,2025-02-20 04:30:00+00:00
17,12234786,pm10,147.0,µg/m³,2025-02-20 04:45:00+00:00
17,12234786,pm10,95.0,µg/m³,2025-02-20 05:15:00+00:00
17,12234786,pm10,95.0,µg/m³,2025-02-20 05:30:00+00:00
17,12234786,pm10,95.0,µg/m³,2025-02-20 05:45:00+00:00
17,12234786,pm10,112.0,µg/m³,2025-02-20 06:15:00+00:00
17,12234786,pm10,112.0,µg/m³,2025-02-20 06:30:00+00:00
17,12234787,pm25,123.0,µg/m³,2025-02-18 20:00:00+00:00
17,12234787,pm25,97.0,µg/m³,2025-02-18 20:15:00+00:00
17,12234787,pm25,97.0,µg/m³,2025-02-18 20:30:00+00:00
17,12234787,pm25,97.0,µg/m³,2025-02-18 20:45:00+00:00
17,12234787,pm25,97.0,µg/m³,2025-02-18 21:00:00+00:00
17,12234787,pm25,88.0,µg/m³,2025-02-18 21:15:00+00:00
17,12234787,pm25,88.0,µg/m³,2025-02-18 21:30:00+00:00
17,12234787,pm25,88.0,µg/m³,2025-02-18 21:45:00+00:00
17,12234787,pm25,88.0,µg/m³,2025-02-18 22:00:00+00:00
17,12234787,pm25,114.0,µg/m³,2025-02-18 22:15:00+00:00
17,12234787,pm25,114.0,µg/m³,2025-02-18 22:30:00+00:00
17,12234787,pm25,114.0,µg/m³,2025-02-18 22:45:00+00:00
17,12234787,pm25,114.0,µg/m³,2025-02-18 23:00:00+00:00
17,12234787,pm25,67.0,µg/m³,2025-02-18 23:15:00+00:00
17,12234787,pm25,67.0,µg/m³,2025-02-18 23:30:00+00:00
17,12234787,pm25,67.0,µg/m³,2025-02-18 23:45:00+00:00
17,12234787,pm25,67.0,µg/m³,2025-02-19 00:00:00+00:00
17,12234787,pm25,95.0,µg/m³,2025-02-19 00:15:00+00:00
17,12234787,pm25,95.0,µg/m³,2025-02-19 00:30:00+00:00
17,12234787,pm25,95.0,µg/m³,2025-02-19 00:45:00+00:00
17,12234787,pm25,95.0,µg/m³,2025-02-19 01:00:00+00:00
17,12234787,pm25,106.0,µg/m³,2025-02-19 01:15:00+00:00
17,12234787,pm25,106.0,µg/m³,2025-02-19 01:30:00+00:00
17,12234787,pm25,106.0,µg/m³,2025-02-19 01:45:00+00:00
17,12234787,pm25,106.0,µg/m³,2025-02-19 02:00:00+00:00
17,12234787,pm25,95.0,µg/m³,2025-02-19 02:15:00+00:00
17,12234787,pm25,95.0,µg/m³,2025-02-19 02:30:00+00:00
17,12234787,pm25,95.0,µg/m³,2025-02-19 02:45:00+00:00
17,12234787,pm25,95.0,µg/m³,2025-02-19 03:00:00+00:00
17,12234787,pm25,105.0,µg/m³,2025-02-19 03:15:00+00:00
17,12234787,pm25,105.0,µg/m³,2025-02-19 03:30:00+00:00
17,12234787,pm25,105.0,µg/m³,2025-02-19 03:45:00+00:00
17,12234787,pm25,105.0,µg/m³,2025-02-19 04:00:00+00:00
17,12234787,pm25,84.0,µg/m³,2025-02-19 04:15:00+00:00
17,12234787,pm25,84.0,µg/m³,2025-02-19 04:30:00+00:00
17,12234787,pm25,84.0,µg/m³,2025-02-19 04:45:00+00:00
17,12234787,pm25,84.0,µg/m³,2025-02-19 05:00:00+00:00
17,12234787,pm25,70.0,µg/m³,2025-02-19 05:15:00+00:00
17,12234787,pm25,70.0,µg/m³,2025-02-19 05:30:00+00:00
17,12234787,pm25,70.0,µg/m³,2025-02-19 05:45:00+00:00
17,12234787,pm25,70.0,µg/m³,2025-02-19 06:00:00+00:00
17,12234787,pm25,68.0,µg/m³,2025-02-19 06:15:00+00:00
17,12234787,pm25,68.0,µg/m³,2025-02-19 06:30:00+00:00
17,12234787,pm25,68.0,µg/m³,2025-02-19 06:45:00+00:00
17,12234787,pm25,68.0,µg/m³,2025-02-19 07:00:00+00:00
17,12234787,pm25,59.0,µg/m³,2025-02-19 07:15:00+00:00
17,12234787,pm25,59.0,µg/m³,2025-02-19 07:30:00+00:00
17,12234787,pm25,59.0,µg/m³,2025-02-19 07:45:00+00:00
17,12234787,pm25,59.0,µg/m³,2025-02-19 08:00:00+00:00
17,12234787,pm25,59.0,µg/m³,2025-02-19 08:15:00+00:00
17,12234787,pm25,59.0,µg/m³,2025-02-19 08:30:00+00:00
17,12234787,pm25,59.0,µg/m³,2025-02-19 08:45:00+00:00
17,12234787,pm25,59.0,µg/m³,2025-02-19 09:00:00+00:00
17,12234787,pm25,46.0,µg/m³,2025-02-19 09:15:00+00:00
17,12234787,pm25,46.0,µg/m³,2025-02-19 09:30:00+00:00
17,12234787,pm25,46.0,µg/m³,2025-02-19 09:45:00+00:00
17,12234787,pm25,46.0,µg/m³,2025-02-19 10:00:00+00:00
17,12234787,pm25,40.0,µg/m³,2025-02-19 10:15:00+00:00
17,12234787,pm25,40.0,µg/m³,2025-02-19 10:30:00+00:00
17,12234787,pm25,40.0,µg/m³,2025-02-19 10:45:00+00:00
17,12234787,pm25,40.0,µg/m³,2025-02-19 11:00:00+00:00
17,12234787,pm25,29.0,µg/m³,2025-02-19 11:15:00+00:00
17,12234787,pm25,29.0,µg/m³,2025-02-19 11:30:00+00:00
17,12234787,pm25,29.0,µg/m³,2025-02-19 11:45:00+00:00
17,12234787,pm25,29.0,µg/m³,2025-02-19 12:00:00+00:00
17,12234787,pm25,40.0,µg/m³,2025-02-19 12:15:00+00:00
17,12234787,pm25,40.0,µg/m³,2025-02-19 12:45:00+00:00
17,12234787,pm25,40.0,µg/m³,2025-02-19 13:00:00+00:00
17,12234787,pm25,61.0,µg/m³,2025-02-19 13:15:00+00:00
17,12234787,pm25,61.0,µg/m³,2025-02-19 13:30:00+00:00
17,12234787,pm25,61.0,µg/m³,2025-02-19 13:45:00+00:00
17,12234787,pm25,61.0,µg/m³,2025-02-19 14:00:00+00:00
17,12234787,pm25,86.0,µg/m³,2025-02-19 14:15:00+00:00
17,12234787,pm25,86.0,µg/m³,2025-02-19 14:30:00+00:00
17,12234787,pm25,86.0,µg/m³,2025-02-19 14:45:00+00:00
17,12234787,pm25,86.0,µg/m³,2025-02-19 15:00:00+00:00
17,12234787,pm25,99.0,µg/m³,2025-02-19 15:15:00+00:00
17,12234787,pm25,99.0,µg/m³,2025-02-19 15:30:00+00:00
17,12234787,pm25,99.0,µg/m³,2025-02-19 15:45:00+00:00
17,12234787,pm25,99.0,µg/m³,2025-02-19 16:00:00+00:00
17,12234787,pm25,106.0,µg/m³,2025-02-19 16:15:00+00:00
17,12234787,pm25,106.0,µg/m³,2025-02-19 16:30:00+00:00
17,12234787,pm25,106.0,µg/m³,2025-02-19 16:45:00+00:00
17,12234787,pm25,106.0,µg/m³,2025-02-19 17:00:00+00:00
17,12234787,pm25,75.0,µg/m³,2025-02-19 17:15:00+00:00
17,12234787,pm25,75.0,µg/m³,2025-02-19 17:30:00+00:00
17,12234787,pm25,75.0,µg/m³,2025-02-19 17:45:00+00:00
17,12234787,pm25,75.0,µg/m³,2025-02-19 18:00:00+00:00
17,12234787,pm25,63.0,µg/m³,2025-02-19 19:00:00+00:00
17,12234787,pm25,67.0,µg/m³,2025-02-19 19:15:00+00:00
17,12234787,pm25,67.0,µg/m³,2025-02-19 19:30:00+00:00
17,12234787,pm25,67.0,µg/m³,2025-02-19 19:45:00+00:00
17,12234787,pm25,67.0,µg/m³,2025-02-19 20:00:00+00:00
17,12234787,pm25,55.0,µg/m³,2025-02-19 20:15:00+00:00
17,12234787,pm25,55.0,µg/m³,2025-02-19 20:30:00+00:00
17,12234787,pm25,55.0,µg/m³,2025-02-19 20:45:00+00:00
17,12234787,pm25,55.0,µg/m³,2025-02-19 21:00:00+00:00
17,12234787,pm25,57.0,µg/m³,2025-02-19 21:15:00+00:00
17,12234787,pm25,57.0,µg/m³,2025-02-19 21:30:00+00:00
17,12234787,pm25,57.0,µg/m³,2025-02-19 21:45:00+00:00
17,12234788,relativehumidity,85.0,%,2025-02-18 20:00:00+00:00
17,12234788,relativehumidity,85.0,%,2025-02-18 20:15:00+00:00
17,12234788,relativehumidity,85.0,%,2025-02-18 20:30:00+00:00
17,12234788,relativehumidity,85.0,%,2025-02-18 20:45:00+00:00
17,12234788,relativehumidity,85.0,%,2025-02-18 21:00:00+00:00
17,12234788,relativehumidity,85.0,%,2025-02-18 21:15:00+00:00
17,12234788,relativehumidity,85.0,%,2025-02-18 21:30:00+00:00
17,12234788,relativehumidity,84.0,%,2025-02-18 21:45:00+00:00
17,12234788,relativehumidity,83.0,%,2025-02-18 22:00:00+00:00
17,12234788,relativehumidity,84.0,%,2025-02-18 22:15:00+00:00
17,12234788,relativehumidity,84.0,%,2025-02-18 22:30:00+00:00
17,12234788,relativehumidity,84.0,%,2025-02-18 22:45:00+00:00
17,12234788,relativehumidity,84.0,%,2025-02-18 23:00:00+00:00
17,12234788,relativehumidity,84.0,%,2025-02-18 23:15:00+00:00
17,12234788,relativehumidity,85.0,%,2025-02-18 23:30:00+00:00
17,12234788,relativehumidity,85.0,%,2025-02-18 23:45:00+00:00
17,12234788,relativehumidity,86.0,%,2025-02-19 00:00:00+00:00
17,12234788,relativehumidity,86.0,%,2025-02-19 00:15:00+00:00
17,12234788,relativehumidity,86.0,%,2025-02-19 00:30:00+00:00
17,12234788,relativehumidity,86.0,%,2025-02-19 00:45:00+00:00
17,12234788,relativehumidity,86.0,%,2025-02-19 01:00:00+00:00
17,12234788,relativehumidity,87.0,%,2025-02-19 01:15:00+00:00
17,12234788,relativehumidity,87.0,%,2025-02-19 01:30:00+00:00
17,12234788,relativehumidity,86.0,%,2025-02-19 01:45:00+00:00
17,12234788,relativehumidity,86.0,%,2025-02-19 02:00:00+00:00
17,12234788,relativehumidity,84.0,%,2025-02-19 02:15:00+00:00
17,12234788,relativehumidity,80.0,%,2025-02-19 02:30:00+00:00
17,12234788,relativehumidity,75.0,%,2025-02-19 02:45:00+00:00
17,12234788,relativehumidity,70.0,%,2025-02-19 03:00:00+00:00
17,12234788,relativehumidity,65.0,%,2025-02-19 03:15:00+00:00
17,12234788,relativehumidity,63.0,%,2025-02-19 03:30:00+00:00
17,12234788,relativehumidity,60.0,%,2025-02-19 03:45:00+00:00
17,12234788,relativehumidity,58.0,%,2025-02-19 04:00:00+00:00
17,12234788,relativehumidity,54.0,%,2025-02-19 04:15:00+00:00
17,12234788,relativehumidity,51.0,%,2025-02-19 04:30:00+00:00
17,12234788,relativehumidity,49.0,%,2025-02-19 04:45:00+00:00
17,12234788,relativehumidity,48.0,%,2025-02-19 05:00:00+00:00
17,12234788,relativehumidity,46.0,%,2025-02-19 05:15:00+00:00
17,12234788,relativehumidity,44.0,%,2025-02-19 05:30:00+00:00
17,12234788,relativehumidity,44.0,%,2025-02-19 05:45:00+00:00
17,12234788,relativehumidity,42.0,%,2025-02-19 06:00:00+00:00
17,12234788,relativehumidity,41.0,%,2025-02-19 06:15:00+00:00
17,12234788,relativehumidity,41.0,%,2025-02-19 06:30:00+00:00
17,12234788,relativehumidity,40.0,%,2025-02-19 06:45:00+00:00
17,12234788,relativehumidity,39.0,%,2025-02-19 07:00:00+00:00
17,12234788,relativehumidity,37.0,%,2025-02-19 07:15:00+00:00
17,12234788,relativehumidity,38.0,%,2025-02-19 07:30:00+00:00
17,12234788,relativehumidity,38.0,%,2025-02-19 07:45:00+00:00
17,12234788,relativehumidity,38.0,%,2025-02-19 08:00:00+00:00
17,12234788,relativehumidity,38.0,%,2025-02-19 08:15:00+00:00
17,12234788,relativehumidity,37.0,%,2025-02-19 08:30:00+00:00
17,12234788,relativehumidity,37.0,%,2025-02-19 08:45:00+00:00
17,12234788,relativehumidity,36.0,%,2025-02-19 09:00:00+00:00
17,12234788,relativehumidity,36.0,%,2025-02-19 09:15:00+00:00
17,12234788,relativehumidity,36.0,%,2025-02-19 09:30:00+00:00
17,12234788,relativehumidity,36.0,%,2025-02-19 09:45:00+00:00
17,12234788,relativehumidity,36.0,%,2025-02-19 10:00:00+00:00
17,12234788,relativehumidity,36.0,%,2025-02-19 10:15:00+00:00
17,12234788,relativehumidity,35.0,%,2025-02-19 10:30:00+00:00
17,12234788,relativehumidity,34.0,%,2025-02-19 10:45:00+00:00
17,12234788,relativehumidity,35.0,%,2025-02-19 11:00:00+00:00
17,12234788,relativehumidity,38.0,%,2025-02-19 11:15:00+00:00
17,12234788,relativehumidity,38.0,%,2025-02-19 11:30:00+00:00
17,12234788,relativehumidity,41.0,%,2025-02-19 11:45:00+00:00
17,12234788,relativehumidity,43.0,%,2025-02-19 12:00:00+00:00
17,12234788,relativehumidity,48.0,%,2025-02-19 12:15:00+00:00
17,12234788,relativehumidity,56.0,%,2025-02-19 12:45:00+00:00
17,12234788,relativehumidity,57.0,%,2025-02-19 13:00:00+00:00
17,12234788,relativehumidity,55.0,%,2025-02-19 13:15:00+00:00
17,12234788,relativehumidity,53.0,%,2025-02-19 13:30:00+00:00
17,12234788,relativehumidity,53.0,%,2025-02-19 13:45:00+00:00
17,12234788,relativehumidity,52.0,%,2025-02-19 14:00:00+00:00
17,12234788,relativehumidity,55.0,%,2025-02-19 14:15:00+00:00
17,12234788,relativehumidity,55.0,%,2025-02-19 14:30:00+00:00
17,12234788,relativehumidity,55.0,%,2025-02-19 14:45:00+00:00
17,12234788,relativehumidity,57.0,%,2025-02-19 15:00:00+00:00
17,12234788,relativehumidity,60.0,%,2025-02-19 15:15:00+00:00
17,12234788,relativehumidity,63.0,%,2025-02-19 15:30:00+00:00
17,12234788,relativehumidity,58.0,%,2025-02-19 15:45:00+00:00
17,12234788,relativehumidity,55.0,%,2025-02-19 16:00:00+00:00
17,12234788,relativehumidity,55.0,%,2025-02-19 16:15:00+00:00
17,12234788,relativehumidity,59.0,%,2025-02-19 16:30:00+00:00
17,12234788,relativehumidity,61.0,%,2025-02-19 16:45:00+00:00
17,12234788,relativehumidity,63.0,%,2025-02-19 17:00:00+00:00
17,12234788,relativehumidity,62.0,%,2025-02-19 17:15:00+00:00
17,12234788,relativehumidity,64.0,%,2025-02-19 17:30:00+00:00
17,12234788,relativehumidity,64.0,%,2025-02-19 17:45:00+00:00
17,12234788,relativehumidity,63.0,%,2025-02-19 18:00:00+00:00
17,12234788,relativehumidity,71.0,%,2025-02-19 19:00:00+00:00
17,12234788,relativehumidity,72.0,%,2025-02-19 19:15:00+00:00
17,12234788,relativehumidity,73.0,%,2025-02-19 19:30:00+00:00
17,12234788,relativehumidity,75.0,%,2025-02-19 19:45:00+00:00
17,12234788,relativehumidity,74.0,%,2025-02-19 20:00:00+00:00
17,12234788,relativehumidity,75.0,%,2025-02-19 20:15:00+00:00
17,12234788,relativehumidity,79.0,%,2025-02-19 20:30:00+00:00
17,12234788,relativehumidity,82.0,%,2025-02-19 20:45:00+00:00
17,12234788,relativehumidity,84.0,%,2025-02-19 21:00:00+00:00
17,12234788,relativehumidity,84.0,%,2025-02-19 21:15:00+00:00
17,12234788,relativehumidity,84.0,%,2025-02-19 21:30:00+00:00
17,12234788,relativehumidity,84.0,%,2025-02-19 21:45:00+00:00
17,12234789,so2,37.5,ppb,2025-02-18 20:00:00+00:00
17,12234789,so2,37.8,ppb,2025-02-18 20:15:00+00:00
17,12234789,so2,31.0,ppb,2025-02-18 21:00:00+00:00
17,12234789,so2,32.1,ppb,2025-02-18 21:15:00+00:00
17,12234789,so2,31.9,ppb,2025-02-18 21:30:00+00:00
17,12234789,so2,31.2,ppb,2025-02-18 21:45:00+00:00
17,12234789,so2,32.0,ppb,2025-02-18 22:00:00+00:00
17,12234789,so2,33.6,ppb,2025-02-18 22:15:00+00:00
17,12234789,so2,31.9,ppb,2025-02-18 22:30:00+00:00
17,12234789,so2,29.9,ppb,2025-02-18 22:45:00+00:00
17,12234789,so2,28.2,ppb,2025-02-18 23:00:00+00:00
17,12234789,so2,27.8,ppb,2025-02-18 23:15:00+00:00
17,12234789,so2,29.2,ppb,2025-02-18 23:30:00+00:00
17,12234789,so2,29.9,ppb,2025-02-18 23:45:00+00:00
17,12234789,so2,30.8,ppb,2025-02-19 00:00:00+00:00
17,12234789,so2,29.6,ppb,2025-02-19 00:15:00+00:00
17,12234789,so2,30.3,ppb,2025-02-19 00:30:00+00:00
17,12234789,so2,31.4,ppb,2025-02-19 00:45:00+00:00
17,12234789,so2,31.5,ppb,2025-02-19 01:00:00+00:00
17,12234789,so2,32.2,ppb,2025-02-19 01:15:00+00:00
17,12234789,so2,31.4,ppb,2025-02-19 01:30:00+00:00
17,12234789,so2,33.0,ppb,2025-02-19 01:45:00+00:00
17,12234789,so2,32.9,ppb,2025-02-19 02:00:00+00:00
17,12234789,so2,32.1,ppb,2025-02-19 02:15:00+00:00
17,12234789,so2,32.5,ppb,2025-02-19 02:30:00+00:00
17,12234789,so2,34.5,ppb,2025-02-19 02:45:00+00:00
17,12234789,so2,31.8,ppb,2025-02-19 03:00:00+00:00
17,12234789,so2,32.1,ppb,2025-02-19 03:15:00+00:00
17,12234789,so2,31.0,ppb,2025-02-19 03:30:00+00:00
17,12234789,so2,31.9,ppb,2025-02-19 03:45:00+00:00
17,12234789,so2,34.5,ppb,2025-02-19 04:00:00+00:00
17,12234789,so2,37.3,ppb,2025-02-19 04:15:00+00:00
17,12234789,so2,36.7,ppb,2025-02-19 04:30:00+00:00
17,12234789,so2,35.5,ppb,2025-02-19 04:45:00+00:00
17,12234789,so2,34.0,ppb,2025-02-19 05:00:00+00:00
17,12234789,so2,33.4,ppb,2025-02-19 05:15:00+00:00
17,12234789,so2,34.0,ppb,2025-02-19 05:30:00+00:00
17,12234789,so2,34.3,ppb,2025-02-19 05:45:00+00:00
17,12234789,so2,32.3,ppb,2025-02-19 06:00:00+00:00
17,12234789,so2,33.7,ppb,2025-02-19 06:15:00+00:00
17,12234789,so2,32.6,ppb,2025-02-19 06:30:00+00:00
17,12234789,so2,31.3,ppb,2025-02-19 06:45:00+00:00
17,12234789,so2,31.3,ppb,2025-02-19 07:00:00+00:00
17,12234789,so2,31.9,ppb,2025-02-19 07:15:00+00:00
17,12234789,so2,31.2,ppb,2025-02-19 07:30:00+00:00
17,12234789,so2,30.1,ppb,2025-02-19 07:45:00+00:00
17,12234789,so2,30.2,ppb,2025-02-19 08:00:00+00:00
17,12234789,so2,29.8,ppb,2025-02-19 08:15:00+00:00
17,12234789,so2,28.8,ppb,2025-02-19 08:30:00+00:00
17,12234789,so2,29.1,ppb,2025-02-19 08:45:00+00:00
17,12234789,so2,28.3,ppb,2025-02-19 09:00:00+00:00
17,12234789,so2,26.1,ppb,2025-02-19 09:15:00+00:00
17,12234789,so2,26.2,ppb,2025-02-19 09:30:00+00:00
17,12234789,so2,26.2,ppb,2025-02-19 09:45:00+00:00
17,12234789,so2,27.1,ppb,2025-02-19 10:00:00+00:00
17,12234789,so2,26.2,ppb,2025-02-19 10:15:00+00:00
17,12234789,so2,24.8,ppb,2025-02-19 10:30:00+00:00
17,12234789,so2,23.0,ppb,2025-02-19 10:45:00+00:00
17,12234789,so2,22.3,ppb,2025-02-19 11:00:00+00:00
17,12234789,so2,21.7,ppb,2025-02-19 11:15:00+00:00
17,12234789,so2,21.6,ppb,2025-02-19 11:30:00+00:00
17,12234789,so2,21.6,ppb,2025-02-19 11:45:00+00:00
17,12234789,so2,23.3,ppb,2025-02-19 12:00:00+00:00
17,12234789,so2,25.6,ppb,2025-02-19 12:15:00+00:00
17,12234789,so2,27.3,ppb,2025-02-19 12:45:00+00:00
17,12234789,so2,28.7,ppb,2025-02-19 13:00:00+00:00
17,12234789,so2,32.0,ppb,2025-02-19 13:15:00+00:00
17,12234789,so2,32.2,ppb,2025-02-19 13:30:00+00:00
17,12234789,so2,32.9,ppb,2025-02-19 13:45:00+00:00
17,12234789,so2,35.5,ppb,2025-02-19 14:00:00+00:00
17,12234789,so2,35.7,ppb,2025-02-19 14:15:00+00:00
17,12234789,so2,37.6,ppb,2025-02-19 14:30:00+00:00
17,12234789,so2,36.7,ppb,2025-02-19 14:45:00+00:00
17,12234789,so2,36.8,ppb,2025-02-19 15:00:00+00:00
17,12234789,so2,37.0,ppb,2025-02-19 15:15:00+00:00
17,12234789,so2,39.3,ppb,2025-02-19 15:30:00+00:00
17,12234789,so2,41.5,ppb,2025-02-19 15:45:00+00:00
17,12234789,so2,40.5,ppb,2025-02-19 16:00:00+00:00
17,12234789,so2,39.7,ppb,2025-02-19 16:15:00+00:00
17,12234789,so2,38.8,ppb,2025-02-19 16:30:00+00:00
17,12234789,so2,36.3,ppb,2025-02-19 16:45:00+00:00
17,12234789,so2,34.0,ppb,2025-02-19 17:00:00+00:00
17,12234789,so2,34.1,ppb,2025-02-19 17:15:00+00:00
17,12234789,so2,33.9,ppb,2025-02-19 17:30:00+00:00
17,12234789,so2,32.2,ppb,2025-02-19 17:45:00+00:00
17,12234789,so2,32.5,ppb,2025-02-19 18:00:00+00:00
17,12234789,so2,29.6,ppb,2025-02-19 19:00:00+00:00
17,12234789,so2,29.7,ppb,2025-02-19 19:15:00+00:00
17,12234789,so2,29.4,ppb,2025-02-19 19:30:00+00:00
17,12234789,so2,29.7,ppb,2025-02-19 19:45:00+00:00
17,12234789,so2,30.1,ppb,2025-02-19 20:00:00+00:00
17,12234789,so2,30.4,ppb,2025-02-19 20:15:00+00:00
17,12234789,so2,29.9,ppb,2025-02-19 21:00:00+00:00
17,12234789,so2,29.7,ppb,2025-02-19 21:15:00+00:00
17,12234789,so2,28.2,ppb,2025-02-19 21:30:00+00:00
17,12234789,so2,27.6,ppb,2025-02-19 21:45:00+00:00
17,12234789,so2,26.6,ppb,2025-02-19 22:00:00+00:00
17,12234789,so2,24.1,ppb,2025-02-19 22:15:00+00:00
17,12234789,so2,24.2,ppb,2025-02-19 22:30:00+00:00
17,12234789,so2,25.1,ppb,2025-02-19 22:45:00+00:00
17,12234790,temperature,16.1,c,2025-02-18 20:00:00+00:00
17,12234790,temperature,16.1,c,2025-02-18 20:15:00+00:00
17,12234790,temperature,16.0,c,2025-02-18 20:30:00+00:00
17,12234790,temperature,16.0,c,2025-02-18 20:45:00+00:00
17,12234790,temperature,16.0,c,2025-02-18 21:00:00+00:00
17,12234790,temperature,15.9,c,2025-02-18 21:15:00+00:00
17,12234790,temperature,16.2,c,2025-02-18 21:30:00+00:00
17,12234790,temperature,16.5,c,2025-02-18 21:45:00+00:00
17,12234790,temperature,16.1,c,2025-02-18 22:00:00+00:00
17,12234790,temperature,15.9,c,2025-02-18 22:15:00+00:00
17,12234790,temperature,15.9,c,2025-02-18 22:30:00+00:00
17,12234790,temperature,15.8,c,2025-02-18 22:45:00+00:00
17,12234790,temperature,15.8,c,2025-02-18 23:00:00+00:00
17,12234790,temperature,15.6,c,2025-02-18 23:15:00+00:00
17,12234790,temperature,15.4,c,2025-02-18 23:30:00+00:00
17,12234790,temperature,15.3,c,2025-02-18 23:45:00+00:00
17,12234790,temperature,15.3,c,2025-02-19 00:00:00+00:00
17,12234790,temperature,15.1,c,2025-02-19 00:15:00+00:00
17,12234790,temperature,14.9,c,2025-02-19 00:30:00+00:00
17,12234790,temperature,14.9,c,2025-02-19 00:45:00+00:00
17,12234790,temperature,14.8,c,2025-02-19 01:00:00+00:00
17,12234790,temperature,14.7,c,2025-02-19 01:15:00+00:00
17,12234790,temperature,15.1,c,2025-02-19 01:30:00+00:00
17,12234790,temperature,15.3,c,2025-02-19 01:45:00+00:00
17,12234790,temperature,15.9,c,2025-02-19 02:00:00+00:00
17,12234790,temperature,16.8,c,2025-02-19 02:15:00+00:00
17,12234790,temperature,17.9,c,2025-02-19 02:30:00+00:00
17,12234790,temperature,19.1,c,2025-02-19 02:45:00+00:00
17,12234790,temperature,20.6,c,2025-02-19 03:00:00+00:00
17,12234790,temperature,21.2,c,2025-02-19 03:15:00+00:00
17,12234790,temperature,21.8,c,2025-02-19 03:30:00+00:00
17,12234790,temperature,22.8,c,2025-02-19 03:45:00+00:00
17,12234790,temperature,23.3,c,2025-02-19 04:00:00+00:00
17,12234790,temperature,24.6,c,2025-02-19 04:15:00+00:00
17,12234790,temperature,25.5,c,2025-02-19 04:30:00+00:00
17,12234790,temperature,26.0,c,2025-02-19 04:45:00+00:00
17,12234790,temperature,26.5,c,2025-02-19 05:00:00+00:00
17,12234790,temperature,27.5,c,2025-02-19 05:15:00+00:00
17,12234790,temperature,28.1,c,2025-02-19 05:30:00+00:00
17,12234790,temperature,28.4,c,2025-02-19 05:45:00+00:00
17,12234790,temperature,29.3,c,2025-02-19 06:00:00+00:00
17,12234790,temperature,28.9,c,2025-02-19 06:15:00+00:00
17,12234790,temperature,29.2,c,2025-02-19 06:30:00+00:00
17,12234790,temperature,30.0,c,2025-02-19 06:45:00+00:00
17,12234790,temperature,29.8,c,2025-02-19 07:00:00+00:00
17,12234790,temperature,30.8,c,2025-02-19 07:15:00+00:00
17,12234790,temperature,30.3,c,2025-02-19 07:30:00+00:00
17,12234790,temperature,30.0,c,2025-02-19 07:45:00+00:00
17,12234790,temperature,30.2,c,2025-02-19 08:00:00+00:00
17,12234790,temperature,30.4,c,2025-02-19 08:15:00+00:00
17,12234790,temperature,31.4,c,2025-02-19 08:30:00+00:00
17,12234790,temperature,31.4,c,2025-02-19 08:45:00+00:00
17,12234790,temperature,31.5,c,2025-02-19 09:00:00+00:00
17,12234790,temperature,31.2,c,2025-02-19 09:15:00+00:00
17,12234790,temperature,31.1,c,2025-02-19 09:30:00+00:00
17,12234790,temperature,31.0,c,2025-02-19 09:45:00+00:00
17,12234790,temperature,30.7,c,2025-02-19 10:00:00+00:00
17,12234790,temperature,31.0,c,2025-02-19 10:15:00+00:00
17,12234790,temperature,30.5,c,2025-02-19 10:30:00+00:00
17,12234790,temperature,29.7,c,2025-02-19 10:45:00+00:00
17,12234790,temperature,29.4,c,2025-02-19 11:00:00+00:00
17,12234790,temperature,28.5,c,2025-02-19 11:15:00+00:00
17,12234790,temperature,28.7,c,2025-02-19 11:30:00+00:00
17,12234790,temperature,28.4,c,2025-02-19 11:45:00+00:00
17,12234790,temperature,27.6,c,2025-02-19 12:00:00+00:00
17,12234790,temperature,26.1,c,2025-02-19 12:15:00+00:00
17,12234790,temperature,24.1,c,2025-02-19 12:45:00+00:00
17,12234790,temperature,23.6,c,2025-02-19 13:00:00+00:00
17,12234790,temperature,23.8,c,2025-02-19 13:15:00+00:00
17,12234790,temperature,24.0,c,2025-02-19 13:30:00+00:00
17,12234790,temperature,23.8,c,2025-02-19 13:45:00+00:00
17,12234790,temperature,23.7,c,2025-02-19 14:00:00+00:00
17,12234790,temperature,23.3,c,2025-02-19 14:15:00+00:00
17,12234790,temperature,23.0,c,2025-02-19 14:30:00+00:00
17,12234790,temperature,23.1,c,2025-02-19 14:45:00+00:00
17,12234790,temperature,22.7,c,2025-02-19 15:00:00+00:00
17,12234790,temperature,22.3,c,2025-02-19 15:15:00+00:00
17,12234790,temperature,22.0,c,2025-02-19 15:30:00+00:00
17,12234790,temperature,22.8,c,2025-02-19 15:45:00+00:00
17,12234790,temperature,23.6,c,2025-02-19 16:00:00+00:00
17,12234790,temperature,23.7,c,2025-02-19 16:15:00+00:00
17,12234790,temperature,23.1,c,2025-02-19 16:30:00+00:00
17,12234790,temperature,22.7,c,2025-02-19 16:45:00+00:00
17,12234790,temperature,22.4,c,2025-02-19 17:00:00+00:00
17,12234790,temperature,22.5,c,2025-02-19 17:15:00+00:00
17,12234790,temperature,22.1,c,2025-02-19 17:30:00+00:00
17,12234790,temperature,22.2,c,2025-02-19 17:45:00+00:00
17,12234790,temperature,22.7,c,2025-02-19 18:00:00+00:00
17,12234790,temperature,20.5,c,2025-02-19 19:00:00+00:00
17,12234790,temperature,20.3,c,2025-02-19 19:15:00+00:00
17,12234790,temperature,20.1,c,2025-02-19 19:30:00+00:00
17,12234790,temperature,20.1,c,2025-02-19 19:45:00+00:00
17,12234790,temperature,20.6,c,2025-02-19 20:00:00+00:00
17,12234790,temperature,20.5,c,2025-02-19 20:15:00+00:00
17,12234790,temperature,19.8,c,2025-02-19 20:30:00+00:00
17,12234790,temperature,19.5,c,2025-02-19 20:45:00+00:00
17,12234790,temperature,19.5,c,2025-02-19 21:00:00+00:00
17,12234790,temperature,19.6,c,2025-02-19 21:15:00+00:00
17,12234790,temperature,19.5,c,2025-02-19 21:30:00+00:00
17,12234790,temperature,19.3,c,2025-02-19 21:45:00+00:00
17,14340713,nox,0.09659999999999999,ppb,2025-02-18 20:00:00+00:00
17,14340713,nox,0.0965,ppb,2025-02-18 20:15:00+00:00
17,14340713,nox,0.0905,ppb,2025-02-18 21:00:00+00:00
17,14340713,nox,0.0864,ppb,2025-02-18 21:15:00+00:00
17,14340713,nox,0.0945,ppb,2025-02-18 21:30:00+00:00
17,14340713,nox,0.10490000000000001,ppb,2025-02-18 21:45:00+00:00
17,14340713,nox,0.1095,ppb,2025-02-18 22:00:00+00:00
17,14340713,nox,0.1032,ppb,2025-02-18 22:15:00+00:00
17,14340713,nox,0.0842,ppb,2025-02-18 22:30:00+00:00
17,14340713,nox,0.07759999999999999,ppb,2025-02-18 22:45:00+00:00
17,14340713,nox,0.0696,ppb,2025-02-18 23:00:00+00:00
17,14340713,nox,0.0621,ppb,2025-02-18 23:15:00+00:00
17,14340713,nox,0.0705,ppb,2025-02-18 23:30:00+00:00
17,14340713,nox,0.059,ppb,2025-02-18 23:45:00+00:00
17,14340713,nox,0.058,ppb,2025-02-19 00:00:00+00:00
17,14340713,nox,0.057,ppb,2025-02-19 00:15:00+00:00
17,14340713,nox,0.061200000000000004,ppb,2025-02-19 00:30:00+00:00
17,14340713,nox,0.065,ppb,2025-02-19 00:45:00+00:00
17,14340713,nox,0.07590000000000001,ppb,2025-02-19 01:00:00+00:00
17,14340713,nox,0.0722,ppb,2025-02-19 01:15:00+00:00
17,14340713,nox,0.06459999999999999,ppb,2025-02-19 01:30:00+00:00
17,14340713,nox,0.0768,ppb,2025-02-19 01:45:00+00:00
17,14340713,nox,0.0995,ppb,2025-02-19 02:00:00+00:00
17,14340713,nox,0.09259999999999999,ppb,2025-02-19 02:15:00+00:00
17,14340713,nox,0.077,ppb,2025-02-19 02:30:00+00:00
17,14340713,nox,0.0644,ppb,2025-02-19 02:45:00+00:00
17,14340713,nox,0.0479,ppb,2025-02-19 03:00:00+00:00
17,14340713,nox,0.0476,ppb,2025-02-19 03:15:00+00:00
17,14340713,nox,0.048299999999999996,ppb,2025-02-19 03:30:00+00:00
17,14340713,nox,0.038200000000000005,ppb,2025-02-19 03:45:00+00:00
17,14340713,nox,0.0365,ppb,2025-02-19 04:00:00+00:00
17,14340713,nox,0.0364,ppb,2025-02-19 04:15:00+00:00
17,14340713,nox,0.0342,ppb,2025-02-19 04:30:00+00:00
17,14340713,nox,0.0281,ppb,2025-02-19 04:45:00+00:00
17,14340713,nox,0.022,ppb,2025-02-19 05:00:00+00:00
17,14340713,nox,0.022,ppb,2025-02-19 05:15:00+00:00
17,14340713,nox,0.0165,ppb,2025-02-19 05:30:00+00:00
17,14340713,nox,0.019600000000000003,ppb,2025-02-19 05:45:00+00:00
17,14340713,nox,0.019100000000000002,ppb,2025-02-19 06:00:00+00:00
17,14340713,nox,0.0165,ppb,2025-02-19 06:15:00+00:00
17,14340713,nox,0.0169,ppb,2025-02-19 06:30:00+00:00
17,14340713,nox,0.0182,ppb,2025-02-19 06:45:00+00:00
17,14340713,nox,0.0148,ppb,2025-02-19 07:00:00+00:00
17,14340713,nox,0.011699999999999999,ppb,2025-02-19 07:15:00+00:00
17,14340713,nox,0.0121,ppb,2025-02-19 07:30:00+00:00
17,14340713,nox,0.0125,ppb,2025-02-19 07:45:00+00:00
17,14340713,nox,0.0162,ppb,2025-02-19 08:00:00+00:00
17,14340713,nox,0.0185,ppb,2025-02-19 08:15:00+00:00
17,14340713,nox,0.019100000000000002,ppb,2025-02-19 08:30:00+00:00
17,14340713,nox,0.018600000000000002,ppb,2025-02-19 08:45:00+00:00
17,14340713,nox,0.0152,ppb,2025-02-19 09:00:00+00:00
17,14340713,nox,0.016,ppb,2025-02-19 09:15:00+00:00
17,14340713,nox,0.016,ppb,2025-02-19 09:30:00+00:00
17,14340713,nox,0.0167,ppb,2025-02-19 09:45:00+00:00
17,14340713,nox,0.015099999999999999,ppb,2025-02-19 10:00:00+00:00
17,14340713,nox,0.0166,ppb,2025-02-19 10:15:00+00:00
17,14340713,nox,0.0161,ppb,2025-02-19 10:30:00+00:00
17,14340713,nox,0.015,ppb,2025-02-19 10:45:00+00:00
17,14340713,nox,0.017,ppb,2025-02-19 11:00:00+00:00
17,14340713,nox,0.0176,ppb,2025-02-19 11:15:00+00:00
17,14340713,nox,0.0207,ppb,2025-02-19 11:30:00+00:00
17,14340713,nox,0.0184,ppb,2025-02-19 11:45:00+00:00
17,14340713,nox,0.0324,ppb,2025-02-19 12:00:00+00:00
17,14340713,nox,0.033299999999999996,ppb,2025-02-19 12:15:00+00:00
17,14340713,nox,0.0644,ppb,2025-02-19 12:45:00+00:00
17,14340713,nox,0.0785,ppb,2025-02-19 13:00:00+00:00
17,14340713,nox,0.07479999999999999,ppb,2025-02-19 13:15:00+00:00
17,14340713,nox,0.0727,ppb,2025-02-19 13:30:00+00:00
17,14340713,nox,0.08,ppb,2025-02-19 13:45:00+00:00
17,14340713,nox,0.07440000000000001,ppb,2025-02-19 14:00:00+00:00
17,14340713,nox,0.0746,ppb,2025-02-19 14:15:00+00:00
17,14340713,nox,0.07959999999999999,ppb,2025-02-19 14:30:00+00:00
17,14340713,nox,0.0727,ppb,2025-02-19 14:45:00+00:00
17,14340713,nox,0.0702,ppb,2025-02-19 15:00:00+00:00
17,14340713,nox,0.0824,ppb,2025-02-19 15:15:00+00:00
17,14340713,nox,0.10679999999999999,ppb,2025-02-19 15:30:00+00:00
17,14340713,nox,0.0855,ppb,2025-02-19 15:45:00+00:00
17,14340713,nox,0.0541,ppb,2025-02-19 16:00:00+00:00
17,14340713,nox,0.0442,ppb,2025-02-19 16:15:00+00:00
17,14340713,nox,0.040799999999999996,ppb,2025-02-19 16:30:00+00:00
17,14340713,nox,0.041,ppb,2025-02-19 16:45:00+00:00
17,14340713,nox,0.0425,ppb,2025-02-19 17:00:00+00:00
17,14340713,nox,0.0423,ppb,2025-02-19 17:15:00+00:00
17,14340713,nox,0.0536,ppb,2025-02-19 17:30:00+00:00
17,14340713,nox,0.0444,ppb,2025-02-19 17:45:00+00:00
17,14340713,nox,0.039700000000000006,ppb,2025-02-19 18:00:00+00:00
17,14340713,nox,0.0608,ppb,2025-02-19 19:00:00+00:00
17,14340713,nox,0.060200000000000004,ppb,2025-02-19 19:15:00+00:00
17,14340713,nox,0.0608,ppb,2025-02-19 19:30:00+00:00
17,14340713,nox,0.0634,ppb,2025-02-19 19:45:00+00:00
17,14340713,nox,0.0675,ppb,2025-02-19 20:00:00+00:00
17,14340713,nox,0.0616,ppb,2025-02-19 20:15:00+00:00
17,14340713,nox,0.0521,ppb,2025-02-19 21:00:00+00:00
17,14340713,nox,0.0576,ppb,2025-02-19 21:15:00+00:00
17,14340713,nox,0.046799999999999994,ppb,2025-02-19 21:30:00+00:00
17,14340713,nox,0.048600000000000004,ppb,2025-02-19 21:45:00+00:00
17,14340713,nox,0.047,ppb,2025-02-19 22:00:00+00:00
17,14340713,nox,0.0313,ppb,2025-02-19 22:15:00+00:00
17,14340713,nox,0.0286,ppb,2025-02-19 22:30:00+00:00
17,14340713,nox,0.0235,ppb,2025-02-19 22:45:00+00:00
17,14340714,wind_direction,183.0,deg,2025-02-18 20:00:00+00:00
17,14340714,wind_direction,183.0,deg,2025-02-18 20:15:00+00:00
17,14340714,wind_direction,183.0,deg,2025-02-18 20:30:00+00:00
17,14340714,wind_direction,183.0,deg,2025-02-18 20:45:00+00:00
17,14340714,wind_direction,183.0,deg,2025-02-18 21:00:00+00:00
17,14340714,wind_direction,178.0,deg,2025-02-18 21:15:00+00:00
17,14340714,wind_direction,253.0,deg,2025-02-18 21:30:00+00:00
17,14340714,wind_direction,275.0,deg,2025-02-18 21:45:00+00:00
17,14340714,wind_direction,245.0,deg,2025-02-18 22:00:00+00:00
17,14340714,wind_direction,209.0,deg,2025-02-18 22:15:00+00:00
17,14340714,wind_direction,191.0,deg,2025-02-18 22:30:00+00:00
17,14340714,wind_direction,255.0,deg,2025-02-18 22:45:00+00:00
17,14340714,wind_direction,240.0,deg,2025-02-18 23:00:00+00:00
17,14340714,wind_direction,228.0,deg,2025-02-18 23:15:00+00:00
17,14340714,wind_direction,206.0,deg,2025-02-18 23:30:00+00:00
17,14340714,wind_direction,202.0,deg,2025-02-18 23:45:00+00:00
17,14340714,wind_direction,216.0,deg,2025-02-19 00:00:00+00:00
17,14340714,wind_direction,193.0,deg,2025-02-19 00:15:00+00:00
17,14340714,wind_direction,175.0,deg,2025-02-19 00:30:00+00:00
17,14340714,wind_direction,184.0,deg,2025-02-19 00:45:00+00:00
17,14340714,wind_direction,189.0,deg,2025-02-19 01:00:00+00:00
17,14340714,wind_direction,195.0,deg,2025-02-19 01:15:00+00:00
17,14340714,wind_direction,87.0,deg,2025-02-19 01:30:00+00:00
17,14340714,wind_direction,259.0,deg,2025-02-19 01:45:00+00:00
17,14340714,wind_direction,285.0,deg,2025-02-19 02:00:00+00:00
17,14340714,wind_direction,275.0,deg,2025-02-19 02:15:00+00:00
17,14340714,wind_direction,197.0,deg,2025-02-19 02:30:00+00:00
17,14340714,wind_direction,221.0,deg,2025-02-19 02:45:00+00:00
17,14340714,wind_direction,217.0,deg,2025-02-19 03:00:00+00:00
17,14340714,wind_direction,205.0,deg,2025-02-19 03:15:00+00:00
17,14340714,wind_direction,225.0,deg,2025-02-19 03:30:00+00:00
17,14340714,wind_direction,203.0,deg,2025-02-19 03:45:00+00:00
17,14340714,wind_direction,243.0,deg,2025-02-19 04:00:00+00:00
17,14340714,wind_direction,194.0,deg,2025-02-19 04:15:00+00:00
17,14340714,wind_direction,224.0,deg,2025-02-19 04:30:00+00:00
17,14340714,wind_direction,229.0,deg,2025-02-19 04:45:00+00:00
17,14340714,wind_direction,190.0,deg,2025-02-19 05:00:00+00:00
17,14340714,wind_direction,235.0,deg,2025-02-19 05:15:00+00:00
17,14340714,wind_direction,195.0,deg,2025-02-19 05:30:00+00:00
17,14340714,wind_direction,221.0,deg,2025-02-19 05:45:00+00:00
17,14340714,wind_direction,197.0,deg,2025-02-19 06:00:00+00:00
17,14340714,wind_direction,199.0,deg,2025-02-19 06:15:00+00:00
17,14340714,wind_direction,228.0,deg,2025-02-19 06:30:00+00:00
17,14340714,wind_direction,214.0,deg,2025-02-19 06:45:00+00:00
17,14340714,wind_direction,211.0,deg,2025-02-19 07:00:00+00:00
17,14340714,wind_direction,218.0,deg,2025-02-19 07:15:00+00:00
17,14340714,wind_direction,205.0,deg,2025-02-19 07:30:00+00:00
17,14340714,wind_direction,194.0,deg,2025-02-19 07:45:00+00:00
17,14340714,wind_direction,186.0,deg,2025-02-19 08:00:00+00:00
17,14340714,wind_direction,251.0,deg,2025-02-19 08:15:00+00:00
17,14340714,wind_direction,230.0,deg,2025-02-19 08:30:00+00:00
17,14340714,wind_direction,242.0,deg,2025-02-19 08:45:00+00:00
17,14340714,wind_direction,233.0,deg,2025-02-19 09:00:00+00:00
17,14340714,wind_direction,184.0,deg,2025-02-19 09:15:00+00:00
17,14340714,wind_direction,250.0,deg,2025-02-19 09:30:00+00:00
17,14340714,wind_direction,228.0,deg,2025-02-19 09:45:00+00:00
17,14340714,wind_direction,205.0,deg,2025-02-19 10:00:00+00:00
17,14340714,wind_direction,243.0,deg,2025-02-19 10:15:00+00:00
17,14340714,wind_direction,211.0,deg,2025-02-19 10:30:00+00:00
17,14340714,wind_direction,208.0,deg,2025-02-19 10:45:00+00:00
17,14340714,wind_direction,217.0,deg,2025-02-19 11:00:00+00:00
17,14340714,wind_direction,249.0,deg,2025-02-19 11:15:00+00:00
17,14340714,wind_direction,209.0,deg,2025-02-19 11:30:00+00:00
17,14340714,wind_direction,201.0,deg,2025-02-19 11:45:00+00:00
17,14340714,wind_direction,258.0,deg,2025-02-19 12:00:00+00:00
17,14340714,wind_direction,252.0,deg,2025-02-19 12:15:00+00:00
17,14340714,wind_direction,182.0,deg,2025-02-19 12:45:00+00:00
17,14340714,wind_direction,190.0,deg,2025-02-19 13:00:00+00:00
17,14340714,wind_direction,198.0,deg,2025-02-19 13:15:00+00:00
17,14340714,wind_direction,195.0,deg,2025-02-19 13:30:00+00:00
17,14340714,wind_direction,192.0,deg,2025-02-19 13:45:00+00:00
17,14340714,wind_direction,200.0,deg,2025-02-19 14:00:00+00:00
17,14340714,wind_direction,171.0,deg,2025-02-19 14:15:00+00:00
17,14340714,wind_direction,190.0,deg,2025-02-19 14:30:00+00:00
17,14340714,wind_direction,179.0,deg,2025-02-19 14:45:00+00:00
17,14340714,wind_direction,164.0,deg,2025-02-19 15:00:00+00:00
17,14340714,wind_direction,214.0,deg,2025-02-19 15:15:00+00:00
17,14340714,wind_direction,185.0,deg,2025-02-19 15:30:00+00:00
17,14340714,wind_direction,210.0,deg,2025-02-19 15:45:00+00:00
17,14340714,wind_direction,193.0,deg,2025-02-19 16:00:00+00:00
17,14340714,wind_direction,123.0,deg,2025-02-19 16:15:00+00:00
17,14340714,wind_direction,219.0,deg,2025-02-19 16:30:00+00:00
17,14340714,wind_direction,170.0,deg,2025-02-19 16:45:00+00:00
17,14340714,wind_direction,224.0,deg,2025-02-19 17:00:00+00:00
17,14340714,wind_direction,228.0,deg,2025-02-19 17:15:00+00:00
17,14340714,wind_direction,223.0,deg,2025-02-19 17:30:00+00:00
17,14340714,wind_direction,202.0,deg,2025-02-19 17:45:00+00:00
17,14340714,wind_direction,236.0,deg,2025-02-19 18:00:00+00:00
17,14340714,wind_direction,214.0,deg,2025-02-19 19:00:00+00:00
17,14340714,wind_direction,153.0,deg,2025-02-19 19:15:00+00:00
17,14340714,wind_direction,184.0,deg,2025-02-19 19:30:00+00:00
17,14340714,wind_direction,234.0,deg,2025-02-19 19:45:00+00:00
17,14340714,wind_direction,177.0,deg,2025-02-19 20:00:00+00:00
17,14340714,wind_direction,186.0,deg,2025-02-19 20:15:00+00:00
17,14340714,wind_direction,258.0,deg,2025-02-19 20:30:00+00:00
17,14340714,wind_direction,171.0,deg,2025-02-19 20:45:00+00:00
17,14340714,wind_direction,221.0,deg,2025-02-19 21:00:00+00:00
17,14340714,wind_direction,146.0,deg,2025-02-19 21:15:00+00:00
17,14340714,wind_direction,154.0,deg,2025-02-19 21:30:00+00:00
17,14340714,wind_direction,101.0,deg,2025-02-19 21:45:00+00:00
17,14340715,wind_speed,0.3,m/s,2025-02-18 20:00:00+00:00
17,14340715,wind_speed,0.3,m/s,2025-02-18 20:15:00+00:00
17,14340715,wind_speed,0.3,m/s,2025-02-18 20:30:00+00:00
17,14340715,wind_speed,0.3,m/s,2025-02-18 20:45:00+00:00
17,14340715,wind_speed,0.3,m/s,2025-02-18 21:00:00+00:00
17,14340715,wind_speed,0.3,m/s,2025-02-18 21:15:00+00:00
17,14340715,wind_speed,0.3,m/s,2025-02-18 21:30:00+00:00
17,14340715,wind_speed,0.3,m/s,2025-02-18 21:45:00+00:00
17,14340715,wind_speed,0.3,m/s,2025-02-18 22:00:00+00:00
17,14340715,wind_speed,0.3,m/s,2025-02-18 22:15:00+00:00
17,14340715,wind_speed,0.3,m/s,2025-02-18 22:30:00+00:00
17,14340715,wind_speed,0.3,m/s,2025-02-18 22:45:00+00:00
17,14340715,wind_speed,0.3,m/s,2025-02-18 23:00:00+00:00
17,14340715,wind_speed,0.3,m/s,2025-02-18 23:15:00+00:00
17,14340715,wind_speed,0.3,m/s,2025-02-18 23:30:00+00:00
17,14340715,wind_speed,0.3,m/s,2025-02-18 23:45:00+00:00
17,14340715,wind_speed,0.3,m/s,2025-02-19 00:00:00+00:00
17,14340715,wind_speed,0.3,m/s,2025-02-19 00:15:00+00:00
17,14340715,wind_speed,0.3,m/s,2025-02-19 00:30:00+00:00
17,14340715,wind_speed,0.3,m/s,2025-02-19 00:45:00+00:00
17,14340715,wind_speed,0.3,m/s,2025-02-19 01:00:00+00:00
17,14340715,wind_speed,0.3,m/s,2025-02-19 01:15:00+00:00
17,14340715,wind_speed,0.3,m/s,2025-02-19 01:30:00+00:00
17,14340715,wind_speed,0.3,m/s,2025-02-19 01:45:00+00:00
17,14340715,wind_speed,0.3,m/s,2025-02-19 02:00:00+00:00
17,14340715,wind_speed,0.3,m/s,2025-02-19 02:15:00+00:00
17,14340715,wind_speed,0.9,m/s,2025-02-19 02:30:00+00:00
17,14340715,wind_speed,0.8,m/s,2025-02-19 02:45:00+00:00
17,14340715,wind_speed,1.1,m/s,2025-02-19 03:00:00+00:00
17,14340715,wind_speed,1.4,m/s,2025-02-19 03:15:00+00:00
17,14340715,wind_speed,0.8,m/s,2025-02-19 03:30:00+00:00
17,14340715,wind_speed,2.0,m/s,2025-02-19 03:45:00+00:00
17,14340715,wind_speed,1.1,m/s,2025-02-19 04:00:00+00:00
17,14340715,wind_speed,1.4,m/s,2025-02-19 04:15:00+00:00
17,14340715,wind_speed,1.5,m/s,2025-02-19 04:30:00+00:00
17,14340715,wind_speed,1.3,m/s,2025-02-19 04:45:00+00:00
17,14340715,wind_speed,1.2,m/s,2025-02-19 05:00:00+00:00
17,14340715,wind_speed,1.1,m/s,2025-02-19 05:15:00+00:00
17,14340715,wind_speed,1.3,m/s,2025-02-19 05:30:00+00:00
17,14340715,wind_speed,1.2,m/s,2025-02-19 05:45:00+00:00
17,14340715,wind_speed,1.4,m/s,2025-02-19 06:00:00+00:00
17,14340715,wind_speed,1.9,m/s,2025-02-19 06:15:00+00:00
17,14340715,wind_speed,1.5,m/s,2025-02-19 06:30:00+00:00
17,14340715,wind_speed,2.0,m/s,2025-02-19 06:45:00+00:00
17,14340715,wind_speed,1.9,m/s,2025-02-19 07:00:00+00:00
17,14340715,wind_speed,1.6,m/s,2025-02-19 07:15:00+00:00
17,14340715,wind_speed,1.6,m/s,2025-02-19 07:30:00+00:00
17,14340715,wind_speed,2.0,m/s,2025-02-19 07:45:00+00:00
17,14340715,wind_speed,1.8,m/s,2025-02-19 08:00:00+00:00
17,14340715,wind_speed,1.2,m/s,2025-02-19 08:15:00+00:00
17,14340715,wind_speed,1.3,m/s,2025-02-19 08:30:00+00:00
17,14340715,wind_speed,1.3,m/s,2025-02-19 08:45:00+00:00
17,14340715,wind_speed,1.1,m/s,2025-02-19 09:00:00+00:00
17,14340715,wind_speed,1.4,m/s,2025-02-19 09:15:00+00:00
17,14340715,wind_speed,1.0,m/s,2025-02-19 09:30:00+00:00
17,14340715,wind_speed,0.8,m/s,2025-02-19 09:45:00+00:00
17,14340715,wind_speed,1.4,m/s,2025-02-19 10:00:00+00:00
17,14340715,wind_speed,1.1,m/s,2025-02-19 10:15:00+00:00
17,14340715,wind_speed,2.2,m/s,2025-02-19 10:30:00+00:00
17,14340715,wind_speed,1.7,m/s,2025-02-19 10:45:00+00:00
17,14340715,wind_speed,1.2,m/s,2025-02-19 11:00:00+00:00
17,14340715,wind_speed,0.5,m/s,2025-02-19 11:15:00+00:00
17,14340715,wind_speed,0.7,m/s,2025-02-19 11:30:00+00:00
17,14340715,wind_speed,0.3,m/s,2025-02-19 11:45:00+00:00
17,14340715,wind_speed,0.3,m/s,2025-02-19 12:00:00+00:00
17,14340715,wind_speed,0.3,m/s,2025-02-19 12:15:00+00:00
17,14340715,wind_speed,0.3,m/s,2025-02-19 12:45:00+00:00
17,14340715,wind_speed,0.3,m/s,2025-02-19 13:00:00+00:00
17,14340715,wind_speed,0.5,m/s,2025-02-19 13:15:00+00:00
17,14340715,wind_speed,0.5,m/s,2025-02-19 13:30:00+00:00
17,14340715,wind_speed,0.5,m/s,2025-02-19 13:45:00+00:00
17,14340715,wind_speed,0.6,m/s,2025-02-19 14:00:00+00:00
17,14340715,wind_speed,0.3,m/s,2025-02-19 14:15:00+00:00
17,14340715,wind_speed,0.5,m/s,2025-02-19 14:30:00+00:00
17,14340715,wind_speed,0.3,m/s,2025-02-19 14:45:00+00:00
17,14340715,wind_speed,0.3,m/s,2025-02-19 15:00:00+00:00
17,14340715,wind_speed,0.3,m/s,2025-02-19 15:15:00+00:00
17,14340715,wind_speed,0.8,m/s,2025-02-19 15:30:00+00:00
17,14340715,wind_speed,1.6,m/s,2025-02-19 15:45:00+00:00
17,14340715,wind_speed,0.9,m/s,2025-02-19 16:00:00+00:00
17,14340715,wind_speed,0.8,m/s,2025-02-19 16:15:00+00:00
17,14340715,wind_speed,0.3,m/s,2025-02-19 16:30:00+00:00
17,14340715,wind_speed,0.3,m/s,2025-02-19 16:45:00+00:00
17,14340715,wind_speed,0.4,m/s,2025-02-19 17:00:00+00:00
17,14340715,wind_speed,0.3,m/s,2025-02-19 17:15:00+00:00
17,14340715,wind_speed,0.3,m/s,2025-02-19 17:30:00+00:00
17,14340715,wind_speed,0.7,m/s,2025-02-19 17:45:00+00:00
17,14340715,wind_speed,0.6,m/s,2025-02-19 18:00:00+00:00
17,14340715,wind_speed,0.4,m/s,2025-02-19 19:00:00+00:00
17,14340715,wind_speed,0.3,m/s,2025-02-19 19:15:00+00:00
17,14340715,wind_speed,0.3,m/s,2025-02-19 19:30:00+00:00
17,14340715,wind_speed,0.9,m/s,2025-02-19 19:45:00+00:00
17,14340715,wind_speed,0.8,m/s,2025-02-19 20:00:00+00:00
17,14340715,wind_speed,0.7,m/s,2025-02-19 20:15:00+00:00
17,14340715,wind_speed,0.3,m/s,2025-02-19 20:30:00+00:00
17,14340715,wind_speed,0.5,m/s,2025-02-19 20:45:00+00:00
17,14340715,wind_speed,0.8,m/s,2025-02-19 21:00:00+00:00
17,14340715,wind_speed,1.0,m/s,2025-02-19 21:15:00+00:00
17,14340715,wind_speed,0.7,m/s,2025-02-19 21:30:00+00:00
17,14340715,wind_speed,1.0,m/s,2025-02-19 21:45:00+00:00
50,71,o3,10.5,µg/m³,2016-02-05 14:45:00+00:00
50,71,o3,14.2,µg/m³,2016-02-05 15:05:00+00:00
50,71,o3,17.6,µg/m³,2016-02-05 15:25:00+00:00
50,71,o3,16.8,µg/m³,2016-02-05 15:45:00+00:00
50,71,o3,17.5,µg/m³,2016-02-05 16:05:00+00:00
50,71,o3,17.0,µg/m³,2016-02-05 16:25:00+00:00
50,71,o3,19.7,µg/m³,2016-02-05 16:45:00+00:00
50,71,o3,21.5,µg/m³,2016-02-05 17:00:00+00:00
50,71,o3,17.6,µg/m³,2016-02-05 17:25:00+00:00
50,71,o3,19.1,µg/m³,2016-02-05 17:45:00+00:00
50,71,o3,15.6,µg/m³,2016-02-05 18:05:00+00:00
50,71,o3,17.5,µg/m³,2016-02-05 18:25:00+00:00
50,71,o3,16.1,µg/m³,2016-02-05 18:45:00+00:00
50,71,o3,16.1,µg/m³,2016-02-05 19:05:00+00:00
50,71,o3,13.2,µg/m³,2016-02-05 19:20:00+00:00
50,71,o3,15.5,µg/m³,2016-02-05 19:45:00+00:00
50,71,o3,14.7,µg/m³,2016-02-05 20:05:00+00:00
50,71,o3,12.8,µg/m³,2016-02-05 20:20:00+00:00
50,71,o3,12.5,µg/m³,2016-02-05 20:45:00+00:00
50,71,o3,12.0,µg/m³,2016-02-05 21:05:00+00:00
50,71,o3,12.5,µg/m³,2016-02-05 21:20:00+00:00
50,71,o3,11.0,µg/m³,2016-02-05 21:45:00+00:00
50,71,o3,12.0,µg/m³,2016-02-05 22:05:00+00:00
50,71,o3,11.7,µg/m³,2016-02-05 22:20:00+00:00
50,71,o3,13.1,µg/m³,2016-02-05 22:40:00+00:00
50,71,o3,9.5,µg/m³,2016-02-05 23:05:00+00:00
50,71,o3,10.3,µg/m³,2016-02-05 23:20:00+00:00
50,71,o3,10.5,µg/m³,2016-02-05 23:45:00+00:00
50,71,o3,11.2,µg/m³,2016-02-06 00:05:00+00:00
50,71,o3,10.6,µg/m³,2016-02-06 00:20:00+00:00
50,71,o3,9.3,µg/m³,2016-02-06 00:45:00+00:00
50,71,o3,9.3,µg/m³,2016-02-06 01:05:00+00:00
50,71,o3,10.4,µg/m³,2016-02-06 01:20:00+00:00
50,71,o3,11.6,µg/m³,2016-02-06 01:45:00+00:00
50,71,o3,11.3,µg/m³,2016-02-06 02:05:00+00:00
50,71,o3,9.5,µg/m³,2016-02-06 02:20:00+00:00
50,71,o3,12.7,µg/m³,2016-02-06 02:45:00+00:00
50,71,o3,12.0,µg/m³,2016-02-06 03:05:00+00:00
50,71,o3,20.9,µg/m³,2016-02-06 04:05:00+00:00
50,71,o3,18.9,µg/m³,2016-02-06 04:20:00+00:00
50,71,o3,23.1,µg/m³,2016-02-06 04:45:00+00:00
50,71,o3,49.5,µg/m³,2016-02-06 05:05:00+00:00
50,71,o3,57.2,µg/m³,2016-02-06 05:20:00+00:00
50,71,o3,93.1,µg/m³,2016-02-06 05:45:00+00:00
50,71,o3,119.3,µg/m³,2016-02-06 06:05:00+00:00
50,71,o3,140.0,µg/m³,2016-02-06 06:20:00+00:00
50,71,o3,129.4,µg/m³,2016-02-06 06:45:00+00:00
50,71,o3,168.7,µg/m³,2016-02-06 07:00:00+00:00
50,71,o3,183.0,µg/m³,2016-02-06 07:20:00+00:00
50,71,o3,171.8,µg/m³,2016-02-06 07:45:00+00:00
50,71,o3,165.8,µg/m³,2016-02-06 08:05:00+00:00
50,71,o3,162.2,µg/m³,2016-02-06 08:25:00+00:00
50,71,o3,157.0,µg/m³,2016-02-06 08:45:00+00:00
50,71,o3,139.4,µg/m³,2016-02-06 09:05:00+00:00
50,71,o3,137.2,µg/m³,2016-02-06 09:20:00+00:00
50,71,o3,177.3,µg/m³,2016-02-06 09:45:00+00:00
50,71,o3,162.5,µg/m³,2016-02-06 10:00:00+00:00
50,71,o3,149.1,µg/m³,2016-02-06 10:20:00+00:00
50,71,o3,180.9,µg/m³,2016-02-06 10:45:00+00:00
50,71,o3,124.4,µg/m³,2016-02-06 11:05:00+00:00
50,71,o3,150.1,µg/m³,2016-02-06 11:25:00+00:00
50,71,o3,108.2,µg/m³,2016-02-06 11:45:00+00:00
50,71,o3,73.1,µg/m³,2016-02-06 12:05:00+00:00
50,71,o3,86.5,µg/m³,2016-02-06 12:20:00+00:00
50,71,o3,16.7,µg/m³,2016-02-06 12:45:00+00:00
50,71,o3,18.0,µg/m³,2016-02-06 13:05:00+00:00
50,71,o3,14.9,µg/m³,2016-02-06 13:20:00+00:00
50,71,o3,14.2,µg/m³,2016-02-06 13:45:00+00:00
50,71,o3,14.1,µg/m³,2016-02-06 14:05:00+00:00
50,71,o3,15.0,µg/m³,2016-02-06 14:25:00+00:00
50,71,o3,15.8,µg/m³,2016-02-06 14:45:00+00:00
50,71,o3,17.0,µg/m³,2016-02-06 15:05:00+00:00
50,71,o3,16.0,µg/m³,2016-02-06 15:20:00+00:00
50,71,o3,19.0,µg/m³,2016-02-06 15:45:00+00:00
50,71,o3,18.8,µg/m³,2016-02-06 16:05:00+00:00
50,71,o3,19.3,µg/m³,2016-02-06 16:20:00+00:00
50,71,o3,17.4,µg/m³,2016-02-06 16:45:00+00:00
50,71,o3,17.9,µg/m³,2016-02-06 17:05:00+00:00
50,71,o3,16.6,µg/m³,2016-02-06 17:25:00+00:00
50,71,o3,21.1,µg/m³,2016-02-06 17:45:00+00:00
50,71,o3,21.4,µg/m³,2016-02-06 18:05:00+00:00
50,71,o3,19.4,µg/m³,2016-02-06 18:20:00+00:00
50,71,o3,18.3,µg/m³,2016-02-06 18:45:00+00:00
50,71,o3,19.4,µg/m³,2016-02-06 19:05:00+00:00
50,71,o3,19.7,µg/m³,2016-02-06 19:20:00+00:00
50,71,o3,25.7,µg/m³,2016-02-06 19:45:00+00:00
50,71,o3,25.9,µg/m³,2016-02-06 20:05:00+00:00
50,71,o3,24.3,µg/m³,2016-02-06 20:25:00+00:00
50,71,o3,23.4,µg/m³,2016-02-06 20:45:00+00:00
50,71,o3,25.7,µg/m³,2016-02-06 21:05:00+00:00
50,71,o3,24.8,µg/m³,2016-02-06 21:20:00+00:00
50,71,o3,24.8,µg/m³,2016-02-06 21:45:00+00:00
50,71,o3,24.7,µg/m³,2016-02-06 22:05:00+00:00
50,71,o3,23.6,µg/m³,2016-02-06 22:20:00+00:00
50,71,o3,22.8,µg/m³,2016-02-06 22:45:00+00:00
50,71,o3,24.8,µg/m³,2016-02-06 23:05:00+00:00
50,71,o3,20.9,µg/m³,2016-02-06 23:15:00+00:00
50,71,o3,25.9,µg/m³,2016-02-06 23:45:00+00:00
50,71,o3,25.8,µg/m³,2016-02-07 00:05:00+00:00
50,71,o3,27.7,µg/m³,2016-02-07 00:25:00+00:00
50,395,pm10,308.0,µg/m³,2016-02-05 14:40:00+00:00
50,395,pm10,308.0,µg/m³,2016-02-05 15:00:00+00:00
50,395,pm10,432.0,µg/m³,2016-02-05 15:20:00+00:00
50,395,pm10,432.0,µg/m³,2016-02-05 15:40:00+00:00
50,395,pm10,432.0,µg/m³,2016-02-05 16:00:00+00:00
50,395,pm10,529.0,µg/m³,2016-02-05 16:20:00+00:00
50,395,pm10,529.0,µg/m³,2016-02-05 16:40:00+00:00
50,395,pm10,529.0,µg/m³,2016-02-05 17:00:00+00:00
50,395,pm10,592.0,µg/m³,2016-02-05 17:20:00+00:00
50,395,pm10,592.0,µg/m³,2016-02-05 17:40:00+00:00
50,395,pm10,592.0,µg/m³,2016-02-05 18:00:00+00:00
50,395,pm10,879.0,µg/m³,2016-02-05 18:20:00+00:00
50,395,pm10,879.0,µg/m³,2016-02-05 18:40:00+00:00
50,395,pm10,879.0,µg/m³,2016-02-05 19:00:00+00:00
50,395,pm10,879.0,µg/m³,2016-02-05 19:20:00+00:00
50,395,pm10,879.0,µg/m³,2016-02-05 19:40:00+00:00
50,395,pm10,879.0,µg/m³,2016-02-05 20:00:00+00:00
50,395,pm10,903.0,µg/m³,2016-02-05 20:20:00+00:00
50,395,pm10,903.0,µg/m³,2016-02-05 20:40:00+00:00
50,395,pm10,903.0,µg/m³,2016-02-05 21:00:00+00:00
50,395,pm10,773.0,µg/m³,2016-02-05 21:20:00+00:00
50,395,pm10,773.0,µg/m³,2016-02-05 21:40:00+00:00
50,395,pm10,773.0,µg/m³,2016-02-05 22:00:00+00:00
50,395,pm10,760.0,µg/m³,2016-02-05 22:20:00+00:00
50,395,pm10,760.0,µg/m³,2016-02-05 22:40:00+00:00
50,395,pm10,760.0,µg/m³,2016-02-05 23:00:00+00:00
50,395,pm10,807.0,µg/m³,2016-02-05 23:20:00+00:00
50,395,pm10,807.0,µg/m³,2016-02-05 23:40:00+00:00
50,395,pm10,807.0,µg/m³,2016-02-06 00:00:00+00:00
50,395,pm10,831.0,µg/m³,2016-02-06 00:20:00+00:00
50,395,pm10,831.0,µg/m³,2016-02-06 00:40:00+00:00
50,395,pm10,831.0,µg/m³,2016-02-06 01:00:00+00:00
50,395,pm10,831.0,µg/m³,2016-02-06 01:20:00+00:00
50,395,pm10,831.0,µg/m³,2016-02-06 01:40:00+00:00
50,395,pm10,831.0,µg/m³,2016-02-06 02:00:00+00:00
50,395,pm10,831.0,µg/m³,2016-02-06 02:20:00+00:00
50,395,pm10,831.0,µg/m³,2016-02-06 02:40:00+00:00
50,395,pm10,831.0,µg/m³,2016-02-06 03:00:00+00:00
50,395,pm10,831.0,µg/m³,2016-02-06 03:20:00+00:00
50,395,pm10,831.0,µg/m³,2016-02-06 03:40:00+00:00
50,395,pm10,831.0,µg/m³,2016-02-06 04:00:00+00:00
50,395,pm10,703.0,µg/m³,2016-02-06 04:20:00+00:00
50,395,pm10,703.0,µg/m³,2016-02-06 04:40:00+00:00
50,395,pm10,703.0,µg/m³,2016-02-06 05:00:00+00:00
50,395,pm10,349.0,µg/m³,2016-02-06 05:20:00+00:00
50,395,pm10,349.0,µg/m³,2016-02-06 05:40:00+00:00
50,395,pm10,349.0,µg/m³,2016-02-06 06:00:00+00:00
50,395,pm10,298.0,µg/m³,2016-02-06 06:20:00+00:00
50,395,pm10,298.0,µg/m³,2016-02-06 06:40:00+00:00
50,395,pm10,298.0,µg/m³,2016-02-06 07:00:00+00:00
50,395,pm10,462.0,µg/m³,2016-02-06 07:20:00+00:00
50,395,pm10,462.0,µg/m³,2016-02-06 07:40:00+00:00
50,395,pm10,462.0,µg/m³,2016-02-06 08:00:00+00:00
50,395,pm10,298.0,µg/m³,2016-02-06 08:20:00+00:00
50,395,pm10,298.0,µg/m³,2016-02-06 08:40:00+00:00
50,395,pm10,298.0,µg/m³,2016-02-06 09:00:00+00:00
50,395,pm10,214.0,µg/m³,2016-02-06 09:20:00+00:00
50,395,pm10,214.0,µg/m³,2016-02-06 09:40:00+00:00
50,395,pm10,214.0,µg/m³,2016-02-06 10:00:00+00:00
50,395,pm10,209.0,µg/m³,2016-02-06 10:20:00+00:00
50,395,pm10,209.0,µg/m³,2016-02-06 10:40:00+00:00
50,395,pm10,209.0,µg/m³,2016-02-06 11:00:00+00:00
50,395,pm10,225.0,µg/m³,2016-02-06 11:20:00+00:00
50,395,pm10,225.0,µg/m³,2016-02-06 11:40:00+00:00
50,395,pm10,225.0,µg/m³,2016-02-06 12:00:00+00:00
50,395,pm10,206.0,µg/m³,2016-02-06 12:20:00+00:00
50,395,pm10,206.0,µg/m³,2016-02-06 12:40:00+00:00
50,395,pm10,206.0,µg/m³,2016-02-06 13:00:00+00:00
50,395,pm10,268.0,µg/m³,2016-02-06 13:20:00+00:00
50,395,pm10,268.0,µg/m³,2016-02-06 13:40:00+00:00
50,395,pm10,268.0,µg/m³,2016-02-06 14:00:00+00:00
50,395,pm10,315.0,µg/m³,2016-02-06 14:20:00+00:00
50,395,pm10,315.0,µg/m³,2016-02-06 14:40:00+00:00
50,395,pm10,315.0,µg/m³,2016-02-06 15:00:00+00:00
50,395,pm10,395.0,µg/m³,2016-02-06 15:20:00+00:00
50,395,pm10,395.0,µg/m³,2016-02-06 15:40:00+00:00
50,395,pm10,395.0,µg/m³,2016-02-06 16:00:00+00:00
50,395,pm10,470.0,µg/m³,2016-02-06 16:20:00+00:00
50,395,pm10,470.0,µg/m³,2016-02-06 16:40:00+00:00
50,395,pm10,470.0,µg/m³,2016-02-06 17:00:00+00:00
50,395,pm10,347.0,µg/m³,2016-02-06 17:20:00+00:00
50,395,pm10,347.0,µg/m³,2016-02-06 17:40:00+00:00
50,395,pm10,347.0,µg/m³,2016-02-06 18:00:00+00:00
50,395,pm10,350.0,µg/m³,2016-02-06 18:20:00+00:00
50,395,pm10,350.0,µg/m³,2016-02-06 18:40:00+00:00
50,395,pm10,350.0,µg/m³,2016-02-06 19:00:00+00:00
50,395,pm10,368.0,µg/m³,2016-02-06 19:20:00+00:00
50,395,pm10,368.0,µg/m³,2016-02-06 19:40:00+00:00
50,395,pm10,368.0,µg/m³,2016-02-06 20:00:00+00:00
50,395,pm10,389.0,µg/m³,2016-02-06 20:20:00+00:00
50,395,pm10,389.0,µg/m³,2016-02-06 20:40:00+00:00
50,395,pm10,389.0,µg/m³,2016-02-06 21:00:00+00:00
50,395,pm10,427.0,µg/m³,2016-02-06 21:20:00+00:00
50,395,pm10,427.0,µg/m³,2016-02-06 21:40:00+00:00
50,395,pm10,427.0,µg/m³,2016-02-06 22:00:00+00:00
50,395,pm10,453.0,µg/m³,2016-02-06 22:20:00+00:00
50,395,pm10,453.0,µg/m³,2016-02-06 22:40:00+00:00
50,395,pm10,453.0,µg/m³,2016-02-06 23:00:00+00:00
50,395,pm10,400.0,µg/m³,2016-02-06 23:15:00+00:00
50,395,pm10,400.0,µg/m³,2016-02-06 23:40:00+00:00
50,396,pm25,124.0,µg/m³,2016-02-05 14:40:00+00:00
50,396,pm25,124.0,µg/m³,2016-02-05 15:00:00+00:00
50,396,pm25,203.0,µg/m³,2016-02-05 15:20:00+00:00
50,396,pm25,203.0,µg/m³,2016-02-05 15:40:00+00:00
50,396,pm25,203.0,µg/m³,2016-02-05 16:00:00+00:00
50,396,pm25,269.0,µg/m³,2016-02-05 16:20:00+00:00
50,396,pm25,269.0,µg/m³,2016-02-05 16:40:00+00:00
50,396,pm25,269.0,µg/m³,2016-02-05 17:00:00+00:00
50,396,pm25,356.0,µg/m³,2016-02-05 17:20:00+00:00
50,396,pm25,356.0,µg/m³,2016-02-05 17:40:00+00:00
50,396,pm25,356.0,µg/m³,2016-02-05 18:00:00+00:00
50,396,pm25,356.0,µg/m³,2016-02-05 18:20:00+00:00
50,396,pm25,356.0,µg/m³,2016-02-05 18:40:00+00:00
50,396,pm25,356.0,µg/m³,2016-02-05 19:00:00+00:00
50,396,pm25,356.0,µg/m³,2016-02-05 19:20:00+00:00
50,396,pm25,356.0,µg/m³,2016-02-05 19:40:00+00:00
50,396,pm25,356.0,µg/m³,2016-02-05 20:00:00+00:00
50,396,pm25,356.0,µg/m³,2016-02-05 20:20:00+00:00
50,396,pm25,356.0,µg/m³,2016-02-05 20:40:00+00:00
50,396,pm25,356.0,µg/m³,2016-02-05 21:00:00+00:00
50,396,pm25,356.0,µg/m³,2016-02-05 21:20:00+00:00
50,396,pm25,356.0,µg/m³,2016-02-05 21:40:00+00:00
50,396,pm25,356.0,µg/m³,2016-02-05 22:00:00+00:00
50,396,pm25,356.0,µg/m³,2016-02-05 22:20:00+00:00
50,396,pm25,356.0,µg/m³,2016-02-05 22:40:00+00:00
50,396,pm25,356.0,µg/m³,2016-02-05 23:00:00+00:00
50,396,pm25,356.0,µg/m³,2016-02-05 23:20:00+00:00
50,396,pm25,356.0,µg/m³,2016-02-05 23:40:00+00:00
50,396,pm25,356.0,µg/m³,2016-02-06 00:00:00+00:00
50,396,pm25,356.0,µg/m³,2016-02-06 00:20:00+00:00
50,396,pm25,356.0,µg/m³,2016-02-06 00:40:00+00:00
50,396,pm25,356.0,µg/m³,2016-02-06 01:00:00+00:00
50,396,pm25,356.0,µg/m³,2016-02-06 01:20:00+00:00
50,396,pm25,356.0,µg/m³,2016-02-06 01:40:00+00:00
50,396,pm25,356.0,µg/m³,2016-02-06 02:00:00+00:00
50,396,pm25,356.0,µg/m³,2016-02-06 02:20:00+00:00
50,396,pm25,356.0,µg/m³,2016-02-06 02:40:00+00:00
50,396,pm25,356.0,µg/m³,2016-02-06 03:00:00+00:00
50,396,pm25,356.0,µg/m³,2016-02-06 03:20:00+00:00
50,396,pm25,356.0,µg/m³,2016-02-06 03:40:00+00:00
50,396,pm25,356.0,µg/m³,2016-02-06 04:00:00+00:00
50,396,pm25,372.0,µg/m³,2016-02-06 04:20:00+00:00
50,396,pm25,372.0,µg/m³,2016-02-06 04:40:00+00:00
50,396,pm25,372.0,µg/m³,2016-02-06 05:00:00+00:00
50,396,pm25,198.0,µg/m³,2016-02-06 05:20:00+00:00
50,396,pm25,198.0,µg/m³,2016-02-06 05:40:00+00:00
50,396,pm25,198.0,µg/m³,2016-02-06 06:00:00+00:00
50,396,pm25,141.0,µg/m³,2016-02-06 06:20:00+00:00
50,396,pm25,141.0,µg/m³,2016-02-06 06:40:00+00:00
50,396,pm25,141.0,µg/m³,2016-02-06 07:00:00+00:00
50,396,pm25,118.0,µg/m³,2016-02-06 07:20:00+00:00
50,396,pm25,118.0,µg/m³,2016-02-06 07:40:00+00:00
50,396,pm25,118.0,µg/m³,2016-02-06 08:00:00+00:00
50,396,pm25,118.0,µg/m³,2016-02-06 08:20:00+00:00
50,396,pm25,118.0,µg/m³,2016-02-06 08:40:00+00:00
50,396,pm25,118.0,µg/m³,2016-02-06 09:00:00+00:00
50,396,pm25,96.0,µg/m³,2016-02-06 09:20:00+00:00
50,396,pm25,96.0,µg/m³,2016-02-06 09:40:00+00:00
50,396,pm25,96.0,µg/m³,2016-02-06 10:00:00+00:00
50,396,pm25,105.0,µg/m³,2016-02-06 10:20:00+00:00
50,396,pm25,105.0,µg/m³,2016-02-06 10:40:00+00:00
50,396,pm25,105.0,µg/m³,2016-02-06 11:00:00+00:00
50,396,pm25,145.0,µg/m³,2016-02-06 11:20:00+00:00
50,396,pm25,145.0,µg/m³,2016-02-06 11:40:00+00:00
50,396,pm25,145.0,µg/m³,2016-02-06 12:00:00+00:00
50,396,pm25,114.0,µg/m³,2016-02-06 12:20:00+00:00
50,396,pm25,114.0,µg/m³,2016-02-06 12:40:00+00:00
50,396,pm25,114.0,µg/m³,2016-02-06 13:00:00+00:00
50,396,pm25,125.0,µg/m³,2016-02-06 13:20:00+00:00
50,396,pm25,125.0,µg/m³,2016-02-06 13:40:00+00:00
50,396,pm25,125.0,µg/m³,2016-02-06 14:00:00+00:00
50,396,pm25,161.0,µg/m³,2016-02-06 14:20:00+00:00
50,396,pm25,161.0,µg/m³,2016-02-06 15:00:00+00:00
50,396,pm25,206.0,µg/m³,2016-02-06 15:20:00+00:00
50,396,pm25,206.0,µg/m³,2016-02-06 15:40:00+00:00
50,396,pm25,206.0,µg/m³,2016-02-06 16:00:00+00:00
50,396,pm25,211.0,µg/m³,2016-02-06 16:20:00+00:00
50,396,pm25,211.0,µg/m³,2016-02-06 16:40:00+00:00
50,396,pm25,211.0,µg/m³,2016-02-06 17:00:00+00:00
50,396,pm25,194.0,µg/m³,2016-02-06 17:20:00+00:00
50,396,pm25,194.0,µg/m³,2016-02-06 17:40:00+00:00
50,396,pm25,194.0,µg/m³,2016-02-06 18:00:00+00:00
50,396,pm25,221.0,µg/m³,2016-02-06 18:20:00+00:00
50,396,pm25,221.0,µg/m³,2016-02-06 18:40:00+00:00
50,396,pm25,221.0,µg/m³,2016-02-06 19:00:00+00:00
50,396,pm25,246.0,µg/m³,2016-02-06 19:20:00+00:00
50,396,pm25,246.0,µg/m³,2016-02-06 19:40:00+00:00
50,396,pm25,246.0,µg/m³,2016-02-06 20:00:00+00:00
50,396,pm25,231.0,µg/m³,2016-02-06 20:40:00+00:00
50,396,pm25,231.0,µg/m³,2016-02-06 21:00:00+00:00
50,396,pm25,275.0,µg/m³,2016-02-06 21:20:00+00:00
50,396,pm25,275.0,µg/m³,2016-02-06 21:40:00+00:00
50,396,pm25,275.0,µg/m³,2016-02-06 22:00:00+00:00
50,396,pm25,321.0,µg/m³,2016-02-06 22:40:00+00:00
50,396,pm25,321.0,µg/m³,2016-02-06 23:00:00+00:00
50,396,pm25,280.0,µg/m³,2016-02-06 23:15:00+00:00
50,396,pm25,280.0,µg/m³,2016-02-06 23:40:00+00:00
50,396,pm25,280.0,µg/m³,2016-02-07 00:00:00+00:00
50,396,pm25,241.0,µg/m³,2016-02-07 00:20:00+00:00
50,396,pm25,241.0,µg/m³,2016-02-07 00:40:00+00:00
50,397,so2,22.6,µg/m³,2016-02-05 14:45:00+00:00
50,397,so2,24.0,µg/m³,2016-02-05 15:05:00+00:00
50,397,so2,24.0,µg/m³,2016-02-05 15:25:00+00:00
50,397,so2,23.7,µg/m³,2016-02-05 15:45:00+00:00
50,397,so2,21.3,µg/m³,2016-02-05 16:05:00+00:00
50,397,so2,23.5,µg/m³,2016-02-05 16:25:00+00:00
50,397,so2,19.8,µg/m³,2016-02-05 16:45:00+00:00
50,397,so2,33.7,µg/m³,2016-02-05 17:00:00+00:00
50,397,so2,34.5,µg/m³,2016-02-05 17:25:00+00:00
50,397,so2,32.2,µg/m³,2016-02-05 17:45:00+00:00
50,397,so2,30.8,µg/m³,2016-02-05 18:05:00+00:00
50,397,so2,30.7,µg/m³,2016-02-05 18:25:00+00:00
50,397,so2,34.3,µg/m³,2016-02-05 18:45:00+00:00
50,397,so2,37.7,µg/m³,2016-02-05 19:05:00+00:00
50,397,so2,37.2,µg/m³,2016-02-05 19:20:00+00:00
50,397,so2,36.6,µg/m³,2016-02-05 19:45:00+00:00
50,397,so2,38.5,µg/m³,2016-02-05 20:05:00+00:00
50,397,so2,37.8,µg/m³,2016-02-05 20:20:00+00:00
50,397,so2,37.2,µg/m³,2016-02-05 20:45:00+00:00
50,397,so2,39.2,µg/m³,2016-02-05 21:05:00+00:00
50,397,so2,40.6,µg/m³,2016-02-05 21:20:00+00:00
50,397,so2,35.7,µg/m³,2016-02-05 21:45:00+00:00
50,397,so2,37.0,µg/m³,2016-02-05 22:05:00+00:00
50,397,so2,36.1,µg/m³,2016-02-05 22:20:00+00:00
50,397,so2,42.5,µg/m³,2016-02-05 22:40:00+00:00
50,397,so2,42.0,µg/m³,2016-02-05 23:05:00+00:00
50,397,so2,41.3,µg/m³,2016-02-05 23:20:00+00:00
50,397,so2,40.4,µg/m³,2016-02-05 23:45:00+00:00
50,397,so2,42.2,µg/m³,2016-02-06 00:05:00+00:00
50,397,so2,14.6,µg/m³,2016-02-06 00:45:00+00:00
50,397,so2,15.3,µg/m³,2016-02-06 01:05:00+00:00
50,397,so2,16.4,µg/m³,2016-02-06 01:20:00+00:00
50,397,so2,21.2,µg/m³,2016-02-06 01:45:00+00:00
50,397,so2,20.7,µg/m³,2016-02-06 02:05:00+00:00
50,397,so2,21.2,µg/m³,2016-02-06 02:20:00+00:00
50,397,so2,23.4,µg/m³,2016-02-06 02:45:00+00:00
50,397,so2,32.9,µg/m³,2016-02-06 03:05:00+00:00
50,397,so2,39.8,µg/m³,2016-02-06 03:20:00+00:00
50,397,so2,65.7,µg/m³,2016-02-06 03:45:00+00:00
50,397,so2,78.6,µg/m³,2016-02-06 04:05:00+00:00
50,397,so2,77.2,µg/m³,2016-02-06 05:05:00+00:00
50,397,so2,74.5,µg/m³,2016-02-06 05:20:00+00:00
50,397,so2,65.4,µg/m³,2016-02-06 05:45:00+00:00
50,397,so2,55.6,µg/m³,2016-02-06 06:05:00+00:00
50,397,so2,43.4,µg/m³,2016-02-06 06:45:00+00:00
50,397,so2,37.9,µg/m³,2016-02-06 07:00:00+00:00
50,397,so2,30.9,µg/m³,2016-02-06 07:20:00+00:00
50,397,so2,32.1,µg/m³,2016-02-06 07:45:00+00:00
50,397,so2,25.7,µg/m³,2016-02-06 08:05:00+00:00
50,397,so2,12.5,µg/m³,2016-02-06 08:25:00+00:00
50,397,so2,10.8,µg/m³,2016-02-06 08:45:00+00:00
50,397,so2,6.1,µg/m³,2016-02-06 09:05:00+00:00
50,397,so2,3.5,µg/m³,2016-02-06 09:20:00+00:00
50,397,so2,0.5,µg/m³,2016-02-06 09:45:00+00:00
50,397,so2,6.5,µg/m³,2016-02-06 10:45:00+00:00
50,397,so2,8.7,µg/m³,2016-02-06 11:05:00+00:00
50,397,so2,8.9,µg/m³,2016-02-06 11:25:00+00:00
50,397,so2,6.6,µg/m³,2016-02-06 11:45:00+00:00
50,397,so2,1.7,µg/m³,2016-02-06 12:05:00+00:00
50,397,so2,14.9,µg/m³,2016-02-06 12:45:00+00:00
50,397,so2,16.2,µg/m³,2016-02-06 13:05:00+00:00
50,397,so2,16.4,µg/m³,2016-02-06 13:20:00+00:00
50,397,so2,14.9,µg/m³,2016-02-06 13:45:00+00:00
50,397,so2,17.1,µg/m³,2016-02-06 14:05:00+00:00
50,397,so2,12.1,µg/m³,2016-02-06 14:25:00+00:00
50,397,so2,16.5,µg/m³,2016-02-06 14:45:00+00:00
50,397,so2,17.7,µg/m³,2016-02-06 15:05:00+00:00
50,397,so2,21.2,µg/m³,2016-02-06 15:20:00+00:00
50,397,so2,18.3,µg/m³,2016-02-06 15:45:00+00:00
50,397,so2,17.8,µg/m³,2016-02-06 16:05:00+00:00
50,397,so2,13.7,µg/m³,2016-02-06 16:20:00+00:00
50,397,so2,13.3,µg/m³,2016-02-06 16:45:00+00:00
50,397,so2,10.6,µg/m³,2016-02-06 17:05:00+00:00
50,397,so2,12.4,µg/m³,2016-02-06 17:25:00+00:00
50,397,so2,11.0,µg/m³,2016-02-06 17:45:00+00:00
50,397,so2,8.9,µg/m³,2016-02-06 18:05:00+00:00
50,397,so2,11.1,µg/m³,2016-02-06 18:45:00+00:00
50,397,so2,13.5,µg/m³,2016-02-06 19:05:00+00:00
50,397,so2,16.1,µg/m³,2016-02-06 19:20:00+00:00
50,397,so2,16.9,µg/m³,2016-02-06 19:45:00+00:00
50,397,so2,17.2,µg/m³,2016-02-06 20:05:00+00:00
50,397,so2,18.4,µg/m³,2016-02-06 20:25:00+00:00
50,397,so2,23.1,µg/m³,2016-02-06 20:45:00+00:00
50,397,so2,24.4,µg/m³,2016-02-06 21:05:00+00:00
50,397,so2,23.6,µg/m³,2016-02-06 21:20:00+00:00
50,397,so2,27.3,µg/m³,2016-02-06 21:45:00+00:00
50,397,so2,29.0,µg/m³,2016-02-06 22:05:00+00:00
50,397,so2,27.3,µg/m³,2016-02-06 22:20:00+00:00
50,397,so2,36.4,µg/m³,2016-02-06 22:45:00+00:00
50,397,so2,38.0,µg/m³,2016-02-06 23:05:00+00:00
50,397,so2,42.8,µg/m³,2016-02-06 23:15:00+00:00
50,397,so2,35.7,µg/m³,2016-02-06 23:45:00+00:00
50,397,so2,28.9,µg/m³,2016-02-07 00:05:00+00:00
50,397,so2,30.2,µg/m³,2016-02-07 00:25:00+00:00
50,397,so2,23.1,µg/m³,2016-02-07 00:45:00+00:00
50,397,so2,26.8,µg/m³,2016-02-07 01:05:00+00:00
50,397,so2,32.1,µg/m³,2016-02-07 01:45:00+00:00
50,397,so2,31.2,µg/m³,2016-02-07 02:05:00+00:00
50,397,so2,26.7,µg/m³,2016-02-07 02:25:00+00:00
50,397,so2,25.5,µg/m³,2016-02-07 02:45:00+00:00
50,398,co,2900.0,µg/m³,2016-02-05 14:45:00+00:00
50,398,co,3400.0,µg/m³,2016-02-05 15:05:00+00:00
50,398,co,3500.0,µg/m³,2016-02-05 15:25:00+00:00
50,398,co,4000.0,µg/m³,2016-02-05 15:45:00+00:00
50,398,co,4300.0,µg/m³,2016-02-05 16:05:00+00:00
50,398,co,4700.0,µg/m³,2016-02-05 16:25:00+00:00
50,398,co,5400.0,µg/m³,2016-02-05 16:45:00+00:00
50,398,co,5800.0,µg/m³,2016-02-05 17:00:00+00:00
50,398,co,6000.0,µg/m³,2016-02-05 17:25:00+00:00
50,398,co,6400.0,µg/m³,2016-02-05 17:45:00+00:00
50,398,co,7500.0,µg/m³,2016-02-05 18:05:00+00:00
50,398,co,3300.0,µg/m³,2016-02-05 18:25:00+00:00
50,398,co,4300.0,µg/m³,2016-02-05 18:45:00+00:00
50,398,co,4300.0,µg/m³,2016-02-05 19:05:00+00:00
50,398,co,4300.0,µg/m³,2016-02-05 19:20:00+00:00
50,398,co,3300.0,µg/m³,2016-02-05 19:45:00+00:00
50,398,co,2500.0,µg/m³,2016-02-05 20:05:00+00:00
50,398,co,1600.0,µg/m³,2016-02-05 20:20:00+00:00
50,398,co,600.0,µg/m³,2016-02-05 20:45:00+00:00
50,398,co,0.0,µg/m³,2016-02-05 21:05:00+00:00
50,398,co,100.0,µg/m³,2016-02-05 21:45:00+00:00
50,398,co,500.0,µg/m³,2016-02-05 22:05:00+00:00
50,398,co,1700.0,µg/m³,2016-02-05 22:20:00+00:00
50,398,co,1900.0,µg/m³,2016-02-05 22:40:00+00:00
50,398,co,1900.0,µg/m³,2016-02-05 23:05:00+00:00
50,398,co,1600.0,µg/m³,2016-02-05 23:20:00+00:00
50,398,co,1400.0,µg/m³,2016-02-05 23:45:00+00:00
50,398,co,1300.0,µg/m³,2016-02-06 00:05:00+00:00
50,398,co,1400.0,µg/m³,2016-02-06 00:20:00+00:00
50,398,co,1400.0,µg/m³,2016-02-06 00:45:00+00:00
50,398,co,2100.0,µg/m³,2016-02-06 01:05:00+00:00
50,398,co,2300.0,µg/m³,2016-02-06 01:20:00+00:00
50,398,co,2200.0,µg/m³,2016-02-06 01:45:00+00:00
50,398,co,2200.0,µg/m³,2016-02-06 02:05:00+00:00
50,398,co,1500.0,µg/m³,2016-02-06 02:20:00+00:00
50,398,co,900.0,µg/m³,2016-02-06 02:45:00+00:00
50,398,co,700.0,µg/m³,2016-02-06 03:05:00+00:00
50,398,co,900.0,µg/m³,2016-02-06 06:20:00+00:00
50,398,co,800.0,µg/m³,2016-02-06 06:45:00+00:00
50,398,co,700.0,µg/m³,2016-02-06 07:00:00+00:00
50,398,co,600.0,µg/m³,2016-02-06 07:20:00+00:00
50,398,co,900.0,µg/m³,2016-02-06 07:45:00+00:00
50,398,co,800.0,µg/m³,2016-02-06 08:05:00+00:00
50,398,co,700.0,µg/m³,2016-02-06 08:25:00+00:00
50,398,co,900.0,µg/m³,2016-02-06 08:45:00+00:00
50,398,co,800.0,µg/m³,2016-02-06 09:05:00+00:00
50,398,co,800.0,µg/m³,2016-02-06 09:20:00+00:00
50,398,co,700.0,µg/m³,2016-02-06 09:45:00+00:00
50,398,co,700.0,µg/m³,2016-02-06 10:00:00+00:00
50,398,co,1200.0,µg/m³,2016-02-06 10:20:00+00:00
50,398,co,900.0,µg/m³,2016-02-06 10:45:00+00:00
50,398,co,1100.0,µg/m³,2016-02-06 11:05:00+00:00
50,398,co,1000.0,µg/m³,2016-02-06 11:25:00+00:00
50,398,co,1300.0,µg/m³,2016-02-06 11:45:00+00:00
50,398,co,1600.0,µg/m³,2016-02-06 12:05:00+00:00
50,398,co,1400.0,µg/m³,2016-02-06 12:20:00+00:00
50,398,co,2300.0,µg/m³,2016-02-06 12:45:00+00:00
50,398,co,2300.0,µg/m³,2016-02-06 13:05:00+00:00
50,398,co,2500.0,µg/m³,2016-02-06 13:20:00+00:00
50,398,co,2400.0,µg/m³,2016-02-06 13:45:00+00:00
50,398,co,2900.0,µg/m³,2016-02-06 14:05:00+00:00
50,398,co,1700.0,µg/m³,2016-02-06 14:25:00+00:00
50,398,co,2100.0,µg/m³,2016-02-06 14:45:00+00:00
50,398,co,2100.0,µg/m³,2016-02-06 15:05:00+00:00
50,398,co,1100.0,µg/m³,2016-02-06 15:20:00+00:00
50,398,co,2300.0,µg/m³,2016-02-06 15:45:00+00:00
50,398,co,1500.0,µg/m³,2016-02-06 16:05:00+00:00
50,398,co,1300.0,µg/m³,2016-02-06 16:20:00+00:00
50,398,co,700.0,µg/m³,2016-02-06 16:45:00+00:00
50,398,co,900.0,µg/m³,2016-02-06 17:05:00+00:00
50,398,co,700.0,µg/m³,2016-02-06 17:25:00+00:00
50,398,co,500.0,µg/m³,2016-02-06 17:45:00+00:00
50,398,co,200.0,µg/m³,2016-02-06 18:05:00+00:00
50,398,co,1000.0,µg/m³,2016-02-06 18:20:00+00:00
50,398,co,1200.0,µg/m³,2016-02-06 18:45:00+00:00
50,398,co,1600.0,µg/m³,2016-02-06 19:05:00+00:00
50,398,co,1400.0,µg/m³,2016-02-06 19:20:00+00:00
50,398,co,1300.0,µg/m³,2016-02-06 19:45:00+00:00
50,398,co,1300.0,µg/m³,2016-02-06 20:05:00+00:00
50,398,co,1100.0,µg/m³,2016-02-06 20:25:00+00:00
50,398,co,1100.0,µg/m³,2016-02-06 20:45:00+00:00
50,398,co,1000.0,µg/m³,2016-02-06 21:05:00+00:00
50,398,co,1000.0,µg/m³,2016-02-06 21:20:00+00:00
50,398,co,900.0,µg/m³,2016-02-06 21:45:00+00:00
50,398,co,900.0,µg/m³,2016-02-06 22:05:00+00:00
50,398,co,900.0,µg/m³,2016-02-06 22:20:00+00:00
50,398,co,700.0,µg/m³,2016-02-06 22:45:00+00:00
50,398,co,600.0,µg/m³,2016-02-06 23:05:00+00:00
50,398,co,600.0,µg/m³,2016-02-06 23:15:00+00:00
50,398,co,600.0,µg/m³,2016-02-06 23:45:00+00:00
50,398,co,700.0,µg/m³,2016-02-07 00:05:00+00:00
50,398,co,700.0,µg/m³,2016-02-07 00:25:00+00:00
50,398,co,600.0,µg/m³,2016-02-07 00:45:00+00:00
50,398,co,900.0,µg/m³,2016-02-07 01:05:00+00:00
50,398,co,1000.0,µg/m³,2016-02-07 01:45:00+00:00
50,398,co,800.0,µg/m³,2016-02-07 02:05:00+00:00
50,398,co,1100.0,µg/m³,2016-02-07 02:25:00+00:00
50,398,co,1600.0,µg/m³,2016-02-07 02:45:00+00:00
50,398,co,1500.0,µg/m³,2016-02-07 03:05:00+00:00
50,398,co,1600.0,µg/m³,2016-02-07 03:25:00+00:00
50,400,no2,143.2,µg/m³,2016-02-05 14:45:00+00:00
50,400,no2,145.2,µg/m³,2016-02-05 15:05:00+00:00
50,400,no2,146.6,µg/m³,2016-02-05 15:25:00+00:00
50,400,no2,144.6,µg/m³,2016-02-05 15:45:00+00:00
50,400,no2,134.9,µg/m³,2016-02-05 16:05:00+00:00
50,400,no2,145.5,µg/m³,2016-02-05 16:25:00+00:00
50,400,no2,146.2,µg/m³,2016-02-05 16:45:00+00:00
50,400,no2,143.8,µg/m³,2016-02-05 17:00:00+00:00
50,400,no2,143.5,µg/m³,2016-02-05 17:25:00+00:00
50,400,no2,143.0,µg/m³,2016-02-05 17:45:00+00:00
50,400,no2,147.2,µg/m³,2016-02-05 18:05:00+00:00
50,400,no2,148.3,µg/m³,2016-02-05 18:25:00+00:00
50,400,no2,162.41,µg/m³,2016-02-05 18:45:00+00:00
50,400,no2,151.11,µg/m³,2016-02-05 19:05:00+00:00
50,400,no2,142.01,µg/m³,2016-02-05 19:20:00+00:00
50,400,no2,132.01,µg/m³,2016-02-05 19:45:00+00:00
50,400,no2,142.8,µg/m³,2016-02-05 20:05:00+00:00
50,400,no2,132.6,µg/m³,2016-02-05 20:20:00+00:00
50,400,no2,118.1,µg/m³,2016-02-05 20:45:00+00:00
50,400,no2,108.7,µg/m³,2016-02-05 21:05:00+00:00
50,400,no2,106.3,µg/m³,2016-02-05 21:20:00+00:00
50,400,no2,93.1,µg/m³,2016-02-05 21:45:00+00:00
50,400,no2,105.5,µg/m³,2016-02-05 22:05:00+00:00
50,400,no2,100.4,µg/m³,2016-02-05 22:20:00+00:00
50,400,no2,101.8,µg/m³,2016-02-05 22:40:00+00:00
50,400,no2,104.3,µg/m³,2016-02-05 23:05:00+00:00
50,400,no2,106.9,µg/m³,2016-02-05 23:20:00+00:00
50,400,no2,93.7,µg/m³,2016-02-05 23:45:00+00:00
50,400,no2,95.4,µg/m³,2016-02-06 00:05:00+00:00
50,400,no2,92.8,µg/m³,2016-02-06 00:20:00+00:00
50,400,no2,96.8,µg/m³,2016-02-06 00:45:00+00:00
50,400,no2,98.91,µg/m³,2016-02-06 01:05:00+00:00
50,400,no2,102.51,µg/m³,2016-02-06 01:20:00+00:00
50,400,no2,108.91,µg/m³,2016-02-06 01:45:00+00:00
50,400,no2,94.71,µg/m³,2016-02-06 02:05:00+00:00
50,400,no2,117.51,µg/m³,2016-02-06 02:20:00+00:00
50,400,no2,168.7,µg/m³,2016-02-06 02:45:00+00:00
50,400,no2,178.5,µg/m³,2016-02-06 03:05:00+00:00
50,400,no2,192.0,µg/m³,2016-02-06 03:20:00+00:00
50,400,no2,188.7,µg/m³,2016-02-06 03:45:00+00:00
50,400,no2,198.4,µg/m³,2016-02-06 04:05:00+00:00
50,400,no2,112.7,µg/m³,2016-02-06 05:05:00+00:00
50,400,no2,102.0,µg/m³,2016-02-06 05:20:00+00:00
50,400,no2,82.9,µg/m³,2016-02-06 05:45:00+00:00
50,400,no2,75.0,µg/m³,2016-02-06 06:05:00+00:00
50,400,no2,72.0,µg/m³,2016-02-06 06:20:00+00:00
50,400,no2,77.3,µg/m³,2016-02-06 06:45:00+00:00
50,400,no2,65.1,µg/m³,2016-02-06 07:00:00+00:00
50,400,no2,57.9,µg/m³,2016-02-06 07:20:00+00:00
50,400,no2,90.9,µg/m³,2016-02-06 07:45:00+00:00
50,400,no2,73.3,µg/m³,2016-02-06 08:05:00+00:00
50,400,no2,67.7,µg/m³,2016-02-06 08:25:00+00:00
50,400,no2,98.6,µg/m³,2016-02-06 08:45:00+00:00
50,400,no2,86.2,µg/m³,2016-02-06 09:05:00+00:00
50,400,no2,83.9,µg/m³,2016-02-06 09:20:00+00:00
50,400,no2,55.6,µg/m³,2016-02-06 09:45:00+00:00
50,400,no2,71.7,µg/m³,2016-02-06 10:00:00+00:00
50,400,no2,87.6,µg/m³,2016-02-06 10:20:00+00:00
50,400,no2,60.5,µg/m³,2016-02-06 10:45:00+00:00
50,400,no2,78.8,µg/m³,2016-02-06 11:05:00+00:00
50,400,no2,68.8,µg/m³,2016-02-06 11:25:00+00:00
50,400,no2,108.9,µg/m³,2016-02-06 11:45:00+00:00
50,400,no2,120.7,µg/m³,2016-02-06 12:05:00+00:00
50,400,no2,109.4,µg/m³,2016-02-06 12:20:00+00:00
50,400,no2,157.4,µg/m³,2016-02-06 12:45:00+00:00
50,400,no2,150.8,µg/m³,2016-02-06 13:05:00+00:00
50,400,no2,150.8,µg/m³,2016-02-06 13:20:00+00:00
50,400,no2,145.2,µg/m³,2016-02-06 13:45:00+00:00
50,400,no2,155.7,µg/m³,2016-02-06 14:05:00+00:00
50,400,no2,139.4,µg/m³,2016-02-06 14:25:00+00:00
50,400,no2,157.4,µg/m³,2016-02-06 14:45:00+00:00
50,400,no2,157.1,µg/m³,2016-02-06 15:05:00+00:00
50,400,no2,149.0,µg/m³,2016-02-06 15:20:00+00:00
50,400,no2,151.6,µg/m³,2016-02-06 15:45:00+00:00
50,400,no2,156.7,µg/m³,2016-02-06 16:05:00+00:00
50,400,no2,155.9,µg/m³,2016-02-06 16:20:00+00:00
50,400,no2,141.9,µg/m³,2016-02-06 16:45:00+00:00
50,400,no2,141.1,µg/m³,2016-02-06 17:05:00+00:00
50,400,no2,139.3,µg/m³,2016-02-06 17:25:00+00:00
50,400,no2,140.5,µg/m³,2016-02-06 17:45:00+00:00
50,400,no2,129.6,µg/m³,2016-02-06 18:05:00+00:00
50,400,no2,126.6,µg/m³,2016-02-06 18:20:00+00:00
50,400,no2,127.5,µg/m³,2016-02-06 18:45:00+00:00
50,400,no2,139.8,µg/m³,2016-02-06 19:05:00+00:00
50,400,no2,133.8,µg/m³,2016-02-06 19:20:00+00:00
50,400,no2,128.1,µg/m³,2016-02-06 19:45:00+00:00
50,400,no2,121.5,µg/m³,2016-02-06 20:05:00+00:00
50,400,no2,112.4,µg/m³,2016-02-06 20:25:00+00:00
50,400,no2,105.5,µg/m³,2016-02-06 20:45:00+00:00
50,400,no2,105.8,µg/m³,2016-02-06 21:05:00+00:00
50,400,no2,99.5,µg/m³,2016-02-06 21:20:00+00:00
50,400,no2,91.5,µg/m³,2016-02-06 21:45:00+00:00
50,400,no2,87.5,µg/m³,2016-02-06 22:05:00+00:00
50,400,no2,91.5,µg/m³,2016-02-06 22:20:00+00:00
50,400,no2,95.1,µg/m³,2016-02-06 22:45:00+00:00
50,400,no2,100.3,µg/m³,2016-02-06 23:05:00+00:00
50,400,no2,108.7,µg/m³,2016-02-06 23:15:00+00:00
50,400,no2,92.1,µg/m³,2016-02-06 23:45:00+00:00
50,400,no2,103.1,µg/m³,2016-02-07 00:05:00+00:00
50,400,no2,82.0,µg/m³,2016-02-07 00:25:00+00:00
50,12234791,co,1.13,ppb,2025-02-18 20:00:00+00:00
50,12234791,co,1.18,ppb,2025-02-18 20:15:00+00:00
50,12234791,co,1.11,ppb,2025-02-18 21:00:00+00:00
50,12234791,co,1.08,ppb,2025-02-18 21:15:00+00:00
50,12234791,co,1.05,ppb,2025-02-18 21:30:00+00:00
50,12234791,co,1.01,ppb,2025-02-18 21:45:00+00:00
50,12234791,co,0.95,ppb,2025-02-18 22:00:00+00:00
50,12234791,co,0.9,ppb,2025-02-18 22:15:00+00:00
50,12234791,co,0.88,ppb,2025-02-18 22:30:00+00:00
50,12234791,co,0.86,ppb,2025-02-18 22:45:00+00:00
50,12234791,co,1.15,ppb,2025-02-18 23:00:00+00:00
50,12234791,co,1.17,ppb,2025-02-18 23:15:00+00:00
50,12234791,co,1.11,ppb,2025-02-18 23:30:00+00:00
50,12234791,co,1.1,ppb,2025-02-18 23:45:00+00:00
50,12234791,co,1.11,ppb,2025-02-19 00:00:00+00:00
50,12234791,co,1.19,ppb,2025-02-19 00:15:00+00:00
50,12234791,co,1.19,ppb,2025-02-19 00:30:00+00:00
50,12234791,co,1.19,ppb,2025-02-19 00:45:00+00:00
50,12234791,co,1.16,ppb,2025-02-19 01:00:00+00:00
50,12234791,co,1.16,ppb,2025-02-19 01:15:00+00:00
50,12234791,co,1.16,ppb,2025-02-19 01:30:00+00:00
50,12234791,co,1.19,ppb,2025-02-19 01:45:00+00:00
50,12234791,co,1.23,ppb,2025-02-19 02:00:00+00:00
50,12234791,co,1.25,ppb,2025-02-19 02:15:00+00:00
50,12234791,co,1.35,ppb,2025-02-19 02:30:00+00:00
50,12234791,co,1.32,ppb,2025-02-19 02:45:00+00:00
50,12234791,co,1.32,ppb,2025-02-19 03:00:00+00:00
50,12234791,co,1.34,ppb,2025-02-19 03:15:00+00:00
50,12234791,co,1.36,ppb,2025-02-19 03:30:00+00:00
50,12234791,co,1.31,ppb,2025-02-19 03:45:00+00:00
50,12234791,co,1.31,ppb,2025-02-19 04:00:00+00:00
50,12234791,co,1.31,ppb,2025-02-19 04:15:00+00:00
50,12234791,co,1.23,ppb,2025-02-19 04:30:00+00:00
50,12234791,co,1.2,ppb,2025-02-19 04:45:00+00:00
50,12234791,co,1.19,ppb,2025-02-19 05:00:00+00:00
50,12234791,co,1.17,ppb,2025-02-19 05:15:00+00:00
50,12234791,co,1.12,ppb,2025-02-19 05:30:00+00:00
50,12234791,co,1.09,ppb,2025-02-19 05:45:00+00:00
50,12234791,co,1.09,ppb,2025-02-19 06:00:00+00:00
50,12234791,co,1.08,ppb,2025-02-19 06:15:00+00:00
50,12234791,co,1.04,ppb,2025-02-19 06:30:00+00:00
50,12234791,co,1.01,ppb,2025-02-19 06:45:00+00:00
50,12234791,co,1.03,ppb,2025-02-19 07:00:00+00:00
50,12234791,co,0.98,ppb,2025-02-19 07:15:00+00:00
50,12234791,co,1.01,ppb,2025-02-19 07:30:00+00:00
50,12234791,co,0.95,ppb,2025-02-19 07:45:00+00:00
50,12234791,co,0.94,ppb,2025-02-19 08:00:00+00:00
50,12234791,co,1.02,ppb,2025-02-19 08:15:00+00:00
50,12234791,co,0.98,ppb,2025-02-19 08:30:00+00:00
50,12234791,co,0.94,ppb,2025-02-19 08:45:00+00:00
50,12234791,co,0.89,ppb,2025-02-19 09:00:00+00:00
50,12234791,co,0.88,ppb,2025-02-19 09:15:00+00:00
50,12234791,co,0.88,ppb,2025-02-19 09:30:00+00:00
50,12234791,co,0.89,ppb,2025-02-19 09:45:00+00:00
50,12234791,co,0.85,ppb,2025-02-19 10:00:00+00:00
50,12234791,co,0.86,ppb,2025-02-19 10:15:00+00:00
50,12234791,co,0.93,ppb,2025-02-19 10:30:00+00:00
50,12234791,co,0.94,ppb,2025-02-19 10:45:00+00:00
50,12234791,co,0.93,ppb,2025-02-19 11:00:00+00:00
50,12234791,co,0.95,ppb,2025-02-19 11:15:00+00:00
50,12234791,co,0.98,ppb,2025-02-19 11:30:00+00:00
50,12234791,co,1.01,ppb,2025-02-19 11:45:00+00:00
50,12234791,co,1.01,ppb,2025-02-19 12:00:00+00:00
50,12234791,co,1.01,ppb,2025-02-19 12:15:00+00:00
50,12234791,co,1.09,ppb,2025-02-19 12:30:00+00:00
50,12234791,co,1.16,ppb,2025-02-19 12:45:00+00:00
50,12234791,co,1.25,ppb,2025-02-19 13:00:00+00:00
50,12234791,co,1.31,ppb,2025-02-19 13:15:00+00:00
50,12234791,co,1.42,ppb,2025-02-19 13:30:00+00:00
50,12234791,co,1.55,ppb,2025-02-19 13:45:00+00:00
50,12234791,co,1.63,ppb,2025-02-19 14:00:00+00:00
50,12234791,co,1.58,ppb,2025-02-19 14:15:00+00:00
50,12234791,co,1.6,ppb,2025-02-19 14:30:00+00:00
50,12234791,co,1.61,ppb,2025-02-19 14:45:00+00:00
50,12234791,co,1.69,ppb,2025-02-19 15:00:00+00:00
50,12234791,co,1.71,ppb,2025-02-19 15:15:00+00:00
50,12234791,co,1.76,ppb,2025-02-19 15:30:00+00:00
50,12234791,co,1.63,ppb,2025-02-19 15:45:00+00:00
50,12234791,co,1.4,ppb,2025-02-19 16:00:00+00:00
50,12234791,co,1.4,ppb,2025-02-19 16:15:00+00:00
50,12234791,co,1.32,ppb,2025-02-19 16:30:00+00:00
50,12234791,co,1.43,ppb,2025-02-19 16:45:00+00:00
50,12234791,co,1.43,ppb,2025-02-19 17:00:00+00:00
50,12234791,co,1.35,ppb,2025-02-19 17:15:00+00:00
50,12234791,co,1.31,ppb,2025-02-19 17:30:00+00:00
50,12234791,co,1.15,ppb,2025-02-19 17:45:00+00:00
50,12234791,co,1.24,ppb,2025-02-19 18:00:00+00:00
50,12234791,co,1.17,ppb,2025-02-19 19:00:00+00:00
50,12234791,co,1.24,ppb,2025-02-19 19:15:00+00:00
50,12234791,co,1.23,ppb,2025-02-19 19:30:00+00:00
50,12234791,co,1.25,ppb,2025-02-19 19:45:00+00:00
50,12234791,co,1.04,ppb,2025-02-19 20:00:00+00:00
50,12234791,co,1.02,ppb,2025-02-19 20:15:00+00:00
50,12234791,co,1.15,ppb,2025-02-19 21:15:00+00:00
50,12234791,co,1.15,ppb,2025-02-19 21:30:00+00:00
50,12234791,co,1.13,ppb,2025-02-19 21:45:00+00:00
50,12234791,co,1.19,ppb,2025-02-19 22:00:00+00:00
50,12234791,co,1.18,ppb,2025-02-19 22:15:00+00:00
50,12234791,co,1.19,ppb,2025-02-19 22:30:00+00:00
50,12234791,co,1.2,ppb,2025-02-19 22:45:00+00:00
50,12234792,no,33.1,ppb,2025-02-18 20:00:00+00:00
50,12234792,no,30.0,ppb,2025-02-18 20:15:00+00:00
50,12234792,no,23.8,ppb,2025-02-18 21:15:00+00:00
50,12234792,no,21.4,ppb,2025-02-18 21:30:00+00:00
50,12234792,no,20.5,ppb,2025-02-18 21:45:00+00:00
50,12234792,no,19.0,ppb,2025-02-18 22:00:00+00:00
50,12234792,no,15.5,ppb,2025-02-18 22:15:00+00:00
50,12234792,no,12.8,ppb,2025-02-18 22:30:00+00:00
50,12234792,no,10.8,ppb,2025-02-18 22:45:00+00:00
50,12234792,no,13.5,ppb,2025-02-18 23:00:00+00:00
50,12234792,no,19.9,ppb,2025-02-18 23:15:00+00:00
50,12234792,no,16.7,ppb,2025-02-18 23:30:00+00:00
50,12234792,no,10.2,ppb,2025-02-18 23:45:00+00:00
50,12234792,no,10.2,ppb,2025-02-19 00:00:00+00:00
50,12234792,no,19.5,ppb,2025-02-19 00:15:00+00:00
50,12234792,no,24.5,ppb,2025-02-19 00:30:00+00:00
50,12234792,no,23.6,ppb,2025-02-19 00:45:00+00:00
50,12234792,no,22.7,ppb,2025-02-19 01:00:00+00:00
50,12234792,no,23.1,ppb,2025-02-19 01:15:00+00:00
50,12234792,no,21.0,ppb,2025-02-19 01:30:00+00:00
50,12234792,no,20.2,ppb,2025-02-19 01:45:00+00:00
50,12234792,no,17.2,ppb,2025-02-19 02:00:00+00:00
50,12234792,no,15.6,ppb,2025-02-19 02:15:00+00:00
50,12234792,no,14.7,ppb,2025-02-19 02:30:00+00:00
50,12234792,no,14.1,ppb,2025-02-19 02:45:00+00:00
50,12234792,no,11.7,ppb,2025-02-19 03:00:00+00:00
50,12234792,no,9.3,ppb,2025-02-19 03:15:00+00:00
50,12234792,no,9.5,ppb,2025-02-19 03:30:00+00:00
50,12234792,no,9.2,ppb,2025-02-19 03:45:00+00:00
50,12234792,no,6.3,ppb,2025-02-19 04:00:00+00:00
50,12234792,no,5.0,ppb,2025-02-19 04:15:00+00:00
50,12234792,no,5.8,ppb,2025-02-19 04:30:00+00:00
50,12234792,no,3.9,ppb,2025-02-19 04:45:00+00:00
50,12234792,no,3.9,ppb,2025-02-19 05:00:00+00:00
50,12234792,no,2.1,ppb,2025-02-19 05:15:00+00:00
50,12234792,no,2.1,ppb,2025-02-19 05:30:00+00:00
50,12234792,no,0.8,ppb,2025-02-19 05:45:00+00:00
50,12234792,no,0.8,ppb,2025-02-19 06:00:00+00:00
50,12234792,no,1.5,ppb,2025-02-19 06:15:00+00:00
50,12234792,no,1.2,ppb,2025-02-19 06:30:00+00:00
50,12234792,no,1.5,ppb,2025-02-19 06:45:00+00:00
50,12234792,no,1.0,ppb,2025-02-19 07:00:00+00:00
50,12234792,no,0.8,ppb,2025-02-19 07:15:00+00:00
50,12234792,no,1.0,ppb,2025-02-19 07:30:00+00:00
50,12234792,no,1.2,ppb,2025-02-19 07:45:00+00:00
50,12234792,no,0.3,ppb,2025-02-19 08:00:00+00:00
50,12234792,no,1.1,ppb,2025-02-19 08:15:00+00:00
50,12234792,no,1.1,ppb,2025-02-19 08:30:00+00:00
50,12234792,no,0.3,ppb,2025-02-19 08:45:00+00:00
50,12234792,no,0.8,ppb,2025-02-19 09:00:00+00:00
50,12234792,no,1.0,ppb,2025-02-19 09:15:00+00:00
50,12234792,no,0.5,ppb,2025-02-19 09:30:00+00:00
50,12234792,no,0.9,ppb,2025-02-19 10:00:00+00:00
50,12234792,no,0.2,ppb,2025-02-19 10:30:00+00:00
50,12234792,no,1.4,ppb,2025-02-19 10:45:00+00:00
50,12234792,no,0.4,ppb,2025-02-19 11:00:00+00:00
50,12234792,no,1.1,ppb,2025-02-19 11:15:00+00:00
50,12234792,no,1.5,ppb,2025-02-19 11:30:00+00:00
50,12234792,no,2.0,ppb,2025-02-19 11:45:00+00:00
50,12234792,no,2.1,ppb,2025-02-19 12:00:00+00:00
50,12234792,no,0.1,ppb,2025-02-19 12:15:00+00:00
50,12234792,no,1.1,ppb,2025-02-19 12:30:00+00:00
50,12234792,no,3.0,ppb,2025-02-19 12:45:00+00:00
50,12234792,no,4.0,ppb,2025-02-19 13:00:00+00:00
50,12234792,no,7.5,ppb,2025-02-19 13:15:00+00:00
50,12234792,no,14.4,ppb,2025-02-19 13:30:00+00:00
50,12234792,no,22.2,ppb,2025-02-19 13:45:00+00:00
50,12234792,no,22.8,ppb,2025-02-19 14:00:00+00:00
50,12234792,no,20.2,ppb,2025-02-19 14:15:00+00:00
50,12234792,no,14.2,ppb,2025-02-19 14:30:00+00:00
50,12234792,no,12.5,ppb,2025-02-19 14:45:00+00:00
50,12234792,no,12.3,ppb,2025-02-19 15:00:00+00:00
50,12234792,no,11.9,ppb,2025-02-19 15:15:00+00:00
50,12234792,no,14.0,ppb,2025-02-19 15:30:00+00:00
50,12234792,no,14.7,ppb,2025-02-19 15:45:00+00:00
50,12234792,no,7.2,ppb,2025-02-19 16:00:00+00:00
50,12234792,no,4.1,ppb,2025-02-19 16:15:00+00:00
50,12234792,no,3.7,ppb,2025-02-19 16:30:00+00:00
50,12234792,no,3.0,ppb,2025-02-19 16:45:00+00:00
50,12234792,no,4.9,ppb,2025-02-19 17:00:00+00:00
50,12234792,no,3.8,ppb,2025-02-19 17:15:00+00:00
50,12234792,no,3.0,ppb,2025-02-19 17:30:00+00:00
50,12234792,no,2.7,ppb,2025-02-19 17:45:00+00:00
50,12234792,no,2.9,ppb,2025-02-19 18:00:00+00:00
50,12234792,no,9.9,ppb,2025-02-19 19:00:00+00:00
50,12234792,no,15.3,ppb,2025-02-19 19:15:00+00:00
50,12234792,no,16.9,ppb,2025-02-19 19:30:00+00:00
50,12234792,no,21.9,ppb,2025-02-19 19:45:00+00:00
50,12234792,no,15.6,ppb,2025-02-19 20:00:00+00:00
50,12234792,no,10.6,ppb,2025-02-19 20:15:00+00:00
50,12234792,no,7.0,ppb,2025-02-19 21:15:00+00:00
50,12234792,no,7.2,ppb,2025-02-19 21:30:00+00:00
50,12234792,no,7.4,ppb,2025-02-19 21:45:00+00:00
50,12234792,no,8.6,ppb,2025-02-19 22:00:00+00:00
50,12234792,no,13.6,ppb,2025-02-19 22:15:00+00:00
50,12234792,no,17.7,ppb,2025-02-19 22:30:00+00:00
50,12234792,no,23.2,ppb,2025-02-19 22:45:00+00:00
50,12234792,no,23.5,ppb,2025-02-19 23:00:00+00:00
50,12234792,no,24.0,ppb,2025-02-19 23:15:00+00:00
50,12234792,no,25.6,ppb,2025-02-19 23:30:00+00:00
50,12234793,no2,41.1,ppb,2025-02-18 20:00:00+00:00
50,12234793,no2,39.9,ppb,2025-02-18 20:15:00+00:00
50,12234793,no2,38.6,ppb,2025-02-18 21:15:00+00:00
50,12234793,no2,39.0,ppb,2025-02-18 21:30:00+00:00
50,12234793,no2,38.7,ppb,2025-02-18 21:45:00+00:00
50,12234793,no2,37.7,ppb,2025-02-18 22:00:00+00:00
50,12234793,no2,39.6,ppb,2025-02-18 22:15:00+00:00
50,12234793,no2,40.1,ppb,2025-02-18 22:30:00+00:00
50,12234793,no2,39.2,ppb,2025-02-18 22:45:00+00:00
50,12234793,no2,36.5,ppb,2025-02-18 23:00:00+00:00
50,12234793,no2,34.1,ppb,2025-02-18 23:15:00+00:00
50,12234793,no2,37.5,ppb,2025-02-18 23:30:00+00:00
50,12234793,no2,35.8,ppb,2025-02-18 23:45:00+00:00
50,12234793,no2,33.7,ppb,2025-02-19 00:00:00+00:00
50,12234793,no2,33.7,ppb,2025-02-19 00:15:00+00:00
50,12234793,no2,36.7,ppb,2025-02-19 00:30:00+00:00
50,12234793,no2,38.5,ppb,2025-02-19 00:45:00+00:00
50,12234793,no2,40.4,ppb,2025-02-19 01:00:00+00:00
50,12234793,no2,41.5,ppb,2025-02-19 01:15:00+00:00
50,12234793,no2,42.2,ppb,2025-02-19 01:30:00+00:00
50,12234793,no2,42.9,ppb,2025-02-19 01:45:00+00:00
50,12234793,no2,44.6,ppb,2025-02-19 02:00:00+00:00
50,12234793,no2,44.2,ppb,2025-02-19 02:15:00+00:00
50,12234793,no2,44.7,ppb,2025-02-19 02:30:00+00:00
50,12234793,no2,45.7,ppb,2025-02-19 02:45:00+00:00
50,12234793,no2,46.8,ppb,2025-02-19 03:00:00+00:00
50,12234793,no2,48.1,ppb,2025-02-19 03:15:00+00:00
50,12234793,no2,49.8,ppb,2025-02-19 03:30:00+00:00
50,12234793,no2,48.7,ppb,2025-02-19 03:45:00+00:00
50,12234793,no2,48.5,ppb,2025-02-19 04:00:00+00:00
50,12234793,no2,48.2,ppb,2025-02-19 04:15:00+00:00
50,12234793,no2,46.2,ppb,2025-02-19 04:30:00+00:00
50,12234793,no2,45.5,ppb,2025-02-19 04:45:00+00:00
50,12234793,no2,43.0,ppb,2025-02-19 05:00:00+00:00
50,12234793,no2,42.9,ppb,2025-02-19 05:15:00+00:00
50,12234793,no2,40.7,ppb,2025-02-19 05:30:00+00:00
50,12234793,no2,38.0,ppb,2025-02-19 05:45:00+00:00
50,12234793,no2,36.2,ppb,2025-02-19 06:00:00+00:00
50,12234793,no2,34.6,ppb,2025-02-19 06:15:00+00:00
50,12234793,no2,33.8,ppb,2025-02-19 06:30:00+00:00
50,12234793,no2,30.3,ppb,2025-02-19 06:45:00+00:00
50,12234793,no2,28.7,ppb,2025-02-19 07:00:00+00:00
50,12234793,no2,27.0,ppb,2025-02-19 07:15:00+00:00
50,12234793,no2,26.4,ppb,2025-02-19 07:30:00+00:00
50,12234793,no2,25.4,ppb,2025-02-19 07:45:00+00:00
50,12234793,no2,24.0,ppb,2025-02-19 08:00:00+00:00
50,12234793,no2,22.4,ppb,2025-02-19 08:15:00+00:00
50,12234793,no2,23.4,ppb,2025-02-19 08:30:00+00:00
50,12234793,no2,22.7,ppb,2025-02-19 08:45:00+00:00
50,12234793,no2,21.1,ppb,2025-02-19 09:00:00+00:00
50,12234793,no2,19.3,ppb,2025-02-19 09:15:00+00:00
50,12234793,no2,18.5,ppb,2025-02-19 09:30:00+00:00
50,12234793,no2,22.8,ppb,2025-02-19 09:45:00+00:00
50,12234793,no2,19.6,ppb,2025-02-19 10:00:00+00:00
50,12234793,no2,18.3,ppb,2025-02-19 10:15:00+00:00
50,12234793,no2,20.2,ppb,2025-02-19 10:30:00+00:00
50,12234793,no2,25.0,ppb,2025-02-19 10:45:00+00:00
50,12234793,no2,26.5,ppb,2025-02-19 11:00:00+00:00
50,12234793,no2,27.5,ppb,2025-02-19 11:15:00+00:00
50,12234793,no2,33.8,ppb,2025-02-19 11:30:00+00:00
50,12234793,no2,38.3,ppb,2025-02-19 11:45:00+00:00
50,12234793,no2,39.8,ppb,2025-02-19 12:00:00+00:00
50,12234793,no2,41.1,ppb,2025-02-19 12:15:00+00:00
50,12234793,no2,42.7,ppb,2025-02-19 12:30:00+00:00
50,12234793,no2,54.4,ppb,2025-02-19 12:45:00+00:00
50,12234793,no2,61.5,ppb,2025-02-19 13:00:00+00:00
50,12234793,no2,68.8,ppb,2025-02-19 13:15:00+00:00
50,12234793,no2,71.7,ppb,2025-02-19 13:30:00+00:00
50,12234793,no2,74.4,ppb,2025-02-19 13:45:00+00:00
50,12234793,no2,74.8,ppb,2025-02-19 14:00:00+00:00
50,12234793,no2,75.0,ppb,2025-02-19 14:15:00+00:00
50,12234793,no2,76.0,ppb,2025-02-19 14:30:00+00:00
50,12234793,no2,72.4,ppb,2025-02-19 14:45:00+00:00
50,12234793,no2,71.7,ppb,2025-02-19 15:00:00+00:00
50,12234793,no2,70.6,ppb,2025-02-19 15:15:00+00:00
50,12234793,no2,68.0,ppb,2025-02-19 15:30:00+00:00
50,12234793,no2,68.2,ppb,2025-02-19 15:45:00+00:00
50,12234793,no2,61.2,ppb,2025-02-19 16:00:00+00:00
50,12234793,no2,58.9,ppb,2025-02-19 16:15:00+00:00
50,12234793,no2,55.6,ppb,2025-02-19 16:30:00+00:00
50,12234793,no2,53.6,ppb,2025-02-19 16:45:00+00:00
50,12234793,no2,52.9,ppb,2025-02-19 17:00:00+00:00
50,12234793,no2,52.5,ppb,2025-02-19 17:15:00+00:00
50,12234793,no2,51.3,ppb,2025-02-19 17:30:00+00:00
50,12234793,no2,46.7,ppb,2025-02-19 17:45:00+00:00
50,12234793,no2,41.8,ppb,2025-02-19 18:00:00+00:00
50,12234793,no2,44.6,ppb,2025-02-19 19:00:00+00:00
50,12234793,no2,46.8,ppb,2025-02-19 19:15:00+00:00
50,12234793,no2,47.0,ppb,2025-02-19 19:30:00+00:00
50,12234793,no2,45.7,ppb,2025-02-19 19:45:00+00:00
50,12234793,no2,43.6,ppb,2025-02-19 20:00:00+00:00
50,12234793,no2,40.0,ppb,2025-02-19 20:15:00+00:00
50,12234793,no2,39.3,ppb,2025-02-19 21:15:00+00:00
50,12234793,no2,38.1,ppb,2025-02-19 21:30:00+00:00
50,12234793,no2,37.6,ppb,2025-02-19 21:45:00+00:00
50,12234793,no2,36.5,ppb,2025-02-19 22:00:00+00:00
50,12234793,no2,33.3,ppb,2025-02-19 22:15:00+00:00
50,12234793,no2,34.7,ppb,2025-02-19 22:30:00+00:00
50,12234793,no2,35.3,ppb,2025-02-19 22:45:00+00:00
50,12234793,no2,36.0,ppb,2025-02-19 23:00:00+00:00
50,12234794,o3,1.8,µg/m³,2025-02-18 20:15:00+00:00
50,12234794,o3,2.2,µg/m³,2025-02-18 20:30:00+00:00
50,12234794,o3,1.3,µg/m³,2025-02-18 20:45:00+00:00
50,12234794,o3,1.5,µg/m³,2025-02-18 21:00:00+00:00
50,12234794,o3,2.2,µg/m³,2025-02-18 21:15:00+00:00
50,12234794,o3,3.3,µg/m³,2025-02-18 21:30:00+00:00
50,12234794,o3,1.9,µg/m³,2025-02-18 21:45:00+00:00
50,12234794,o3,1.9,µg/m³,2025-02-18 22:00:00+00:00
50,12234794,o3,2.3,µg/m³,2025-02-18 22:15:00+00:00
50,12234794,o3,3.5,µg/m³,2025-02-18 22:30:00+00:00
50,12234794,o3,3.7,µg/m³,2025-02-18 22:45:00+00:00
50,12234794,o3,2.4,µg/m³,2025-02-18 23:00:00+00:00
50,12234794,o3,3.0,µg/m³,2025-02-18 23:15:00+00:00
50,12234794,o3,4.5,µg/m³,2025-02-18 23:30:00+00:00
50,12234794,o3,4.7,µg/m³,2025-02-18 23:45:00+00:00
50,12234794,o3,3.5,µg/m³,2025-02-19 00:00:00+00:00
50,12234794,o3,2.2,µg/m³,2025-02-19 00:15:00+00:00
50,12234794,o3,2.2,µg/m³,2025-02-19 00:30:00+00:00
50,12234794,o3,1.8,µg/m³,2025-02-19 00:45:00+00:00
50,12234794,o3,1.9,µg/m³,2025-02-19 01:00:00+00:00
50,12234794,o3,3.7,µg/m³,2025-02-19 01:15:00+00:00
50,12234794,o3,3.4,µg/m³,2025-02-19 01:30:00+00:00
50,12234794,o3,2.8,µg/m³,2025-02-19 01:45:00+00:00
50,12234794,o3,5.0,µg/m³,2025-02-19 02:00:00+00:00
50,12234794,o3,7.1,µg/m³,2025-02-19 02:15:00+00:00
50,12234794,o3,9.7,µg/m³,2025-02-19 02:30:00+00:00
50,12234794,o3,11.8,µg/m³,2025-02-19 02:45:00+00:00
50,12234794,o3,17.5,µg/m³,2025-02-19 03:00:00+00:00
50,12234794,o3,19.1,µg/m³,2025-02-19 03:15:00+00:00
50,12234794,o3,20.5,µg/m³,2025-02-19 03:30:00+00:00
50,12234794,o3,28.1,µg/m³,2025-02-19 03:45:00+00:00
50,12234794,o3,28.6,µg/m³,2025-02-19 04:00:00+00:00
50,12234794,o3,35.8,µg/m³,2025-02-19 04:15:00+00:00
50,12234794,o3,41.0,µg/m³,2025-02-19 04:30:00+00:00
50,12234794,o3,47.4,µg/m³,2025-02-19 04:45:00+00:00
50,12234794,o3,49.2,µg/m³,2025-02-19 05:00:00+00:00
50,12234794,o3,54.6,µg/m³,2025-02-19 05:15:00+00:00
50,12234794,o3,63.2,µg/m³,2025-02-19 05:30:00+00:00
50,12234794,o3,67.3,µg/m³,2025-02-19 05:45:00+00:00
50,12234794,o3,68.5,µg/m³,2025-02-19 06:00:00+00:00
50,12234794,o3,75.4,µg/m³,2025-02-19 06:15:00+00:00
50,12234794,o3,79.9,µg/m³,2025-02-19 06:30:00+00:00
50,12234794,o3,86.9,µg/m³,2025-02-19 06:45:00+00:00
50,12234794,o3,88.6,µg/m³,2025-02-19 07:00:00+00:00
50,12234794,o3,89.6,µg/m³,2025-02-19 07:15:00+00:00
50,12234794,o3,85.1,µg/m³,2025-02-19 07:30:00+00:00
50,12234794,o3,91.5,µg/m³,2025-02-19 07:45:00+00:00
50,12234794,o3,101.5,µg/m³,2025-02-19 08:00:00+00:00
50,12234794,o3,108.3,µg/m³,2025-02-19 08:15:00+00:00
50,12234794,o3,110.8,µg/m³,2025-02-19 08:30:00+00:00
50,12234794,o3,106.6,µg/m³,2025-02-19 08:45:00+00:00
50,12234794,o3,99.3,µg/m³,2025-02-19 09:00:00+00:00
50,12234794,o3,98.3,µg/m³,2025-02-19 09:15:00+00:00
50,12234794,o3,98.4,µg/m³,2025-02-19 09:30:00+00:00
50,12234794,o3,89.0,µg/m³,2025-02-19 09:45:00+00:00
50,12234794,o3,94.5,µg/m³,2025-02-19 10:00:00+00:00
50,12234794,o3,94.5,µg/m³,2025-02-19 10:15:00+00:00
50,12234794,o3,86.6,µg/m³,2025-02-19 10:30:00+00:00
50,12234794,o3,82.2,µg/m³,2025-02-19 10:45:00+00:00
50,12234794,o3,84.4,µg/m³,2025-02-19 11:00:00+00:00
50,12234794,o3,74.0,µg/m³,2025-02-19 11:15:00+00:00
50,12234794,o3,62.3,µg/m³,2025-02-19 11:30:00+00:00
50,12234794,o3,56.5,µg/m³,2025-02-19 11:45:00+00:00
50,12234794,o3,55.5,µg/m³,2025-02-19 12:00:00+00:00
50,12234794,o3,50.4,µg/m³,2025-02-19 12:15:00+00:00
50,12234794,o3,33.1,µg/m³,2025-02-19 12:30:00+00:00
50,12234794,o3,13.8,µg/m³,2025-02-19 12:45:00+00:00
50,12234794,o3,3.5,µg/m³,2025-02-19 13:00:00+00:00
50,12234794,o3,2.6,µg/m³,2025-02-19 13:15:00+00:00
50,12234794,o3,1.9,µg/m³,2025-02-19 13:30:00+00:00
50,12234794,o3,1.8,µg/m³,2025-02-19 13:45:00+00:00
50,12234794,o3,4.8,µg/m³,2025-02-19 14:00:00+00:00
50,12234794,o3,8.6,µg/m³,2025-02-19 14:15:00+00:00
50,12234794,o3,7.8,µg/m³,2025-02-19 14:30:00+00:00
50,12234794,o3,5.0,µg/m³,2025-02-19 14:45:00+00:00
50,12234794,o3,3.3,µg/m³,2025-02-19 15:00:00+00:00
50,12234794,o3,1.6,µg/m³,2025-02-19 15:15:00+00:00
50,12234794,o3,0.9,µg/m³,2025-02-19 15:30:00+00:00
50,12234794,o3,11.6,µg/m³,2025-02-19 15:45:00+00:00
50,12234794,o3,30.4,µg/m³,2025-02-19 16:00:00+00:00
50,12234794,o3,28.2,µg/m³,2025-02-19 16:15:00+00:00
50,12234794,o3,26.6,µg/m³,2025-02-19 16:30:00+00:00
50,12234794,o3,19.4,µg/m³,2025-02-19 16:45:00+00:00
50,12234794,o3,10.5,µg/m³,2025-02-19 17:00:00+00:00
50,12234794,o3,13.2,µg/m³,2025-02-19 17:15:00+00:00
50,12234794,o3,16.1,µg/m³,2025-02-19 17:30:00+00:00
50,12234794,o3,28.3,µg/m³,2025-02-19 17:45:00+00:00
50,12234794,o3,24.9,µg/m³,2025-02-19 18:00:00+00:00
50,12234794,o3,4.2,µg/m³,2025-02-19 19:00:00+00:00
50,12234794,o3,2.2,µg/m³,2025-02-19 19:15:00+00:00
50,12234794,o3,16.9,µg/m³,2025-02-19 20:15:00+00:00
50,12234794,o3,12.3,µg/m³,2025-02-19 20:30:00+00:00
50,12234794,o3,7.3,µg/m³,2025-02-19 20:45:00+00:00
50,12234794,o3,5.5,µg/m³,2025-02-19 21:00:00+00:00
50,12234794,o3,7.5,µg/m³,2025-02-19 21:15:00+00:00
50,12234794,o3,6.7,µg/m³,2025-02-19 21:30:00+00:00
50,12234794,o3,4.6,µg/m³,2025-02-19 21:45:00+00:00
50,12234794,o3,4.0,µg/m³,2025-02-19 22:00:00+00:00
50,12234794,o3,2.7,µg/m³,2025-02-19 22:15:00+00:00
50,12234794,o3,2.3,µg/m³,2025-02-19 22:30:00+00:00
50,12234795,pm10,194.0,µg/m³,2025-02-18 20:00:00+00:00
50,12234795,pm10,168.0,µg/m³,2025-02-18 20:15:00+00:00
50,12234795,pm10,168.0,µg/m³,2025-02-18 20:30:00+00:00
50,12234795,pm10,168.0,µg/m³,2025-02-18 20:45:00+00:00
50,12234795,pm10,168.0,µg/m³,2025-02-18 21:00:00+00:00
50,12234795,pm10,204.0,µg/m³,2025-02-18 21:15:00+00:00
50,12234795,pm10,204.0,µg/m³,2025-02-18 21:30:00+00:00
50,12234795,pm10,204.0,µg/m³,2025-02-18 21:45:00+00:00
50,12234795,pm10,204.0,µg/m³,2025-02-18 22:00:00+00:00
50,12234795,pm10,201.0,µg/m³,2025-02-18 22:15:00+00:00
50,12234795,pm10,201.0,µg/m³,2025-02-18 22:30:00+00:00
50,12234795,pm10,201.0,µg/m³,2025-02-18 22:45:00+00:00
50,12234795,pm10,201.0,µg/m³,2025-02-18 23:00:00+00:00
50,12234795,pm10,166.0,µg/m³,2025-02-18 23:15:00+00:00
50,12234795,pm10,166.0,µg/m³,2025-02-18 23:30:00+00:00
50,12234795,pm10,166.0,µg/m³,2025-02-18 23:45:00+00:00
50,12234795,pm10,166.0,µg/m³,2025-02-19 00:00:00+00:00
50,12234795,pm10,140.0,µg/m³,2025-02-19 00:15:00+00:00
50,12234795,pm10,140.0,µg/m³,2025-02-19 00:30:00+00:00
50,12234795,pm10,140.0,µg/m³,2025-02-19 00:45:00+00:00
50,12234795,pm10,140.0,µg/m³,2025-02-19 01:00:00+00:00
50,12234795,pm10,163.0,µg/m³,2025-02-19 01:15:00+00:00
50,12234795,pm10,163.0,µg/m³,2025-02-19 01:30:00+00:00
50,12234795,pm10,163.0,µg/m³,2025-02-19 01:45:00+00:00
50,12234795,pm10,163.0,µg/m³,2025-02-19 02:00:00+00:00
50,12234795,pm10,195.0,µg/m³,2025-02-19 02:15:00+00:00
50,12234795,pm10,195.0,µg/m³,2025-02-19 02:30:00+00:00
50,12234795,pm10,195.0,µg/m³,2025-02-19 02:45:00+00:00
50,12234795,pm10,195.0,µg/m³,2025-02-19 03:00:00+00:00
50,12234795,pm10,250.0,µg/m³,2025-02-19 03:15:00+00:00
50,12234795,pm10,250.0,µg/m³,2025-02-19 03:30:00+00:00
50,12234795,pm10,250.0,µg/m³,2025-02-19 03:45:00+00:00
50,12234795,pm10,250.0,µg/m³,2025-02-19 04:00:00+00:00
50,12234795,pm10,276.0,µg/m³,2025-02-19 04:15:00+00:00
50,12234795,pm10,276.0,µg/m³,2025-02-19 04:30:00+00:00
50,12234795,pm10,276.0,µg/m³,2025-02-19 04:45:00+00:00
50,12234795,pm10,276.0,µg/m³,2025-02-19 05:00:00+00:00
50,12234795,pm10,210.0,µg/m³,2025-02-19 05:15:00+00:00
50,12234795,pm10,210.0,µg/m³,2025-02-19 05:30:00+00:00
50,12234795,pm10,210.0,µg/m³,2025-02-19 05:45:00+00:00
50,12234795,pm10,210.0,µg/m³,2025-02-19 06:00:00+00:00
50,12234795,pm10,175.0,µg/m³,2025-02-19 06:15:00+00:00
50,12234795,pm10,175.0,µg/m³,2025-02-19 06:30:00+00:00
50,12234795,pm10,175.0,µg/m³,2025-02-19 06:45:00+00:00
50,12234795,pm10,175.0,µg/m³,2025-02-19 07:00:00+00:00
50,12234795,pm10,153.0,µg/m³,2025-02-19 07:15:00+00:00
50,12234795,pm10,153.0,µg/m³,2025-02-19 07:30:00+00:00
50,12234795,pm10,153.0,µg/m³,2025-02-19 07:45:00+00:00
50,12234795,pm10,153.0,µg/m³,2025-02-19 08:00:00+00:00
50,12234795,pm10,143.0,µg/m³,2025-02-19 08:15:00+00:00
50,12234795,pm10,143.0,µg/m³,2025-02-19 08:30:00+00:00
50,12234795,pm10,143.0,µg/m³,2025-02-19 08:45:00+00:00
50,12234795,pm10,143.0,µg/m³,2025-02-19 09:00:00+00:00
50,12234795,pm10,146.0,µg/m³,2025-02-19 09:15:00+00:00
50,12234795,pm10,146.0,µg/m³,2025-02-19 09:30:00+00:00
50,12234795,pm10,146.0,µg/m³,2025-02-19 09:45:00+00:00
50,12234795,pm10,146.0,µg/m³,2025-02-19 10:00:00+00:00
50,12234795,pm10,113.0,µg/m³,2025-02-19 10:15:00+00:00
50,12234795,pm10,113.0,µg/m³,2025-02-19 10:30:00+00:00
50,12234795,pm10,113.0,µg/m³,2025-02-19 10:45:00+00:00
50,12234795,pm10,113.0,µg/m³,2025-02-19 11:00:00+00:00
50,12234795,pm10,134.0,µg/m³,2025-02-19 11:15:00+00:00
50,12234795,pm10,134.0,µg/m³,2025-02-19 11:30:00+00:00
50,12234795,pm10,134.0,µg/m³,2025-02-19 11:45:00+00:00
50,12234795,pm10,134.0,µg/m³,2025-02-19 12:00:00+00:00
50,12234795,pm10,150.0,µg/m³,2025-02-19 12:15:00+00:00
50,12234795,pm10,150.0,µg/m³,2025-02-19 12:30:00+00:00
50,12234795,pm10,150.0,µg/m³,2025-02-19 12:45:00+00:00
50,12234795,pm10,150.0,µg/m³,2025-02-19 13:00:00+00:00
50,12234795,pm10,163.0,µg/m³,2025-02-19 13:15:00+00:00
50,12234795,pm10,163.0,µg/m³,2025-02-19 13:30:00+00:00
50,12234795,pm10,163.0,µg/m³,2025-02-19 13:45:00+00:00
50,12234795,pm10,163.0,µg/m³,2025-02-19 14:00:00+00:00
50,12234795,pm10,223.0,µg/m³,2025-02-19 14:15:00+00:00
50,12234795,pm10,223.0,µg/m³,2025-02-19 14:30:00+00:00
50,12234795,pm10,223.0,µg/m³,2025-02-19 14:45:00+00:00
50,12234795,pm10,223.0,µg/m³,2025-02-19 15:00:00+00:00
50,12234795,pm10,274.0,µg/m³,2025-02-19 15:15:00+00:00
50,12234795,pm10,274.0,µg/m³,2025-02-19 15:30:00+00:00
50,12234795,pm10,274.0,µg/m³,2025-02-19 15:45:00+00:00
50,12234795,pm10,274.0,µg/m³,2025-02-19 16:00:00+00:00
50,12234795,pm10,393.0,µg/m³,2025-02-19 16:15:00+00:00
50,12234795,pm10,393.0,µg/m³,2025-02-19 16:30:00+00:00
50,12234795,pm10,393.0,µg/m³,2025-02-19 16:45:00+00:00
50,12234795,pm10,393.0,µg/m³,2025-02-19 17:00:00+00:00
50,12234795,pm10,243.0,µg/m³,2025-02-19 17:15:00+00:00
50,12234795,pm10,243.0,µg/m³,2025-02-19 17:30:00+00:00
50,12234795,pm10,243.0,µg/m³,2025-02-19 17:45:00+00:00
50,12234795,pm10,243.0,µg/m³,2025-02-19 18:00:00+00:00
50,12234795,pm10,201.0,µg/m³,2025-02-19 19:00:00+00:00
50,12234795,pm10,224.0,µg/m³,2025-02-19 19:15:00+00:00
50,12234795,pm10,224.0,µg/m³,2025-02-19 19:30:00+00:00
50,12234795,pm10,224.0,µg/m³,2025-02-19 19:45:00+00:00
50,12234795,pm10,224.0,µg/m³,2025-02-19 20:00:00+00:00
50,12234795,pm10,204.0,µg/m³,2025-02-19 20:15:00+00:00
50,12234795,pm10,204.0,µg/m³,2025-02-19 20:30:00+00:00
50,12234795,pm10,204.0,µg/m³,2025-02-19 20:45:00+00:00
50,12234795,pm10,204.0,µg/m³,2025-02-19 21:00:00+00:00
50,12234795,pm10,164.0,µg/m³,2025-02-19 21:15:00+00:00
50,12234795,pm10,164.0,µg/m³,2025-02-19 21:30:00+00:00
50,12234796,pm25,95.0,µg/m³,2025-02-18 20:00:00+00:00
50,12234796,pm25,119.0,µg/m³,2025-02-18 20:15:00+00:00
50,12234796,pm25,119.0,µg/m³,2025-02-18 20:30:00+00:00
50,12234796,pm25,119.0,µg/m³,2025-02-18 20:45:00+00:00
50,12234796,pm25,119.0,µg/m³,2025-02-18 21:00:00+00:00
50,12234796,pm25,124.0,µg/m³,2025-02-18 21:15:00+00:00
50,12234796,pm25,124.0,µg/m³,2025-02-18 21:30:00+00:00
50,12234796,pm25,124.0,µg/m³,2025-02-18 21:45:00+00:00
50,12234796,pm25,124.0,µg/m³,2025-02-18 22:00:00+00:00
50,12234796,pm25,117.0,µg/m³,2025-02-18 22:15:00+00:00
50,12234796,pm25,117.0,µg/m³,2025-02-18 22:30:00+00:00
50,12234796,pm25,117.0,µg/m³,2025-02-18 22:45:00+00:00
50,12234796,pm25,117.0,µg/m³,2025-02-18 23:00:00+00:00
50,12234796,pm25,100.0,µg/m³,2025-02-18 23:15:00+00:00
50,12234796,pm25,100.0,µg/m³,2025-02-18 23:30:00+00:00
50,12234796,pm25,100.0,µg/m³,2025-02-18 23:45:00+00:00
50,12234796,pm25,100.0,µg/m³,2025-02-19 00:00:00+00:00
50,12234796,pm25,68.0,µg/m³,2025-02-19 00:15:00+00:00
50,12234796,pm25,68.0,µg/m³,2025-02-19 00:30:00+00:00
50,12234796,pm25,68.0,µg/m³,2025-02-19 00:45:00+00:00
50,12234796,pm25,68.0,µg/m³,2025-02-19 01:00:00+00:00
50,12234796,pm25,83.0,µg/m³,2025-02-19 01:15:00+00:00
50,12234796,pm25,83.0,µg/m³,2025-02-19 01:30:00+00:00
50,12234796,pm25,83.0,µg/m³,2025-02-19 01:45:00+00:00
50,12234796,pm25,83.0,µg/m³,2025-02-19 02:00:00+00:00
50,12234796,pm25,89.0,µg/m³,2025-02-19 02:15:00+00:00
50,12234796,pm25,89.0,µg/m³,2025-02-19 02:30:00+00:00
50,12234796,pm25,89.0,µg/m³,2025-02-19 02:45:00+00:00
50,12234796,pm25,89.0,µg/m³,2025-02-19 03:00:00+00:00
50,12234796,pm25,118.0,µg/m³,2025-02-19 03:15:00+00:00
50,12234796,pm25,118.0,µg/m³,2025-02-19 03:30:00+00:00
50,12234796,pm25,118.0,µg/m³,2025-02-19 03:45:00+00:00
50,12234796,pm25,118.0,µg/m³,2025-02-19 04:00:00+00:00
50,12234796,pm25,141.0,µg/m³,2025-02-19 04:15:00+00:00
50,12234796,pm25,141.0,µg/m³,2025-02-19 04:30:00+00:00
50,12234796,pm25,141.0,µg/m³,2025-02-19 04:45:00+00:00
50,12234796,pm25,141.0,µg/m³,2025-02-19 05:00:00+00:00
50,12234796,pm25,129.0,µg/m³,2025-02-19 05:15:00+00:00
50,12234796,pm25,129.0,µg/m³,2025-02-19 05:30:00+00:00
50,12234796,pm25,129.0,µg/m³,2025-02-19 05:45:00+00:00
50,12234796,pm25,129.0,µg/m³,2025-02-19 06:00:00+00:00
50,12234796,pm25,94.0,µg/m³,2025-02-19 06:15:00+00:00
50,12234796,pm25,94.0,µg/m³,2025-02-19 06:30:00+00:00
50,12234796,pm25,94.0,µg/m³,2025-02-19 06:45:00+00:00
50,12234796,pm25,94.0,µg/m³,2025-02-19 07:00:00+00:00
50,12234796,pm25,83.0,µg/m³,2025-02-19 07:15:00+00:00
50,12234796,pm25,83.0,µg/m³,2025-02-19 07:30:00+00:00
50,12234796,pm25,83.0,µg/m³,2025-02-19 07:45:00+00:00
50,12234796,pm25,83.0,µg/m³,2025-02-19 08:00:00+00:00
50,12234796,pm25,59.0,µg/m³,2025-02-19 08:15:00+00:00
50,12234796,pm25,59.0,µg/m³,2025-02-19 08:30:00+00:00
50,12234796,pm25,59.0,µg/m³,2025-02-19 08:45:00+00:00
50,12234796,pm25,59.0,µg/m³,2025-02-19 09:00:00+00:00
50,12234796,pm25,67.0,µg/m³,2025-02-19 09:15:00+00:00
50,12234796,pm25,67.0,µg/m³,2025-02-19 09:30:00+00:00
50,12234796,pm25,67.0,µg/m³,2025-02-19 09:45:00+00:00
50,12234796,pm25,67.0,µg/m³,2025-02-19 10:00:00+00:00
50,12234796,pm25,45.0,µg/m³,2025-02-19 10:15:00+00:00
50,12234796,pm25,45.0,µg/m³,2025-02-19 10:30:00+00:00
50,12234796,pm25,45.0,µg/m³,2025-02-19 10:45:00+00:00
50,12234796,pm25,45.0,µg/m³,2025-02-19 11:00:00+00:00
50,12234796,pm25,55.0,µg/m³,2025-02-19 11:15:00+00:00
50,12234796,pm25,55.0,µg/m³,2025-02-19 11:30:00+00:00
50,12234796,pm25,55.0,µg/m³,2025-02-19 11:45:00+00:00
50,12234796,pm25,55.0,µg/m³,2025-02-19 12:00:00+00:00
50,12234796,pm25,47.0,µg/m³,2025-02-19 12:15:00+00:00
50,12234796,pm25,47.0,µg/m³,2025-02-19 12:30:00+00:00
50,12234796,pm25,47.0,µg/m³,2025-02-19 12:45:00+00:00
50,12234796,pm25,47.0,µg/m³,2025-02-19 13:00:00+00:00
50,12234796,pm25,59.0,µg/m³,2025-02-19 13:15:00+00:00
50,12234796,pm25,59.0,µg/m³,2025-02-19 13:30:00+00:00
50,12234796,pm25,59.0,µg/m³,2025-02-19 13:45:00+00:00
50,12234796,pm25,59.0,µg/m³,2025-02-19 14:00:00+00:00
50,12234796,pm25,78.0,µg/m³,2025-02-19 14:15:00+00:00
50,12234796,pm25,78.0,µg/m³,2025-02-19 14:30:00+00:00
50,12234796,pm25,78.0,µg/m³,2025-02-19 14:45:00+00:00
50,12234796,pm25,78.0,µg/m³,2025-02-19 15:00:00+00:00
50,12234796,pm25,123.0,µg/m³,2025-02-19 15:15:00+00:00
50,12234796,pm25,123.0,µg/m³,2025-02-19 15:30:00+00:00
50,12234796,pm25,123.0,µg/m³,2025-02-19 15:45:00+00:00
50,12234796,pm25,123.0,µg/m³,2025-02-19 16:00:00+00:00
50,12234796,pm25,101.0,µg/m³,2025-02-19 16:15:00+00:00
50,12234796,pm25,101.0,µg/m³,2025-02-19 16:30:00+00:00
50,12234796,pm25,101.0,µg/m³,2025-02-19 16:45:00+00:00
50,12234796,pm25,101.0,µg/m³,2025-02-19 17:00:00+00:00
50,12234796,pm25,90.0,µg/m³,2025-02-19 17:15:00+00:00
50,12234796,pm25,90.0,µg/m³,2025-02-19 17:30:00+00:00
50,12234796,pm25,90.0,µg/m³,2025-02-19 17:45:00+00:00
50,12234796,pm25,90.0,µg/m³,2025-02-19 18:00:00+00:00
50,12234796,pm25,78.0,µg/m³,2025-02-19 19:00:00+00:00
50,12234796,pm25,69.0,µg/m³,2025-02-19 19:15:00+00:00
50,12234796,pm25,69.0,µg/m³,2025-02-19 19:30:00+00:00
50,12234796,pm25,69.0,µg/m³,2025-02-19 19:45:00+00:00
50,12234796,pm25,69.0,µg/m³,2025-02-19 20:00:00+00:00
50,12234796,pm25,92.0,µg/m³,2025-02-19 20:15:00+00:00
50,12234796,pm25,92.0,µg/m³,2025-02-19 20:30:00+00:00
50,12234796,pm25,92.0,µg/m³,2025-02-19 20:45:00+00:00
50,12234796,pm25,92.0,µg/m³,2025-02-19 21:00:00+00:00
50,12234796,pm25,62.0,µg/m³,2025-02-19 21:15:00+00:00
50,12234796,pm25,62.0,µg/m³,2025-02-19 21:30:00+00:00
50,12234797,relativehumidity,75.0,%,2025-02-18 20:00:00+00:00
50,12234797,relativehumidity,76.0,%,2025-02-18 20:15:00+00:00
50,12234797,relativehumidity,76.0,%,2025-02-18 20:30:00+00:00
50,12234797,relativehumidity,75.0,%,2025-02-18 20:45:00+00:00
50,12234797,relativehumidity,75.0,%,2025-02-18 21:00:00+00:00
50,12234797,relativehumidity,74.0,%,2025-02-18 21:15:00+00:00
50,12234797,relativehumidity,74.0,%,2025-02-18 21:30:00+00:00
50,12234797,relativehumidity,74.0,%,2025-02-18 21:45:00+00:00
50,12234797,relativehumidity,72.0,%,2025-02-18 22:00:00+00:00
50,12234797,relativehumidity,71.0,%,2025-02-18 22:15:00+00:00
50,12234797,relativehumidity,72.0,%,2025-02-18 22:30:00+00:00
50,12234797,relativehumidity,73.0,%,2025-02-18 22:45:00+00:00
50,12234797,relativehumidity,74.0,%,2025-02-18 23:00:00+00:00
50,12234797,relativehumidity,75.0,%,2025-02-18 23:15:00+00:00
50,12234797,relativehumidity,75.0,%,2025-02-18 23:30:00+00:00
50,12234797,relativehumidity,75.0,%,2025-02-18 23:45:00+00:00
50,12234797,relativehumidity,76.0,%,2025-02-19 00:00:00+00:00
50,12234797,relativehumidity,76.0,%,2025-02-19 00:15:00+00:00
50,12234797,relativehumidity,76.0,%,2025-02-19 00:30:00+00:00
50,12234797,relativehumidity,76.0,%,2025-02-19 00:45:00+00:00
50,12234797,relativehumidity,75.0,%,2025-02-19 01:00:00+00:00
50,12234797,relativehumidity,74.0,%,2025-02-19 01:15:00+00:00
50,12234797,relativehumidity,73.0,%,2025-02-19 01:30:00+00:00
50,12234797,relativehumidity,73.0,%,2025-02-19 01:45:00+00:00
50,12234797,relativehumidity,71.0,%,2025-02-19 02:00:00+00:00
50,12234797,relativehumidity,68.0,%,2025-02-19 02:15:00+00:00
50,12234797,relativehumidity,65.0,%,2025-02-19 02:30:00+00:00
50,12234797,relativehumidity,63.0,%,2025-02-19 02:45:00+00:00
50,12234797,relativehumidity,62.0,%,2025-02-19 03:00:00+00:00
50,12234797,relativehumidity,61.0,%,2025-02-19 03:15:00+00:00
50,12234797,relativehumidity,59.0,%,2025-02-19 03:30:00+00:00
50,12234797,relativehumidity,58.0,%,2025-02-19 03:45:00+00:00
50,12234797,relativehumidity,56.0,%,2025-02-19 04:00:00+00:00
50,12234797,relativehumidity,54.0,%,2025-02-19 04:15:00+00:00
50,12234797,relativehumidity,51.0,%,2025-02-19 04:30:00+00:00
50,12234797,relativehumidity,49.0,%,2025-02-19 04:45:00+00:00
50,12234797,relativehumidity,48.0,%,2025-02-19 05:00:00+00:00
50,12234797,relativehumidity,45.0,%,2025-02-19 05:15:00+00:00
50,12234797,relativehumidity,43.0,%,2025-02-19 05:30:00+00:00
50,12234797,relativehumidity,41.0,%,2025-02-19 05:45:00+00:00
50,12234797,relativehumidity,41.0,%,2025-02-19 06:00:00+00:00
50,12234797,relativehumidity,40.0,%,2025-02-19 06:15:00+00:00
50,12234797,relativehumidity,39.0,%,2025-02-19 06:30:00+00:00
50,12234797,relativehumidity,38.0,%,2025-02-19 06:45:00+00:00
50,12234797,relativehumidity,39.0,%,2025-02-19 07:00:00+00:00
50,12234797,relativehumidity,38.0,%,2025-02-19 07:15:00+00:00
50,12234797,relativehumidity,37.0,%,2025-02-19 07:30:00+00:00
50,12234797,relativehumidity,37.0,%,2025-02-19 07:45:00+00:00
50,12234797,relativehumidity,37.0,%,2025-02-19 08:00:00+00:00
50,12234797,relativehumidity,38.0,%,2025-02-19 08:15:00+00:00
50,12234797,relativehumidity,38.0,%,2025-02-19 08:30:00+00:00
50,12234797,relativehumidity,36.0,%,2025-02-19 08:45:00+00:00
50,12234797,relativehumidity,36.0,%,2025-02-19 09:00:00+00:00
50,12234797,relativehumidity,35.0,%,2025-02-19 09:15:00+00:00
50,12234797,relativehumidity,35.0,%,2025-02-19 09:30:00+00:00
50,12234797,relativehumidity,34.0,%,2025-02-19 09:45:00+00:00
50,12234797,relativehumidity,34.0,%,2025-02-19 10:00:00+00:00
50,12234797,relativehumidity,35.0,%,2025-02-19 10:15:00+00:00
50,12234797,relativehumidity,36.0,%,2025-02-19 10:30:00+00:00
50,12234797,relativehumidity,36.0,%,2025-02-19 10:45:00+00:00
50,12234797,relativehumidity,37.0,%,2025-02-19 11:00:00+00:00
50,12234797,relativehumidity,39.0,%,2025-02-19 11:15:00+00:00
50,12234797,relativehumidity,40.0,%,2025-02-19 11:30:00+00:00
50,12234797,relativehumidity,41.0,%,2025-02-19 11:45:00+00:00
50,12234797,relativehumidity,42.0,%,2025-02-19 12:00:00+00:00
50,12234797,relativehumidity,42.0,%,2025-02-19 12:15:00+00:00
50,12234797,relativehumidity,43.0,%,2025-02-19 12:30:00+00:00
50,12234797,relativehumidity,44.0,%,2025-02-19 12:45:00+00:00
50,12234797,relativehumidity,45.0,%,2025-02-19 13:00:00+00:00
50,12234797,relativehumidity,46.0,%,2025-02-19 13:15:00+00:00
50,12234797,relativehumidity,46.0,%,2025-02-19 13:30:00+00:00
50,12234797,relativehumidity,45.0,%,2025-02-19 13:45:00+00:00
50,12234797,relativehumidity,46.0,%,2025-02-19 14:00:00+00:00
50,12234797,relativehumidity,47.0,%,2025-02-19 14:15:00+00:00
50,12234797,relativehumidity,48.0,%,2025-02-19 14:30:00+00:00
50,12234797,relativehumidity,49.0,%,2025-02-19 14:45:00+00:00
50,12234797,relativehumidity,51.0,%,2025-02-19 15:00:00+00:00
50,12234797,relativehumidity,52.0,%,2025-02-19 15:15:00+00:00
50,12234797,relativehumidity,53.0,%,2025-02-19 15:30:00+00:00
50,12234797,relativehumidity,50.0,%,2025-02-19 15:45:00+00:00
50,12234797,relativehumidity,49.0,%,2025-02-19 16:00:00+00:00
50,12234797,relativehumidity,49.0,%,2025-02-19 16:15:00+00:00
50,12234797,relativehumidity,51.0,%,2025-02-19 16:30:00+00:00
50,12234797,relativehumidity,52.0,%,2025-02-19 16:45:00+00:00
50,12234797,relativehumidity,53.0,%,2025-02-19 17:00:00+00:00
50,12234797,relativehumidity,54.0,%,2025-02-19 17:15:00+00:00
50,12234797,relativehumidity,55.0,%,2025-02-19 17:30:00+00:00
50,12234797,relativehumidity,55.0,%,2025-02-19 17:45:00+00:00
50,12234797,relativehumidity,56.0,%,2025-02-19 18:00:00+00:00
50,12234797,relativehumidity,61.0,%,2025-02-19 19:00:00+00:00
50,12234797,relativehumidity,61.0,%,2025-02-19 19:15:00+00:00
50,12234797,relativehumidity,63.0,%,2025-02-19 19:30:00+00:00
50,12234797,relativehumidity,62.0,%,2025-02-19 19:45:00+00:00
50,12234797,relativehumidity,61.0,%,2025-02-19 20:00:00+00:00
50,12234797,relativehumidity,67.0,%,2025-02-19 20:15:00+00:00
50,12234797,relativehumidity,74.0,%,2025-02-19 20:30:00+00:00
50,12234797,relativehumidity,75.0,%,2025-02-19 20:45:00+00:00
50,12234797,relativehumidity,72.0,%,2025-02-19 21:00:00+00:00
50,12234797,relativehumidity,78.0,%,2025-02-19 21:15:00+00:00
50,12234797,relativehumidity,83.0,%,2025-02-19 21:30:00+00:00
50,12234798,so2,44.2,ppb,2025-02-18 20:00:00+00:00
50,12234798,so2,41.2,ppb,2025-02-18 20:15:00+00:00
50,12234798,so2,43.0,ppb,2025-02-18 21:15:00+00:00
50,12234798,so2,45.6,ppb,2025-02-18 21:30:00+00:00
50,12234798,so2,47.7,ppb,2025-02-18 21:45:00+00:00
50,12234798,so2,43.6,ppb,2025-02-18 22:00:00+00:00
50,12234798,so2,41.1,ppb,2025-02-18 22:15:00+00:00
50,12234798,so2,36.5,ppb,2025-02-18 22:30:00+00:00
50,12234798,so2,37.5,ppb,2025-02-18 22:45:00+00:00
50,12234798,so2,39.9,ppb,2025-02-18 23:00:00+00:00
50,12234798,so2,44.2,ppb,2025-02-18 23:15:00+00:00
50,12234798,so2,41.7,ppb,2025-02-18 23:30:00+00:00
50,12234798,so2,40.3,ppb,2025-02-18 23:45:00+00:00
50,12234798,so2,39.6,ppb,2025-02-19 00:00:00+00:00
50,12234798,so2,34.6,ppb,2025-02-19 00:15:00+00:00
50,12234798,so2,31.0,ppb,2025-02-19 00:30:00+00:00
50,12234798,so2,31.7,ppb,2025-02-19 00:45:00+00:00
50,12234798,so2,33.6,ppb,2025-02-19 01:00:00+00:00
50,12234798,so2,33.1,ppb,2025-02-19 01:15:00+00:00
50,12234798,so2,30.9,ppb,2025-02-19 01:30:00+00:00
50,12234798,so2,29.6,ppb,2025-02-19 01:45:00+00:00
50,12234798,so2,29.4,ppb,2025-02-19 02:00:00+00:00
50,12234798,so2,24.8,ppb,2025-02-19 02:15:00+00:00
50,12234798,so2,26.5,ppb,2025-02-19 02:30:00+00:00
50,12234798,so2,27.7,ppb,2025-02-19 02:45:00+00:00
50,12234798,so2,35.1,ppb,2025-02-19 03:00:00+00:00
50,12234798,so2,36.3,ppb,2025-02-19 03:15:00+00:00
50,12234798,so2,29.5,ppb,2025-02-19 03:30:00+00:00
50,12234798,so2,28.7,ppb,2025-02-19 03:45:00+00:00
50,12234798,so2,32.7,ppb,2025-02-19 04:00:00+00:00
50,12234798,so2,37.6,ppb,2025-02-19 04:15:00+00:00
50,12234798,so2,36.7,ppb,2025-02-19 04:30:00+00:00
50,12234798,so2,35.3,ppb,2025-02-19 04:45:00+00:00
50,12234798,so2,33.1,ppb,2025-02-19 05:00:00+00:00
50,12234798,so2,32.3,ppb,2025-02-19 05:15:00+00:00
50,12234798,so2,30.5,ppb,2025-02-19 05:30:00+00:00
50,12234798,so2,27.0,ppb,2025-02-19 05:45:00+00:00
50,12234798,so2,20.2,ppb,2025-02-19 06:00:00+00:00
50,12234798,so2,20.4,ppb,2025-02-19 06:15:00+00:00
50,12234798,so2,21.5,ppb,2025-02-19 06:30:00+00:00
50,12234798,so2,21.8,ppb,2025-02-19 06:45:00+00:00
50,12234798,so2,19.4,ppb,2025-02-19 07:00:00+00:00
50,12234798,so2,20.6,ppb,2025-02-19 07:15:00+00:00
50,12234798,so2,20.7,ppb,2025-02-19 07:30:00+00:00
50,12234798,so2,23.4,ppb,2025-02-19 07:45:00+00:00
50,12234798,so2,24.9,ppb,2025-02-19 08:00:00+00:00
50,12234798,so2,29.8,ppb,2025-02-19 08:15:00+00:00
50,12234798,so2,30.8,ppb,2025-02-19 08:30:00+00:00
50,12234798,so2,29.2,ppb,2025-02-19 08:45:00+00:00
50,12234798,so2,31.3,ppb,2025-02-19 09:00:00+00:00
50,12234798,so2,33.5,ppb,2025-02-19 09:15:00+00:00
50,12234798,so2,32.7,ppb,2025-02-19 09:30:00+00:00
50,12234798,so2,39.1,ppb,2025-02-19 09:45:00+00:00
50,12234798,so2,41.9,ppb,2025-02-19 10:00:00+00:00
50,12234798,so2,40.1,ppb,2025-02-19 10:15:00+00:00
50,12234798,so2,40.5,ppb,2025-02-19 10:30:00+00:00
50,12234798,so2,40.1,ppb,2025-02-19 10:45:00+00:00
50,12234798,so2,37.0,ppb,2025-02-19 11:00:00+00:00
50,12234798,so2,38.9,ppb,2025-02-19 11:15:00+00:00
50,12234798,so2,34.9,ppb,2025-02-19 11:30:00+00:00
50,12234798,so2,26.5,ppb,2025-02-19 11:45:00+00:00
50,12234798,so2,25.5,ppb,2025-02-19 12:00:00+00:00
50,12234798,so2,24.4,ppb,2025-02-19 12:15:00+00:00
50,12234798,so2,23.9,ppb,2025-02-19 12:30:00+00:00
50,12234798,so2,25.0,ppb,2025-02-19 12:45:00+00:00
50,12234798,so2,21.6,ppb,2025-02-19 13:00:00+00:00
50,12234798,so2,21.9,ppb,2025-02-19 13:15:00+00:00
50,12234798,so2,17.4,ppb,2025-02-19 13:30:00+00:00
50,12234798,so2,16.3,ppb,2025-02-19 13:45:00+00:00
50,12234798,so2,19.1,ppb,2025-02-19 14:00:00+00:00
50,12234798,so2,18.1,ppb,2025-02-19 14:15:00+00:00
50,12234798,so2,18.5,ppb,2025-02-19 14:30:00+00:00
50,12234798,so2,17.3,ppb,2025-02-19 14:45:00+00:00
50,12234798,so2,13.4,ppb,2025-02-19 15:00:00+00:00
50,12234798,so2,12.2,ppb,2025-02-19 15:15:00+00:00
50,12234798,so2,14.7,ppb,2025-02-19 15:30:00+00:00
50,12234798,so2,14.8,ppb,2025-02-19 15:45:00+00:00
50,12234798,so2,17.4,ppb,2025-02-19 16:00:00+00:00
50,12234798,so2,12.7,ppb,2025-02-19 16:15:00+00:00
50,12234798,so2,17.2,ppb,2025-02-19 16:30:00+00:00
50,12234798,so2,20.3,ppb,2025-02-19 16:45:00+00:00
50,12234798,so2,17.0,ppb,2025-02-19 17:00:00+00:00
50,12234798,so2,15.0,ppb,2025-02-19 17:15:00+00:00
50,12234798,so2,14.0,ppb,2025-02-19 17:30:00+00:00
50,12234798,so2,11.9,ppb,2025-02-19 17:45:00+00:00
50,12234798,so2,13.2,ppb,2025-02-19 18:00:00+00:00
50,12234798,so2,19.9,ppb,2025-02-19 19:00:00+00:00
50,12234798,so2,20.8,ppb,2025-02-19 19:15:00+00:00
50,12234798,so2,25.0,ppb,2025-02-19 19:30:00+00:00
50,12234798,so2,27.4,ppb,2025-02-19 19:45:00+00:00
50,12234798,so2,29.2,ppb,2025-02-19 20:00:00+00:00
50,12234798,so2,27.9,ppb,2025-02-19 20:15:00+00:00
50,12234798,so2,35.2,ppb,2025-02-19 21:15:00+00:00
50,12234798,so2,31.1,ppb,2025-02-19 21:30:00+00:00
50,12234798,so2,27.4,ppb,2025-02-19 21:45:00+00:00
50,12234798,so2,30.0,ppb,2025-02-19 22:00:00+00:00
50,12234798,so2,35.6,ppb,2025-02-19 22:15:00+00:00
50,12234798,so2,29.3,ppb,2025-02-19 22:30:00+00:00
50,12234798,so2,30.5,ppb,2025-02-19 22:45:00+00:00
50,12234798,so2,25.0,ppb,2025-02-19 23:00:00+00:00
50,12234799,temperature,17.1,c,2025-02-18 20:00:00+00:00
50,12234799,temperature,17.1,c,2025-02-18 20:15:00+00:00
50,12234799,temperature,17.1,c,2025-02-18 20:30:00+00:00
50,12234799,temperature,17.1,c,2025-02-18 20:45:00+00:00
50,12234799,temperature,17.0,c,2025-02-18 21:00:00+00:00
50,12234799,temperature,17.1,c,2025-02-18 21:15:00+00:00
50,12234799,temperature,17.1,c,2025-02-18 21:30:00+00:00
50,12234799,temperature,17.1,c,2025-02-18 21:45:00+00:00
50,12234799,temperature,17.3,c,2025-02-18 22:00:00+00:00
50,12234799,temperature,17.3,c,2025-02-18 22:15:00+00:00
50,12234799,temperature,17.1,c,2025-02-18 22:30:00+00:00
50,12234799,temperature,16.9,c,2025-02-18 22:45:00+00:00
50,12234799,temperature,16.8,c,2025-02-18 23:00:00+00:00
50,12234799,temperature,16.7,c,2025-02-18 23:15:00+00:00
50,12234799,temperature,16.7,c,2025-02-18 23:30:00+00:00
50,12234799,temperature,16.6,c,2025-02-18 23:45:00+00:00
50,12234799,temperature,16.4,c,2025-02-19 00:00:00+00:00
50,12234799,temperature,16.5,c,2025-02-19 00:15:00+00:00
50,12234799,temperature,16.4,c,2025-02-19 00:30:00+00:00
50,12234799,temperature,16.5,c,2025-02-19 00:45:00+00:00
50,12234799,temperature,16.5,c,2025-02-19 01:00:00+00:00
50,12234799,temperature,16.6,c,2025-02-19 01:15:00+00:00
50,12234799,temperature,16.7,c,2025-02-19 01:30:00+00:00
50,12234799,temperature,16.7,c,2025-02-19 01:45:00+00:00
50,12234799,temperature,17.0,c,2025-02-19 02:00:00+00:00
50,12234799,temperature,17.5,c,2025-02-19 02:15:00+00:00
50,12234799,temperature,18.1,c,2025-02-19 02:30:00+00:00
50,12234799,temperature,18.3,c,2025-02-19 02:45:00+00:00
50,12234799,temperature,18.4,c,2025-02-19 03:00:00+00:00
50,12234799,temperature,18.7,c,2025-02-19 03:15:00+00:00
50,12234799,temperature,19.0,c,2025-02-19 03:30:00+00:00
50,12234799,temperature,19.3,c,2025-02-19 03:45:00+00:00
50,12234799,temperature,19.5,c,2025-02-19 04:00:00+00:00
50,12234799,temperature,20.0,c,2025-02-19 04:15:00+00:00
50,12234799,temperature,20.5,c,2025-02-19 04:30:00+00:00
50,12234799,temperature,20.9,c,2025-02-19 04:45:00+00:00
50,12234799,temperature,21.3,c,2025-02-19 05:00:00+00:00
50,12234799,temperature,21.9,c,2025-02-19 05:15:00+00:00
50,12234799,temperature,22.3,c,2025-02-19 05:30:00+00:00
50,12234799,temperature,22.8,c,2025-02-19 05:45:00+00:00
50,12234799,temperature,23.1,c,2025-02-19 06:00:00+00:00
50,12234799,temperature,23.3,c,2025-02-19 06:15:00+00:00
50,12234799,temperature,23.6,c,2025-02-19 06:30:00+00:00
50,12234799,temperature,23.7,c,2025-02-19 06:45:00+00:00
50,12234799,temperature,23.7,c,2025-02-19 07:00:00+00:00
50,12234799,temperature,23.9,c,2025-02-19 07:15:00+00:00
50,12234799,temperature,24.1,c,2025-02-19 07:30:00+00:00
50,12234799,temperature,24.3,c,2025-02-19 07:45:00+00:00
50,12234799,temperature,24.6,c,2025-02-19 08:00:00+00:00
50,12234799,temperature,25.0,c,2025-02-19 08:15:00+00:00
50,12234799,temperature,25.1,c,2025-02-19 08:30:00+00:00
50,12234799,temperature,25.0,c,2025-02-19 08:45:00+00:00
50,12234799,temperature,24.5,c,2025-02-19 09:00:00+00:00
50,12234799,temperature,25.1,c,2025-02-19 09:15:00+00:00
50,12234799,temperature,25.0,c,2025-02-19 09:30:00+00:00
50,12234799,temperature,25.7,c,2025-02-19 09:45:00+00:00
50,12234799,temperature,25.5,c,2025-02-19 10:00:00+00:00
50,12234799,temperature,24.8,c,2025-02-19 10:15:00+00:00
50,12234799,temperature,25.2,c,2025-02-19 10:30:00+00:00
50,12234799,temperature,25.2,c,2025-02-19 10:45:00+00:00
50,12234799,temperature,24.8,c,2025-02-19 11:00:00+00:00
50,12234799,temperature,23.4,c,2025-02-19 11:15:00+00:00
50,12234799,temperature,22.9,c,2025-02-19 11:30:00+00:00
50,12234799,temperature,22.8,c,2025-02-19 11:45:00+00:00
50,12234799,temperature,22.4,c,2025-02-19 12:00:00+00:00
50,12234799,temperature,21.9,c,2025-02-19 12:15:00+00:00
50,12234799,temperature,21.6,c,2025-02-19 12:30:00+00:00
50,12234799,temperature,21.3,c,2025-02-19 12:45:00+00:00
50,12234799,temperature,21.0,c,2025-02-19 13:00:00+00:00
50,12234799,temperature,20.8,c,2025-02-19 13:15:00+00:00
50,12234799,temperature,20.8,c,2025-02-19 13:30:00+00:00
50,12234799,temperature,20.8,c,2025-02-19 13:45:00+00:00
50,12234799,temperature,20.8,c,2025-02-19 14:00:00+00:00
50,12234799,temperature,20.9,c,2025-02-19 14:15:00+00:00
50,12234799,temperature,20.9,c,2025-02-19 14:30:00+00:00
50,12234799,temperature,20.7,c,2025-02-19 14:45:00+00:00
50,12234799,temperature,20.5,c,2025-02-19 15:00:00+00:00
50,12234799,temperature,20.4,c,2025-02-19 15:15:00+00:00
50,12234799,temperature,20.3,c,2025-02-19 15:30:00+00:00
50,12234799,temperature,20.6,c,2025-02-19 15:45:00+00:00
50,12234799,temperature,20.9,c,2025-02-19 16:00:00+00:00
50,12234799,temperature,20.9,c,2025-02-19 16:15:00+00:00
50,12234799,temperature,20.6,c,2025-02-19 16:30:00+00:00
50,12234799,temperature,20.4,c,2025-02-19 16:45:00+00:00
50,12234799,temperature,20.4,c,2025-02-19 17:00:00+00:00
50,12234799,temperature,20.1,c,2025-02-19 17:15:00+00:00
50,12234799,temperature,20.1,c,2025-02-19 17:30:00+00:00
50,12234799,temperature,20.3,c,2025-02-19 17:45:00+00:00
50,12234799,temperature,20.2,c,2025-02-19 18:00:00+00:00
50,12234799,temperature,19.4,c,2025-02-19 19:00:00+00:00
50,12234799,temperature,19.3,c,2025-02-19 19:15:00+00:00
50,12234799,temperature,19.2,c,2025-02-19 19:30:00+00:00
50,12234799,temperature,19.4,c,2025-02-19 19:45:00+00:00
50,12234799,temperature,19.7,c,2025-02-19 20:00:00+00:00
50,12234799,temperature,19.2,c,2025-02-19 20:15:00+00:00
50,12234799,temperature,18.6,c,2025-02-19 20:30:00+00:00
50,12234799,temperature,18.5,c,2025-02-19 20:45:00+00:00
50,12234799,temperature,18.8,c,2025-02-19 21:00:00+00:00
50,12234799,temperature,18.5,c,2025-02-19 21:15:00+00:00
50,12234799,temperature,18.0,c,2025-02-19 21:30:00+00:00
50,14340716,nox,0.048799999999999996,ppb,2025-02-18 20:00:00+00:00
50,14340716,nox,0.0456,ppb,2025-02-18 20:15:00+00:00
50,14340716,nox,0.0399,ppb,2025-02-18 21:15:00+00:00
50,14340716,nox,0.0381,ppb,2025-02-18 21:30:00+00:00
50,14340716,nox,0.0373,ppb,2025-02-18 21:45:00+00:00
50,14340716,nox,0.0355,ppb,2025-02-18 22:00:00+00:00
50,14340716,nox,0.0337,ppb,2025-02-18 22:15:00+00:00
50,14340716,nox,0.0318,ppb,2025-02-18 22:30:00+00:00
50,14340716,nox,0.0296,ppb,2025-02-18 22:45:00+00:00
50,14340716,nox,0.0304,ppb,2025-02-18 23:00:00+00:00
50,14340716,nox,0.0343,ppb,2025-02-18 23:15:00+00:00
50,14340716,nox,0.033600000000000005,ppb,2025-02-18 23:30:00+00:00
50,14340716,nox,0.0273,ppb,2025-02-18 23:45:00+00:00
50,14340716,nox,0.026199999999999998,ppb,2025-02-19 00:00:00+00:00
50,14340716,nox,0.0338,ppb,2025-02-19 00:15:00+00:00
50,14340716,nox,0.0394,ppb,2025-02-19 00:30:00+00:00
50,14340716,nox,0.039700000000000006,ppb,2025-02-19 00:45:00+00:00
50,14340716,nox,0.0399,ppb,2025-02-19 01:00:00+00:00
50,14340716,nox,0.040799999999999996,ppb,2025-02-19 01:15:00+00:00
50,14340716,nox,0.0395,ppb,2025-02-19 01:30:00+00:00
50,14340716,nox,0.039200000000000006,ppb,2025-02-19 01:45:00+00:00
50,14340716,nox,0.037700000000000004,ppb,2025-02-19 02:00:00+00:00
50,14340716,nox,0.0362,ppb,2025-02-19 02:15:00+00:00
50,14340716,nox,0.0358,ppb,2025-02-19 02:30:00+00:00
50,14340716,nox,0.0357,ppb,2025-02-19 02:45:00+00:00
50,14340716,nox,0.0344,ppb,2025-02-19 03:00:00+00:00
50,14340716,nox,0.033100000000000004,ppb,2025-02-19 03:15:00+00:00
50,14340716,nox,0.0342,ppb,2025-02-19 03:30:00+00:00
50,14340716,nox,0.0334,ppb,2025-02-19 03:45:00+00:00
50,14340716,nox,0.030899999999999997,ppb,2025-02-19 04:00:00+00:00
50,14340716,nox,0.0297,ppb,2025-02-19 04:15:00+00:00
50,14340716,nox,0.0293,ppb,2025-02-19 04:30:00+00:00
50,14340716,nox,0.027399999999999997,ppb,2025-02-19 04:45:00+00:00
50,14340716,nox,0.0261,ppb,2025-02-19 05:00:00+00:00
50,14340716,nox,0.0246,ppb,2025-02-19 05:15:00+00:00
50,14340716,nox,0.023399999999999997,ppb,2025-02-19 05:30:00+00:00
50,14340716,nox,0.0208,ppb,2025-02-19 05:45:00+00:00
50,14340716,nox,0.019899999999999998,ppb,2025-02-19 06:00:00+00:00
50,14340716,nox,0.0197,ppb,2025-02-19 06:15:00+00:00
50,14340716,nox,0.019,ppb,2025-02-19 06:30:00+00:00
50,14340716,nox,0.0174,ppb,2025-02-19 06:45:00+00:00
50,14340716,nox,0.0161,ppb,2025-02-19 07:00:00+00:00
50,14340716,nox,0.015,ppb,2025-02-19 07:15:00+00:00
50,14340716,nox,0.0149,ppb,2025-02-19 07:30:00+00:00
50,14340716,nox,0.0145,ppb,2025-02-19 07:45:00+00:00
50,14340716,nox,0.013,ppb,2025-02-19 08:00:00+00:00
50,14340716,nox,0.0128,ppb,2025-02-19 08:15:00+00:00
50,14340716,nox,0.0134,ppb,2025-02-19 08:30:00+00:00
50,14340716,nox,0.0123,ppb,2025-02-19 08:45:00+00:00
50,14340716,nox,0.0119,ppb,2025-02-19 09:00:00+00:00
50,14340716,nox,0.0111,ppb,2025-02-19 09:15:00+00:00
50,14340716,nox,0.0103,ppb,2025-02-19 09:30:00+00:00
50,14340716,nox,0.012,ppb,2025-02-19 09:45:00+00:00
50,14340716,nox,0.0112,ppb,2025-02-19 10:00:00+00:00
50,14340716,nox,0.0094,ppb,2025-02-19 10:15:00+00:00
50,14340716,nox,0.0109,ppb,2025-02-19 10:30:00+00:00
50,14340716,nox,0.0145,ppb,2025-02-19 10:45:00+00:00
50,14340716,nox,0.0144,ppb,2025-02-19 11:00:00+00:00
50,14340716,nox,0.0155,ppb,2025-02-19 11:15:00+00:00
50,14340716,nox,0.0192,ppb,2025-02-19 11:30:00+00:00
50,14340716,nox,0.022,ppb,2025-02-19 11:45:00+00:00
50,14340716,nox,0.0229,ppb,2025-02-19 12:00:00+00:00
50,14340716,nox,0.022,ppb,2025-02-19 12:15:00+00:00
50,14340716,nox,0.023600000000000003,ppb,2025-02-19 12:30:00+00:00
50,14340716,nox,0.0314,ppb,2025-02-19 12:45:00+00:00
50,14340716,nox,0.036,ppb,2025-02-19 13:00:00+00:00
50,14340716,nox,0.0427,ppb,2025-02-19 13:15:00+00:00
50,14340716,nox,0.0498,ppb,2025-02-19 13:30:00+00:00
50,14340716,nox,0.0576,ppb,2025-02-19 13:45:00+00:00
50,14340716,nox,0.0584,ppb,2025-02-19 14:00:00+00:00
50,14340716,nox,0.056299999999999996,ppb,2025-02-19 14:15:00+00:00
50,14340716,nox,0.0519,ppb,2025-02-19 14:30:00+00:00
50,14340716,nox,0.0487,ppb,2025-02-19 14:45:00+00:00
50,14340716,nox,0.0482,ppb,2025-02-19 15:00:00+00:00
50,14340716,nox,0.047200000000000006,ppb,2025-02-19 15:15:00+00:00
50,14340716,nox,0.0475,ppb,2025-02-19 15:30:00+00:00
50,14340716,nox,0.0482,ppb,2025-02-19 15:45:00+00:00
50,14340716,nox,0.0384,ppb,2025-02-19 16:00:00+00:00
50,14340716,nox,0.0347,ppb,2025-02-19 16:15:00+00:00
50,14340716,nox,0.0325,ppb,2025-02-19 16:30:00+00:00
50,14340716,nox,0.030899999999999997,ppb,2025-02-19 16:45:00+00:00
50,14340716,nox,0.032100000000000004,ppb,2025-02-19 17:00:00+00:00
50,14340716,nox,0.031,ppb,2025-02-19 17:15:00+00:00
50,14340716,nox,0.0297,ppb,2025-02-19 17:30:00+00:00
50,14340716,nox,0.027,ppb,2025-02-19 17:45:00+00:00
50,14340716,nox,0.0246,ppb,2025-02-19 18:00:00+00:00
50,14340716,nox,0.0318,ppb,2025-02-19 19:00:00+00:00
50,14340716,nox,0.0373,ppb,2025-02-19 19:15:00+00:00
50,14340716,nox,0.038799999999999994,ppb,2025-02-19 19:30:00+00:00
50,14340716,nox,0.0421,ppb,2025-02-19 19:45:00+00:00
50,14340716,nox,0.0359,ppb,2025-02-19 20:00:00+00:00
50,14340716,nox,0.0299,ppb,2025-02-19 20:15:00+00:00
50,14340716,nox,0.026600000000000002,ppb,2025-02-19 21:15:00+00:00
50,14340716,nox,0.0261,ppb,2025-02-19 21:30:00+00:00
50,14340716,nox,0.026,ppb,2025-02-19 21:45:00+00:00
50,14340716,nox,0.0264,ppb,2025-02-19 22:00:00+00:00
50,14340716,nox,0.0287,ppb,2025-02-19 22:15:00+00:00
50,14340716,nox,0.032799999999999996,ppb,2025-02-19 22:30:00+00:00
50,14340716,nox,0.037700000000000004,ppb,2025-02-19 22:45:00+00:00
50,14340716,nox,0.038299999999999994,ppb,2025-02-19 23:00:00+00:00
50,14340717,wind_direction,168.0,deg,2025-02-18 20:00:00+00:00
50,14340717,wind_direction,166.0,deg,2025-02-18 20:15:00+00:00
50,14340717,wind_direction,164.0,deg,2025-02-18 20:30:00+00:00
50,14340717,wind_direction,173.0,deg,2025-02-18 20:45:00+00:00
50,14340717,wind_direction,167.0,deg,2025-02-18 21:00:00+00:00
50,14340717,wind_direction,157.0,deg,2025-02-18 21:15:00+00:00
50,14340717,wind_direction,183.0,deg,2025-02-18 21:30:00+00:00
50,14340717,wind_direction,166.0,deg,2025-02-18 21:45:00+00:00
50,14340717,wind_direction,194.0,deg,2025-02-18 22:00:00+00:00
50,14340717,wind_direction,185.0,deg,2025-02-18 22:15:00+00:00
50,14340717,wind_direction,199.0,deg,2025-02-18 22:30:00+00:00
50,14340717,wind_direction,208.0,deg,2025-02-18 22:45:00+00:00
50,14340717,wind_direction,194.0,deg,2025-02-18 23:00:00+00:00
50,14340717,wind_direction,176.0,deg,2025-02-18 23:15:00+00:00
50,14340717,wind_direction,177.0,deg,2025-02-18 23:30:00+00:00
50,14340717,wind_direction,192.0,deg,2025-02-18 23:45:00+00:00
50,14340717,wind_direction,216.0,deg,2025-02-19 00:00:00+00:00
50,14340717,wind_direction,203.0,deg,2025-02-19 00:15:00+00:00
50,14340717,wind_direction,217.0,deg,2025-02-19 00:30:00+00:00
50,14340717,wind_direction,211.0,deg,2025-02-19 00:45:00+00:00
50,14340717,wind_direction,202.0,deg,2025-02-19 01:00:00+00:00
50,14340717,wind_direction,203.0,deg,2025-02-19 01:15:00+00:00
50,14340717,wind_direction,192.0,deg,2025-02-19 01:30:00+00:00
50,14340717,wind_direction,188.0,deg,2025-02-19 01:45:00+00:00
50,14340717,wind_direction,149.0,deg,2025-02-19 02:00:00+00:00
50,14340717,wind_direction,174.0,deg,2025-02-19 02:15:00+00:00
50,14340717,wind_direction,198.0,deg,2025-02-19 02:30:00+00:00
50,14340717,wind_direction,170.0,deg,2025-02-19 02:45:00+00:00
50,14340717,wind_direction,168.0,deg,2025-02-19 03:00:00+00:00
50,14340717,wind_direction,198.0,deg,2025-02-19 03:15:00+00:00
50,14340717,wind_direction,157.0,deg,2025-02-19 03:30:00+00:00
50,14340717,wind_direction,175.0,deg,2025-02-19 03:45:00+00:00
50,14340717,wind_direction,162.0,deg,2025-02-19 04:00:00+00:00
50,14340717,wind_direction,165.0,deg,2025-02-19 04:15:00+00:00
50,14340717,wind_direction,179.0,deg,2025-02-19 04:30:00+00:00
50,14340717,wind_direction,187.0,deg,2025-02-19 04:45:00+00:00
50,14340717,wind_direction,202.0,deg,2025-02-19 05:00:00+00:00
50,14340717,wind_direction,207.0,deg,2025-02-19 05:15:00+00:00
50,14340717,wind_direction,210.0,deg,2025-02-19 05:30:00+00:00
50,14340717,wind_direction,203.0,deg,2025-02-19 05:45:00+00:00
50,14340717,wind_direction,206.0,deg,2025-02-19 06:00:00+00:00
50,14340717,wind_direction,199.0,deg,2025-02-19 06:15:00+00:00
50,14340717,wind_direction,194.0,deg,2025-02-19 06:30:00+00:00
50,14340717,wind_direction,170.0,deg,2025-02-19 06:45:00+00:00
50,14340717,wind_direction,208.0,deg,2025-02-19 07:00:00+00:00
50,14340717,wind_direction,202.0,deg,2025-02-19 07:15:00+00:00
50,14340717,wind_direction,216.0,deg,2025-02-19 07:30:00+00:00
50,14340717,wind_direction,189.0,deg,2025-02-19 07:45:00+00:00
50,14340717,wind_direction,164.0,deg,2025-02-19 08:00:00+00:00
50,14340717,wind_direction,204.0,deg,2025-02-19 08:15:00+00:00
50,14340717,wind_direction,171.0,deg,2025-02-19 08:30:00+00:00
50,14340717,wind_direction,161.0,deg,2025-02-19 08:45:00+00:00
50,14340717,wind_direction,155.0,deg,2025-02-19 09:00:00+00:00
50,14340717,wind_direction,166.0,deg,2025-02-19 09:15:00+00:00
50,14340717,wind_direction,166.0,deg,2025-02-19 09:30:00+00:00
50,14340717,wind_direction,190.0,deg,2025-02-19 09:45:00+00:00
50,14340717,wind_direction,162.0,deg,2025-02-19 10:00:00+00:00
50,14340717,wind_direction,171.0,deg,2025-02-19 10:15:00+00:00
50,14340717,wind_direction,211.0,deg,2025-02-19 10:30:00+00:00
50,14340717,wind_direction,205.0,deg,2025-02-19 10:45:00+00:00
50,14340717,wind_direction,207.0,deg,2025-02-19 11:00:00+00:00
50,14340717,wind_direction,214.0,deg,2025-02-19 11:15:00+00:00
50,14340717,wind_direction,213.0,deg,2025-02-19 11:30:00+00:00
50,14340717,wind_direction,205.0,deg,2025-02-19 11:45:00+00:00
50,14340717,wind_direction,193.0,deg,2025-02-19 12:00:00+00:00
50,14340717,wind_direction,196.0,deg,2025-02-19 12:15:00+00:00
50,14340717,wind_direction,213.0,deg,2025-02-19 12:30:00+00:00
50,14340717,wind_direction,175.0,deg,2025-02-19 12:45:00+00:00
50,14340717,wind_direction,181.0,deg,2025-02-19 13:00:00+00:00
50,14340717,wind_direction,195.0,deg,2025-02-19 13:15:00+00:00
50,14340717,wind_direction,199.0,deg,2025-02-19 13:30:00+00:00
50,14340717,wind_direction,193.0,deg,2025-02-19 13:45:00+00:00
50,14340717,wind_direction,217.0,deg,2025-02-19 14:00:00+00:00
50,14340717,wind_direction,216.0,deg,2025-02-19 14:15:00+00:00
50,14340717,wind_direction,210.0,deg,2025-02-19 14:30:00+00:00
50,14340717,wind_direction,190.0,deg,2025-02-19 14:45:00+00:00
50,14340717,wind_direction,150.0,deg,2025-02-19 15:00:00+00:00
50,14340717,wind_direction,152.0,deg,2025-02-19 15:15:00+00:00
50,14340717,wind_direction,155.0,deg,2025-02-19 15:30:00+00:00
50,14340717,wind_direction,159.0,deg,2025-02-19 15:45:00+00:00
50,14340717,wind_direction,137.0,deg,2025-02-19 16:00:00+00:00
50,14340717,wind_direction,171.0,deg,2025-02-19 16:15:00+00:00
50,14340717,wind_direction,192.0,deg,2025-02-19 16:30:00+00:00
50,14340717,wind_direction,187.0,deg,2025-02-19 16:45:00+00:00
50,14340717,wind_direction,140.0,deg,2025-02-19 17:00:00+00:00
50,14340717,wind_direction,183.0,deg,2025-02-19 17:15:00+00:00
50,14340717,wind_direction,177.0,deg,2025-02-19 17:30:00+00:00
50,14340717,wind_direction,181.0,deg,2025-02-19 17:45:00+00:00
50,14340717,wind_direction,193.0,deg,2025-02-19 18:00:00+00:00
50,14340717,wind_direction,197.0,deg,2025-02-19 19:00:00+00:00
50,14340717,wind_direction,171.0,deg,2025-02-19 19:15:00+00:00
50,14340717,wind_direction,192.0,deg,2025-02-19 19:30:00+00:00
50,14340717,wind_direction,166.0,deg,2025-02-19 19:45:00+00:00
50,14340717,wind_direction,143.0,deg,2025-02-19 20:00:00+00:00
50,14340717,wind_direction,207.0,deg,2025-02-19 20:15:00+00:00
50,14340717,wind_direction,199.0,deg,2025-02-19 20:30:00+00:00
50,14340717,wind_direction,206.0,deg,2025-02-19 20:45:00+00:00
50,14340717,wind_direction,206.0,deg,2025-02-19 21:00:00+00:00
50,14340717,wind_direction,158.0,deg,2025-02-19 21:15:00+00:00
50,14340717,wind_direction,184.0,deg,2025-02-19 21:30:00+00:00
50,14340718,wind_speed,0.3,m/s,2025-02-18 20:00:00+00:00
50,14340718,wind_speed,0.3,m/s,2025-02-18 20:15:00+00:00
50,14340718,wind_speed,0.3,m/s,2025-02-18 20:30:00+00:00
50,14340718,wind_speed,0.3,m/s,2025-02-18 20:45:00+00:00
50,14340718,wind_speed,0.3,m/s,2025-02-18 21:00:00+00:00
50,14340718,wind_speed,0.3,m/s,2025-02-18 21:15:00+00:00
50,14340718,wind_speed,0.3,m/s,2025-02-18 21:30:00+00:00
50,14340718,wind_speed,0.3,m/s,2025-02-18 21:45:00+00:00
50,14340718,wind_speed,0.4,m/s,2025-02-18 22:00:00+00:00
50,14340718,wind_speed,0.4,m/s,2025-02-18 22:15:00+00:00
50,14340718,wind_speed,0.3,m/s,2025-02-18 22:30:00+00:00
50,14340718,wind_speed,0.3,m/s,2025-02-18 22:45:00+00:00
50,14340718,wind_speed,0.3,m/s,2025-02-18 23:00:00+00:00
50,14340718,wind_speed,0.3,m/s,2025-02-18 23:15:00+00:00
50,14340718,wind_speed,0.3,m/s,2025-02-18 23:30:00+00:00
50,14340718,wind_speed,0.3,m/s,2025-02-18 23:45:00+00:00
50,14340718,wind_speed,0.3,m/s,2025-02-19 00:00:00+00:00
50,14340718,wind_speed,0.3,m/s,2025-02-19 00:15:00+00:00
50,14340718,wind_speed,0.3,m/s,2025-02-19 00:30:00+00:00
50,14340718,wind_speed,0.3,m/s,2025-02-19 00:45:00+00:00
50,14340718,wind_speed,0.3,m/s,2025-02-19 01:00:00+00:00
50,14340718,wind_speed,0.3,m/s,2025-02-19 01:15:00+00:00
50,14340718,wind_speed,0.3,m/s,2025-02-19 01:30:00+00:00
50,14340718,wind_speed,0.3,m/s,2025-02-19 01:45:00+00:00
50,14340718,wind_speed,0.3,m/s,2025-02-19 02:00:00+00:00
50,14340718,wind_speed,0.9,m/s,2025-02-19 02:15:00+00:00
50,14340718,wind_speed,0.9,m/s,2025-02-19 02:30:00+00:00
50,14340718,wind_speed,1.1,m/s,2025-02-19 02:45:00+00:00
50,14340718,wind_speed,1.2,m/s,2025-02-19 03:00:00+00:00
50,14340718,wind_speed,0.4,m/s,2025-02-19 03:15:00+00:00
50,14340718,wind_speed,1.4,m/s,2025-02-19 03:30:00+00:00
50,14340718,wind_speed,1.5,m/s,2025-02-19 03:45:00+00:00
50,14340718,wind_speed,1.2,m/s,2025-02-19 04:00:00+00:00
50,14340718,wind_speed,0.3,m/s,2025-02-19 04:15:00+00:00
50,14340718,wind_speed,0.3,m/s,2025-02-19 04:30:00+00:00
50,14340718,wind_speed,0.3,m/s,2025-02-19 04:45:00+00:00
50,14340718,wind_speed,0.3,m/s,2025-02-19 05:00:00+00:00
50,14340718,wind_speed,0.3,m/s,2025-02-19 05:15:00+00:00
50,14340718,wind_speed,0.3,m/s,2025-02-19 05:30:00+00:00
50,14340718,wind_speed,0.4,m/s,2025-02-19 05:45:00+00:00
50,14340718,wind_speed,0.5,m/s,2025-02-19 06:00:00+00:00
50,14340718,wind_speed,0.9,m/s,2025-02-19 06:15:00+00:00
50,14340718,wind_speed,0.6,m/s,2025-02-19 06:30:00+00:00
50,14340718,wind_speed,1.1,m/s,2025-02-19 06:45:00+00:00
50,14340718,wind_speed,0.8,m/s,2025-02-19 07:00:00+00:00
50,14340718,wind_speed,0.9,m/s,2025-02-19 07:15:00+00:00
50,14340718,wind_speed,0.3,m/s,2025-02-19 07:30:00+00:00
50,14340718,wind_speed,0.7,m/s,2025-02-19 07:45:00+00:00
50,14340718,wind_speed,0.3,m/s,2025-02-19 08:00:00+00:00
50,14340718,wind_speed,0.3,m/s,2025-02-19 08:15:00+00:00
50,14340718,wind_speed,0.7,m/s,2025-02-19 08:30:00+00:00
50,14340718,wind_speed,1.2,m/s,2025-02-19 08:45:00+00:00
50,14340718,wind_speed,1.2,m/s,2025-02-19 09:00:00+00:00
50,14340718,wind_speed,2.0,m/s,2025-02-19 09:15:00+00:00
50,14340718,wind_speed,1.4,m/s,2025-02-19 09:30:00+00:00
50,14340718,wind_speed,1.6,m/s,2025-02-19 09:45:00+00:00
50,14340718,wind_speed,0.8,m/s,2025-02-19 10:00:00+00:00
50,14340718,wind_speed,1.2,m/s,2025-02-19 10:15:00+00:00
50,14340718,wind_speed,0.5,m/s,2025-02-19 10:30:00+00:00
50,14340718,wind_speed,0.5,m/s,2025-02-19 10:45:00+00:00
50,14340718,wind_speed,0.3,m/s,2025-02-19 11:00:00+00:00
50,14340718,wind_speed,0.3,m/s,2025-02-19 11:15:00+00:00
50,14340718,wind_speed,0.3,m/s,2025-02-19 11:30:00+00:00
50,14340718,wind_speed,0.3,m/s,2025-02-19 11:45:00+00:00
50,14340718,wind_speed,0.3,m/s,2025-02-19 12:00:00+00:00
50,14340718,wind_speed,0.3,m/s,2025-02-19 12:15:00+00:00
50,14340718,wind_speed,0.3,m/s,2025-02-19 12:30:00+00:00
50,14340718,wind_speed,0.3,m/s,2025-02-19 12:45:00+00:00
50,14340718,wind_speed,0.3,m/s,2025-02-19 13:00:00+00:00
50,14340718,wind_speed,0.3,m/s,2025-02-19 13:15:00+00:00
50,14340718,wind_speed,0.3,m/s,2025-02-19 13:30:00+00:00
50,14340718,wind_speed,0.3,m/s,2025-02-19 13:45:00+00:00
50,14340718,wind_speed,0.3,m/s,2025-02-19 14:00:00+00:00
50,14340718,wind_speed,0.3,m/s,2025-02-19 14:15:00+00:00
50,14340718,wind_speed,0.3,m/s,2025-02-19 14:30:00+00:00
50,14340718,wind_speed,0.3,m/s,2025-02-19 14:45:00+00:00
50,14340718,wind_speed,0.3,m/s,2025-02-19 15:00:00+00:00
50,14340718,wind_speed,0.3,m/s,2025-02-19 15:15:00+00:00
50,14340718,wind_speed,0.4,m/s,2025-02-19 15:30:00+00:00
50,14340718,wind_speed,3.1,m/s,2025-02-19 15:45:00+00:00
50,14340718,wind_speed,1.6,m/s,2025-02-19 16:00:00+00:00
50,14340718,wind_speed,0.3,m/s,2025-02-19 16:15:00+00:00
50,14340718,wind_speed,0.3,m/s,2025-02-19 16:30:00+00:00
50,14340718,wind_speed,0.3,m/s,2025-02-19 16:45:00+00:00
50,14340718,wind_speed,0.3,m/s,2025-02-19 17:00:00+00:00
50,14340718,wind_speed,0.3,m/s,2025-02-19 17:15:00+00:00
50,14340718,wind_speed,0.5,m/s,2025-02-19 17:30:00+00:00
50,14340718,wind_speed,0.6,m/s,2025-02-19 17:45:00+00:00
50,14340718,wind_speed,0.3,m/s,2025-02-19 18:00:00+00:00
50,14340718,wind_speed,0.3,m/s,2025-02-19 19:00:00+00:00
50,14340718,wind_speed,0.3,m/s,2025-02-19 19:15:00+00:00
50,14340718,wind_speed,0.5,m/s,2025-02-19 19:30:00+00:00
50,14340718,wind_speed,1.5,m/s,2025-02-19 19:45:00+00:00
50,14340718,wind_speed,1.1,m/s,2025-02-19 20:00:00+00:00
50,14340718,wind_speed,0.5,m/s,2025-02-19 20:15:00+00:00
50,14340718,wind_speed,0.3,m/s,2025-02-19 20:30:00+00:00
50,14340718,wind_speed,0.8,m/s,2025-02-19 20:45:00+00:00
50,14340718,wind_speed,0.8,m/s,2025-02-19 21:00:00+00:00
50,14340718,wind_speed,0.3,m/s,2025-02-19 21:15:00+00:00
50,14340718,wind_speed,0.3,m/s,2025-02-19 21:30:00+00:00
235,380,o3,13.9,µg/m³,2016-02-05 14:00:00+00:00
235,380,o3,24.9,µg/m³,2016-02-06 05:00:00+00:00
235,380,o3,32.2,µg/m³,2016-02-06 05:20:00+00:00
235,380,o3,50.8,µg/m³,2016-02-06 06:00:00+00:00
235,380,o3,55.5,µg/m³,2016-02-06 06:20:00+00:00
235,380,o3,64.1,µg/m³,2016-02-06 06:40:00+00:00
235,380,o3,28.1,µg/m³,2016-02-08 05:00:00+00:00
235,380,o3,26.4,µg/m³,2016-02-08 05:15:00+00:00
235,380,o3,23.5,µg/m³,2016-02-08 05:40:00+00:00
235,380,o3,28.7,µg/m³,2016-02-08 06:10:00+00:00
235,380,o3,0.3,µg/m³,2016-02-08 07:10:00+00:00
235,380,o3,25.1,µg/m³,2016-02-08 07:50:00+00:00
235,380,o3,25.2,µg/m³,2016-02-08 07:55:00+00:00
235,380,o3,3.8,µg/m³,2016-02-09 04:05:00+00:00
235,380,o3,110.0,µg/m³,2016-02-09 04:15:00+00:00
235,380,o3,52.4,µg/m³,2016-02-09 04:30:00+00:00
235,380,o3,39.5,µg/m³,2016-02-09 06:05:00+00:00
235,380,o3,31.1,µg/m³,2016-02-09 06:25:00+00:00
235,380,o3,32.7,µg/m³,2016-02-09 06:30:00+00:00
235,380,o3,19.4,µg/m³,2016-02-10 04:05:00+00:00
235,380,o3,1.1,µg/m³,2016-02-10 05:05:00+00:00
235,380,o3,2.2,µg/m³,2016-02-10 05:15:00+00:00
235,380,o3,31.7,µg/m³,2016-02-10 10:40:00+00:00
235,380,o3,16.3,µg/m³,2016-02-10 11:25:00+00:00
235,380,o3,115.7,µg/m³,2016-02-10 12:25:00+00:00
235,380,o3,12.2,µg/m³,2016-02-10 13:05:00+00:00
235,380,o3,11.3,µg/m³,2016-02-10 13:20:00+00:00
235,380,o3,51.8,µg/m³,2016-02-11 07:25:00+00:00
235,380,o3,53.5,µg/m³,2016-02-11 07:45:00+00:00
235,380,o3,35.7,µg/m³,2016-02-11 09:05:00+00:00
235,380,o3,66.1,µg/m³,2016-02-11 09:50:00+00:00
235,380,o3,14.7,µg/m³,2016-02-11 11:35:00+00:00
235,380,o3,15.8,µg/m³,2016-02-11 12:05:00+00:00
235,380,o3,11.7,µg/m³,2016-02-11 12:40:00+00:00
235,380,o3,9.3,µg/m³,2016-02-11 17:35:00+00:00
235,380,o3,27.4,µg/m³,2016-02-12 04:55:00+00:00
235,380,o3,17.0,µg/m³,2016-02-12 05:25:00+00:00
235,380,o3,16.3,µg/m³,2016-02-12 05:55:00+00:00
235,380,o3,19.5,µg/m³,2016-02-13 04:25:00+00:00
235,380,o3,17.6,µg/m³,2016-02-13 05:05:00+00:00
235,380,o3,14.0,µg/m³,2016-02-13 05:25:00+00:00
235,380,o3,12.6,µg/m³,2016-02-13 05:30:00+00:00
235,380,o3,21.3,µg/m³,2016-02-13 06:20:00+00:00
235,380,o3,19.9,µg/m³,2016-02-13 07:05:00+00:00
235,380,o3,14.7,µg/m³,2016-02-13 07:10:00+00:00
235,380,o3,22.1,µg/m³,2016-02-15 05:25:00+00:00
235,380,o3,16.7,µg/m³,2016-02-15 05:45:00+00:00
235,380,o3,26.0,µg/m³,2016-02-15 06:05:00+00:00
235,380,o3,25.1,µg/m³,2016-02-15 06:10:00+00:00
235,380,o3,21.8,µg/m³,2016-02-16 05:50:00+00:00
235,380,o3,15.4,µg/m³,2016-02-16 06:45:00+00:00
235,380,o3,30.4,µg/m³,2016-02-16 07:00:00+00:00
235,380,o3,40.9,µg/m³,2016-02-16 07:45:00+00:00
235,380,o3,44.7,µg/m³,2016-02-16 07:50:00+00:00
235,380,o3,8.3,µg/m³,2016-02-17 02:15:00+00:00
235,380,o3,12.2,µg/m³,2016-02-17 19:50:00+00:00
235,380,o3,8.5,µg/m³,2016-02-17 22:20:00+00:00
235,380,o3,7.3,µg/m³,2016-02-18 03:10:00+00:00
235,380,o3,10.8,µg/m³,2016-02-18 05:50:00+00:00
235,380,o3,7.3,µg/m³,2016-02-19 04:45:00+00:00
235,380,o3,6.4,µg/m³,2016-02-19 05:10:00+00:00
235,380,o3,9.6,µg/m³,2016-02-19 05:40:00+00:00
235,380,o3,8.0,µg/m³,2016-02-19 07:40:00+00:00
235,380,o3,8.0,µg/m³,2016-02-19 08:05:00+00:00
235,380,o3,14.8,µg/m³,2016-02-19 08:35:00+00:00
235,380,o3,6.8,µg/m³,2016-02-20 08:05:00+00:00
235,380,o3,4.2,µg/m³,2016-02-20 08:40:00+00:00
235,380,o3,6.6,µg/m³,2016-02-20 09:00:00+00:00
235,380,o3,4.0,µg/m³,2016-02-20 09:20:00+00:00
235,380,o3,6.7,µg/m³,2016-02-20 10:45:00+00:00
235,380,o3,6.5,µg/m³,2016-02-20 12:45:00+00:00
235,380,o3,13.9,µg/m³,2016-02-20 13:05:00+00:00
235,380,o3,31.1,µg/m³,2016-02-20 13:45:00+00:00
235,380,o3,23.3,µg/m³,2016-02-20 13:50:00+00:00
235,380,o3,66.4,µg/m³,2016-02-21 08:50:00+00:00
235,380,o3,86.0,µg/m³,2016-02-22 04:00:00+00:00
235,380,o3,71.4,µg/m³,2016-02-22 04:05:00+00:00
235,380,o3,210.9,µg/m³,2016-02-25 10:30:00+00:00
235,380,o3,3.1,µg/m³,2016-02-25 14:20:00+00:00
235,380,o3,4.7,µg/m³,2016-02-25 14:25:00+00:00
235,380,o3,45.1,µg/m³,2016-03-01 06:50:00+00:00
235,380,o3,1.4,µg/m³,2016-03-03 15:45:00+00:00
235,380,o3,0.1,µg/m³,2016-03-03 17:40:00+00:00
235,380,o3,8.3,µg/m³,2016-03-07 13:05:00+00:00
235,380,o3,26.7,µg/m³,2016-03-07 13:45:00+00:00
235,380,o3,18.9,µg/m³,2016-03-07 13:55:00+00:00
235,380,o3,52.2,µg/m³,2016-03-08 09:05:00+00:00
235,380,o3,36.9,µg/m³,2016-03-08 10:45:00+00:00
235,380,o3,23.5,µg/m³,2016-03-08 11:05:00+00:00
235,380,o3,59.6,µg/m³,2016-03-08 11:45:00+00:00
235,380,o3,38.1,µg/m³,2016-03-08 12:05:00+00:00
235,380,o3,35.0,µg/m³,2016-03-08 12:35:00+00:00
235,380,o3,16.9,µg/m³,2016-03-08 13:45:00+00:00
235,380,o3,27.8,µg/m³,2016-03-08 14:05:00+00:00
235,380,o3,21.0,µg/m³,2016-03-09 06:05:00+00:00
235,380,o3,34.2,µg/m³,2016-03-09 06:25:00+00:00
235,380,o3,36.4,µg/m³,2016-03-09 06:30:00+00:00
235,380,o3,28.0,µg/m³,2016-03-10 05:35:00+00:00
235,380,o3,18.8,µg/m³,2016-03-10 06:05:00+00:00
235,380,o3,35.9,µg/m³,2016-03-10 06:40:00+00:00
235,381,pm10,437.0,µg/m³,2016-02-05 14:00:00+00:00
235,381,pm10,357.0,µg/m³,2016-02-06 05:00:00+00:00
235,381,pm10,328.0,µg/m³,2016-02-06 06:00:00+00:00
235,381,pm10,354.0,µg/m³,2016-02-06 06:40:00+00:00
235,381,pm10,318.0,µg/m³,2016-02-08 05:00:00+00:00
235,381,pm10,318.0,µg/m³,2016-02-08 05:15:00+00:00
235,381,pm10,318.0,µg/m³,2016-02-08 05:40:00+00:00
235,381,pm10,318.0,µg/m³,2016-02-08 06:05:00+00:00
235,381,pm10,686.0,µg/m³,2016-02-08 06:45:00+00:00
235,381,pm10,686.0,µg/m³,2016-02-08 07:05:00+00:00
235,381,pm10,188.0,µg/m³,2016-02-08 07:45:00+00:00
235,381,pm10,188.0,µg/m³,2016-02-08 07:55:00+00:00
235,381,pm10,285.0,µg/m³,2016-02-09 04:05:00+00:00
235,381,pm10,311.0,µg/m³,2016-02-09 04:15:00+00:00
235,381,pm10,311.0,µg/m³,2016-02-09 04:30:00+00:00
235,381,pm10,211.0,µg/m³,2016-02-09 06:05:00+00:00
235,381,pm10,256.0,µg/m³,2016-02-09 06:25:00+00:00
235,381,pm10,256.0,µg/m³,2016-02-09 06:30:00+00:00
235,381,pm10,433.0,µg/m³,2016-02-09 14:50:00+00:00
235,381,pm10,350.0,µg/m³,2016-02-10 03:15:00+00:00
235,381,pm10,350.0,µg/m³,2016-02-10 04:05:00+00:00
235,381,pm10,295.0,µg/m³,2016-02-10 04:25:00+00:00
235,381,pm10,295.0,µg/m³,2016-02-10 05:05:00+00:00
235,381,pm10,312.0,µg/m³,2016-02-10 05:15:00+00:00
235,381,pm10,168.0,µg/m³,2016-02-10 10:40:00+00:00
235,381,pm10,382.0,µg/m³,2016-02-10 11:25:00+00:00
235,381,pm10,394.0,µg/m³,2016-02-10 12:25:00+00:00
235,381,pm10,394.0,µg/m³,2016-02-10 13:05:00+00:00
235,381,pm10,392.0,µg/m³,2016-02-10 13:20:00+00:00
235,381,pm10,294.0,µg/m³,2016-02-11 07:25:00+00:00
235,381,pm10,294.0,µg/m³,2016-02-11 07:45:00+00:00
235,381,pm10,272.0,µg/m³,2016-02-11 09:05:00+00:00
235,381,pm10,249.0,µg/m³,2016-02-11 09:25:00+00:00
235,381,pm10,249.0,µg/m³,2016-02-11 09:50:00+00:00
235,381,pm10,269.0,µg/m³,2016-02-11 11:05:00+00:00
235,381,pm10,539.0,µg/m³,2016-02-11 12:05:00+00:00
235,381,pm10,230.0,µg/m³,2016-02-11 12:25:00+00:00
235,381,pm10,230.0,µg/m³,2016-02-11 12:40:00+00:00
235,381,pm10,432.0,µg/m³,2016-02-12 04:55:00+00:00
235,381,pm10,301.0,µg/m³,2016-02-12 05:25:00+00:00
235,381,pm10,301.0,µg/m³,2016-02-12 05:55:00+00:00
235,381,pm10,283.0,µg/m³,2016-02-13 04:25:00+00:00
235,381,pm10,283.0,µg/m³,2016-02-13 05:05:00+00:00
235,381,pm10,365.0,µg/m³,2016-02-13 05:25:00+00:00
235,381,pm10,365.0,µg/m³,2016-02-13 05:30:00+00:00
235,381,pm10,317.0,µg/m³,2016-02-13 06:20:00+00:00
235,381,pm10,317.0,µg/m³,2016-02-13 07:05:00+00:00
235,381,pm10,317.0,µg/m³,2016-02-13 07:10:00+00:00
235,381,pm10,282.0,µg/m³,2016-02-15 05:05:00+00:00
235,381,pm10,227.0,µg/m³,2016-02-15 05:25:00+00:00
235,381,pm10,227.0,µg/m³,2016-02-15 05:45:00+00:00
235,381,pm10,227.0,µg/m³,2016-02-15 06:05:00+00:00
235,381,pm10,227.0,µg/m³,2016-02-15 06:10:00+00:00
235,381,pm10,235.0,µg/m³,2016-02-16 05:45:00+00:00
235,381,pm10,235.0,µg/m³,2016-02-16 05:50:00+00:00
235,381,pm10,349.0,µg/m³,2016-02-16 06:45:00+00:00
235,381,pm10,349.0,µg/m³,2016-02-16 07:00:00+00:00
235,381,pm10,395.0,µg/m³,2016-02-16 07:45:00+00:00
235,381,pm10,395.0,µg/m³,2016-02-16 07:50:00+00:00
235,381,pm10,223.0,µg/m³,2016-02-17 14:35:00+00:00
235,381,pm10,164.0,µg/m³,2016-02-17 19:45:00+00:00
235,381,pm10,100.0,µg/m³,2016-02-17 22:15:00+00:00
235,381,pm10,166.0,µg/m³,2016-02-18 02:55:00+00:00
235,381,pm10,245.0,µg/m³,2016-02-18 05:45:00+00:00
235,381,pm10,255.0,µg/m³,2016-02-18 06:40:00+00:00
235,381,pm10,259.0,µg/m³,2016-02-19 04:45:00+00:00
235,381,pm10,259.0,µg/m³,2016-02-19 05:05:00+00:00
235,381,pm10,268.0,µg/m³,2016-02-19 05:40:00+00:00
235,381,pm10,280.0,µg/m³,2016-02-19 07:45:00+00:00
235,381,pm10,280.0,µg/m³,2016-02-19 08:05:00+00:00
235,381,pm10,819.0,µg/m³,2016-02-19 08:35:00+00:00
235,381,pm10,216.0,µg/m³,2016-02-20 08:05:00+00:00
235,381,pm10,283.0,µg/m³,2016-02-20 08:40:00+00:00
235,381,pm10,283.0,µg/m³,2016-02-20 09:00:00+00:00
235,381,pm10,301.0,µg/m³,2016-02-20 09:20:00+00:00
235,381,pm10,395.0,µg/m³,2016-02-20 10:45:00+00:00
235,381,pm10,395.0,µg/m³,2016-02-20 11:05:00+00:00
235,381,pm10,294.0,µg/m³,2016-02-20 11:45:00+00:00
235,381,pm10,294.0,µg/m³,2016-02-20 11:50:00+00:00
235,381,pm10,174.0,µg/m³,2016-02-20 12:45:00+00:00
235,381,pm10,174.0,µg/m³,2016-02-20 13:05:00+00:00
235,381,pm10,139.0,µg/m³,2016-02-20 13:45:00+00:00
235,381,pm10,139.0,µg/m³,2016-02-20 13:50:00+00:00
235,381,pm10,75.0,µg/m³,2016-02-22 00:10:00+00:00
235,381,pm10,208.0,µg/m³,2016-02-22 04:00:00+00:00
235,381,pm10,208.0,µg/m³,2016-02-22 04:05:00+00:00
235,381,pm10,409.0,µg/m³,2016-03-01 06:45:00+00:00
235,381,pm10,409.0,µg/m³,2016-03-01 06:50:00+00:00
235,381,pm10,199.0,µg/m³,2016-03-03 15:45:00+00:00
235,381,pm10,199.0,µg/m³,2016-03-03 16:05:00+00:00
235,381,pm10,218.0,µg/m³,2016-03-03 16:45:00+00:00
235,381,pm10,218.0,µg/m³,2016-03-03 17:05:00+00:00
235,381,pm10,453.0,µg/m³,2016-03-03 17:40:00+00:00
235,381,pm10,238.0,µg/m³,2016-03-07 13:45:00+00:00
235,381,pm10,238.0,µg/m³,2016-03-07 13:55:00+00:00
235,381,pm10,111.0,µg/m³,2016-03-07 16:05:00+00:00
235,381,pm10,136.0,µg/m³,2016-03-08 09:05:00+00:00
235,381,pm10,323.0,µg/m³,2016-03-08 11:25:00+00:00
235,381,pm10,323.0,µg/m³,2016-03-08 12:05:00+00:00
235,381,pm10,194.0,µg/m³,2016-03-08 12:25:00+00:00
235,382,no2,166.2,µg/m³,2016-02-05 14:00:00+00:00
235,382,no2,80.0,µg/m³,2016-02-06 05:00:00+00:00
235,382,no2,71.9,µg/m³,2016-02-06 06:00:00+00:00
235,382,no2,66.1,µg/m³,2016-02-06 06:20:00+00:00
235,382,no2,63.8,µg/m³,2016-02-06 06:40:00+00:00
235,382,no2,82.4,µg/m³,2016-02-08 05:00:00+00:00
235,382,no2,70.0,µg/m³,2016-02-08 05:15:00+00:00
235,382,no2,55.8,µg/m³,2016-02-08 05:40:00+00:00
235,382,no2,74.8,µg/m³,2016-02-08 06:10:00+00:00
235,382,no2,68.3,µg/m³,2016-02-08 06:50:00+00:00
235,382,no2,62.7,µg/m³,2016-02-08 07:10:00+00:00
235,382,no2,57.8,µg/m³,2016-02-08 07:50:00+00:00
235,382,no2,73.7,µg/m³,2016-02-08 07:55:00+00:00
235,382,no2,120.4,µg/m³,2016-02-09 04:05:00+00:00
235,382,no2,117.3,µg/m³,2016-02-09 04:15:00+00:00
235,382,no2,107.6,µg/m³,2016-02-09 06:05:00+00:00
235,382,no2,109.6,µg/m³,2016-02-09 06:25:00+00:00
235,382,no2,109.6,µg/m³,2016-02-09 06:30:00+00:00
235,382,no2,213.4,µg/m³,2016-02-10 03:15:00+00:00
235,382,no2,85.0,µg/m³,2016-02-10 04:05:00+00:00
235,382,no2,178.7,µg/m³,2016-02-10 05:05:00+00:00
235,382,no2,209.4,µg/m³,2016-02-10 05:15:00+00:00
235,382,no2,154.2,µg/m³,2016-02-10 10:40:00+00:00
235,382,no2,175.0,µg/m³,2016-02-10 11:25:00+00:00
235,382,no2,175.9,µg/m³,2016-02-10 12:25:00+00:00
235,382,no2,139.3,µg/m³,2016-02-10 13:05:00+00:00
235,382,no2,135.4,µg/m³,2016-02-10 13:20:00+00:00
235,382,no2,44.5,µg/m³,2016-02-11 07:25:00+00:00
235,382,no2,57.9,µg/m³,2016-02-11 07:45:00+00:00
235,382,no2,118.0,µg/m³,2016-02-11 09:05:00+00:00
235,382,no2,94.9,µg/m³,2016-02-11 09:50:00+00:00
235,382,no2,102.2,µg/m³,2016-02-11 11:35:00+00:00
235,382,no2,93.7,µg/m³,2016-02-11 12:05:00+00:00
235,382,no2,109.9,µg/m³,2016-02-11 12:40:00+00:00
235,382,no2,99.5,µg/m³,2016-02-11 17:35:00+00:00
235,382,no2,107.2,µg/m³,2016-02-12 04:55:00+00:00
235,382,no2,124.8,µg/m³,2016-02-12 05:25:00+00:00
235,382,no2,179.0,µg/m³,2016-02-12 05:55:00+00:00
235,382,no2,54.1,µg/m³,2016-02-13 05:05:00+00:00
235,382,no2,63.8,µg/m³,2016-02-13 05:25:00+00:00
235,382,no2,58.3,µg/m³,2016-02-13 05:30:00+00:00
235,382,no2,66.4,µg/m³,2016-02-13 06:20:00+00:00
235,382,no2,77.1,µg/m³,2016-02-13 07:05:00+00:00
235,382,no2,69.4,µg/m³,2016-02-13 07:10:00+00:00
235,382,no2,76.7,µg/m³,2016-02-15 05:25:00+00:00
235,382,no2,90.0,µg/m³,2016-02-15 05:45:00+00:00
235,382,no2,72.4,µg/m³,2016-02-15 06:05:00+00:00
235,382,no2,95.3,µg/m³,2016-02-15 06:10:00+00:00
235,382,no2,88.7,µg/m³,2016-02-16 05:50:00+00:00
235,382,no2,85.4,µg/m³,2016-02-16 06:45:00+00:00
235,382,no2,77.4,µg/m³,2016-02-16 07:00:00+00:00
235,382,no2,77.1,µg/m³,2016-02-16 07:45:00+00:00
235,382,no2,76.4,µg/m³,2016-02-16 07:50:00+00:00
235,382,no2,75.4,µg/m³,2016-02-17 02:15:00+00:00
235,382,no2,49.1,µg/m³,2016-02-17 19:50:00+00:00
235,382,no2,70.7,µg/m³,2016-02-17 22:20:00+00:00
235,382,no2,90.0,µg/m³,2016-02-18 03:10:00+00:00
235,382,no2,107.2,µg/m³,2016-02-18 05:50:00+00:00
235,382,no2,103.9,µg/m³,2016-02-18 06:40:00+00:00
235,382,no2,133.8,µg/m³,2016-02-19 04:45:00+00:00
235,382,no2,134.0,µg/m³,2016-02-19 05:10:00+00:00
235,382,no2,115.1,µg/m³,2016-02-19 05:40:00+00:00
235,382,no2,87.6,µg/m³,2016-02-19 07:40:00+00:00
235,382,no2,87.6,µg/m³,2016-02-19 08:05:00+00:00
235,382,no2,77.3,µg/m³,2016-02-19 08:35:00+00:00
235,382,no2,61.3,µg/m³,2016-02-20 08:05:00+00:00
235,382,no2,55.7,µg/m³,2016-02-20 08:40:00+00:00
235,382,no2,72.4,µg/m³,2016-02-20 09:00:00+00:00
235,382,no2,50.2,µg/m³,2016-02-20 09:20:00+00:00
235,382,no2,61.3,µg/m³,2016-02-20 10:45:00+00:00
235,382,no2,53.6,µg/m³,2016-02-20 11:05:00+00:00
235,382,no2,68.9,µg/m³,2016-02-20 11:45:00+00:00
235,382,no2,44.4,µg/m³,2016-02-20 12:45:00+00:00
235,382,no2,47.3,µg/m³,2016-02-20 13:05:00+00:00
235,382,no2,36.0,µg/m³,2016-02-20 13:45:00+00:00
235,382,no2,88.8,µg/m³,2016-02-20 13:50:00+00:00
235,382,no2,55.8,µg/m³,2016-02-21 08:50:00+00:00
235,382,no2,56.8,µg/m³,2016-02-22 04:00:00+00:00
235,382,no2,78.0,µg/m³,2016-02-22 04:05:00+00:00
235,382,no2,48.6,µg/m³,2016-02-25 10:30:00+00:00
235,382,no2,145.7,µg/m³,2016-03-01 06:50:00+00:00
235,382,no2,69.1,µg/m³,2016-03-03 15:05:00+00:00
235,382,no2,123.2,µg/m³,2016-03-03 15:45:00+00:00
235,382,no2,119.9,µg/m³,2016-03-03 16:05:00+00:00
235,382,no2,106.8,µg/m³,2016-03-03 16:45:00+00:00
235,382,no2,111.4,µg/m³,2016-03-03 17:05:00+00:00
235,382,no2,98.3,µg/m³,2016-03-03 17:40:00+00:00
235,382,no2,85.6,µg/m³,2016-03-07 13:05:00+00:00
235,382,no2,93.6,µg/m³,2016-03-07 13:45:00+00:00
235,382,no2,82.4,µg/m³,2016-03-07 13:55:00+00:00
235,382,no2,81.3,µg/m³,2016-03-08 09:05:00+00:00
235,382,no2,65.8,µg/m³,2016-03-08 10:45:00+00:00
235,382,no2,146.8,µg/m³,2016-03-08 11:05:00+00:00
235,382,no2,61.0,µg/m³,2016-03-08 11:45:00+00:00
235,382,no2,74.6,µg/m³,2016-03-08 12:05:00+00:00
235,382,no2,59.6,µg/m³,2016-03-08 12:35:00+00:00
235,382,no2,99.9,µg/m³,2016-03-08 13:45:00+00:00
235,382,no2,80.4,µg/m³,2016-03-08 14:05:00+00:00
235,382,no2,98.1,µg/m³,2016-03-09 06:05:00+00:00
235,382,no2,92.2,µg/m³,2016-03-09 06:25:00+00:00
235,383,so2,29.6,µg/m³,2016-02-05 14:00:00+00:00
235,383,so2,37.1,µg/m³,2016-02-06 05:00:00+00:00
235,383,so2,77.4,µg/m³,2016-02-06 05:20:00+00:00
235,383,so2,36.4,µg/m³,2016-02-06 06:00:00+00:00
235,383,so2,31.9,µg/m³,2016-02-06 06:20:00+00:00
235,383,so2,43.4,µg/m³,2016-02-06 06:40:00+00:00
235,383,so2,40.5,µg/m³,2016-02-08 05:00:00+00:00
235,383,so2,36.4,µg/m³,2016-02-08 05:15:00+00:00
235,383,so2,34.0,µg/m³,2016-02-08 05:40:00+00:00
235,383,so2,31.5,µg/m³,2016-02-08 06:50:00+00:00
235,383,so2,26.3,µg/m³,2016-02-08 07:10:00+00:00
235,383,so2,21.2,µg/m³,2016-02-08 07:50:00+00:00
235,383,so2,20.7,µg/m³,2016-02-08 07:55:00+00:00
235,383,so2,38.4,µg/m³,2016-02-09 04:05:00+00:00
235,383,so2,45.9,µg/m³,2016-02-09 04:15:00+00:00
235,383,so2,49.8,µg/m³,2016-02-09 06:05:00+00:00
235,383,so2,47.4,µg/m³,2016-02-09 06:25:00+00:00
235,383,so2,42.2,µg/m³,2016-02-09 06:30:00+00:00
235,383,so2,9.2,µg/m³,2016-02-10 03:15:00+00:00
235,383,so2,13.0,µg/m³,2016-02-10 04:05:00+00:00
235,383,so2,26.4,µg/m³,2016-02-10 05:05:00+00:00
235,383,so2,31.6,µg/m³,2016-02-10 05:15:00+00:00
235,383,so2,25.5,µg/m³,2016-02-10 10:40:00+00:00
235,383,so2,35.7,µg/m³,2016-02-10 11:25:00+00:00
235,383,so2,128.7,µg/m³,2016-02-10 12:25:00+00:00
235,383,so2,34.1,µg/m³,2016-02-10 13:05:00+00:00
235,383,so2,31.1,µg/m³,2016-02-10 13:20:00+00:00
235,383,so2,19.5,µg/m³,2016-02-11 07:25:00+00:00
235,383,so2,18.7,µg/m³,2016-02-11 07:45:00+00:00
235,383,so2,20.3,µg/m³,2016-02-11 09:05:00+00:00
235,383,so2,22.8,µg/m³,2016-02-11 09:50:00+00:00
235,383,so2,56.9,µg/m³,2016-02-11 11:35:00+00:00
235,383,so2,45.8,µg/m³,2016-02-11 12:05:00+00:00
235,383,so2,45.4,µg/m³,2016-02-11 12:40:00+00:00
235,383,so2,21.2,µg/m³,2016-02-11 17:35:00+00:00
235,383,so2,106.2,µg/m³,2016-02-12 04:55:00+00:00
235,383,so2,122.4,µg/m³,2016-02-12 05:25:00+00:00
235,383,so2,112.3,µg/m³,2016-02-12 05:55:00+00:00
235,383,so2,21.9,µg/m³,2016-02-13 05:05:00+00:00
235,383,so2,51.8,µg/m³,2016-02-13 05:25:00+00:00
235,383,so2,51.3,µg/m³,2016-02-13 05:30:00+00:00
235,383,so2,44.1,µg/m³,2016-02-13 06:20:00+00:00
235,383,so2,26.5,µg/m³,2016-02-13 07:05:00+00:00
235,383,so2,27.1,µg/m³,2016-02-13 07:10:00+00:00
235,383,so2,35.6,µg/m³,2016-02-15 05:25:00+00:00
235,383,so2,33.8,µg/m³,2016-02-15 05:45:00+00:00
235,383,so2,32.2,µg/m³,2016-02-15 06:05:00+00:00
235,383,so2,28.9,µg/m³,2016-02-16 05:50:00+00:00
235,383,so2,25.5,µg/m³,2016-02-16 06:45:00+00:00
235,383,so2,20.6,µg/m³,2016-02-16 07:00:00+00:00
235,383,so2,23.9,µg/m³,2016-02-16 07:45:00+00:00
235,383,so2,25.1,µg/m³,2016-02-16 07:50:00+00:00
235,383,so2,12.0,µg/m³,2016-02-17 19:50:00+00:00
235,383,so2,19.5,µg/m³,2016-02-17 22:20:00+00:00
235,383,so2,21.5,µg/m³,2016-02-18 03:10:00+00:00
235,383,so2,40.9,µg/m³,2016-02-18 05:50:00+00:00
235,383,so2,17.1,µg/m³,2016-02-18 06:40:00+00:00
235,383,so2,58.8,µg/m³,2016-02-19 04:45:00+00:00
235,383,so2,58.2,µg/m³,2016-02-19 05:10:00+00:00
235,383,so2,54.2,µg/m³,2016-02-19 05:40:00+00:00
235,383,so2,22.4,µg/m³,2016-02-19 07:40:00+00:00
235,383,so2,20.2,µg/m³,2016-02-19 08:05:00+00:00
235,383,so2,19.0,µg/m³,2016-02-19 08:35:00+00:00
235,383,so2,17.9,µg/m³,2016-02-20 08:05:00+00:00
235,383,so2,8.4,µg/m³,2016-02-20 08:40:00+00:00
235,383,so2,8.3,µg/m³,2016-02-20 09:00:00+00:00
235,383,so2,6.1,µg/m³,2016-02-20 09:20:00+00:00
235,383,so2,19.5,µg/m³,2016-02-20 10:45:00+00:00
235,383,so2,22.5,µg/m³,2016-02-20 11:05:00+00:00
235,383,so2,26.1,µg/m³,2016-02-20 11:45:00+00:00
235,383,so2,29.1,µg/m³,2016-02-20 12:45:00+00:00
235,383,so2,25.6,µg/m³,2016-02-20 13:05:00+00:00
235,383,so2,22.7,µg/m³,2016-02-20 13:45:00+00:00
235,383,so2,22.8,µg/m³,2016-02-20 13:50:00+00:00
235,383,so2,12.6,µg/m³,2016-02-21 08:50:00+00:00
235,383,so2,56.8,µg/m³,2016-02-22 04:00:00+00:00
235,383,so2,56.5,µg/m³,2016-02-22 04:05:00+00:00
235,383,so2,21.4,µg/m³,2016-02-25 10:30:00+00:00
235,383,so2,31.4,µg/m³,2016-02-25 14:25:00+00:00
235,383,so2,111.0,µg/m³,2016-03-01 06:50:00+00:00
235,383,so2,48.7,µg/m³,2016-03-03 14:45:00+00:00
235,383,so2,41.0,µg/m³,2016-03-03 15:05:00+00:00
235,383,so2,44.5,µg/m³,2016-03-03 15:45:00+00:00
235,383,so2,38.4,µg/m³,2016-03-03 16:05:00+00:00
235,383,so2,30.2,µg/m³,2016-03-03 16:45:00+00:00
235,383,so2,26.4,µg/m³,2016-03-03 17:05:00+00:00
235,383,so2,20.4,µg/m³,2016-03-03 17:40:00+00:00
235,383,so2,21.8,µg/m³,2016-03-07 13:05:00+00:00
235,383,so2,26.0,µg/m³,2016-03-07 13:45:00+00:00
235,383,so2,26.2,µg/m³,2016-03-07 13:55:00+00:00
235,383,so2,13.6,µg/m³,2016-03-08 09:05:00+00:00
235,383,so2,15.2,µg/m³,2016-03-08 10:45:00+00:00
235,383,so2,18.3,µg/m³,2016-03-08 11:05:00+00:00
235,383,so2,13.5,µg/m³,2016-03-08 11:45:00+00:00
235,383,so2,13.8,µg/m³,2016-03-08 12:05:00+00:00
235,383,so2,16.4,µg/m³,2016-03-08 12:35:00+00:00
235,383,so2,20.1,µg/m³,2016-03-08 13:45:00+00:00
235,383,so2,19.1,µg/m³,2016-03-08 14:05:00+00:00
235,383,so2,16.8,µg/m³,2016-03-09 06:05:00+00:00
235,383,so2,17.5,µg/m³,2016-03-09 06:25:00+00:00
235,384,pm25,132.0,µg/m³,2016-02-05 14:00:00+00:00
235,384,pm25,322.0,µg/m³,2016-02-06 05:00:00+00:00
235,384,pm25,188.0,µg/m³,2016-02-06 05:20:00+00:00
235,384,pm25,188.0,µg/m³,2016-02-06 06:00:00+00:00
235,384,pm25,170.0,µg/m³,2016-02-06 06:20:00+00:00
235,384,pm25,170.0,µg/m³,2016-02-06 06:40:00+00:00
235,384,pm25,243.0,µg/m³,2016-02-08 05:00:00+00:00
235,384,pm25,158.0,µg/m³,2016-02-08 05:15:00+00:00
235,384,pm25,158.0,µg/m³,2016-02-08 05:40:00+00:00
235,384,pm25,158.0,µg/m³,2016-02-08 06:05:00+00:00
235,384,pm25,121.0,µg/m³,2016-02-08 06:45:00+00:00
235,384,pm25,121.0,µg/m³,2016-02-08 07:05:00+00:00
235,384,pm25,63.0,µg/m³,2016-02-08 07:45:00+00:00
235,384,pm25,63.0,µg/m³,2016-02-08 07:55:00+00:00
235,384,pm25,258.0,µg/m³,2016-02-09 04:05:00+00:00
235,384,pm25,269.0,µg/m³,2016-02-09 04:15:00+00:00
235,384,pm25,269.0,µg/m³,2016-02-09 04:30:00+00:00
235,384,pm25,142.0,µg/m³,2016-02-09 06:05:00+00:00
235,384,pm25,113.0,µg/m³,2016-02-09 06:25:00+00:00
235,384,pm25,113.0,µg/m³,2016-02-09 06:30:00+00:00
235,384,pm25,179.0,µg/m³,2016-02-09 14:50:00+00:00
235,384,pm25,331.0,µg/m³,2016-02-10 03:15:00+00:00
235,384,pm25,331.0,µg/m³,2016-02-10 04:05:00+00:00
235,384,pm25,302.0,µg/m³,2016-02-10 04:25:00+00:00
235,384,pm25,302.0,µg/m³,2016-02-10 05:05:00+00:00
235,384,pm25,266.0,µg/m³,2016-02-10 05:15:00+00:00
235,384,pm25,120.0,µg/m³,2016-02-10 10:40:00+00:00
235,384,pm25,241.0,µg/m³,2016-02-10 11:25:00+00:00
235,384,pm25,259.0,µg/m³,2016-02-10 12:25:00+00:00
235,384,pm25,259.0,µg/m³,2016-02-10 13:05:00+00:00
235,384,pm25,235.0,µg/m³,2016-02-10 13:20:00+00:00
235,384,pm25,110.0,µg/m³,2016-02-11 07:25:00+00:00
235,384,pm25,110.0,µg/m³,2016-02-11 07:45:00+00:00
235,384,pm25,100.0,µg/m³,2016-02-11 09:05:00+00:00
235,384,pm25,112.0,µg/m³,2016-02-11 09:25:00+00:00
235,384,pm25,112.0,µg/m³,2016-02-11 09:50:00+00:00
235,384,pm25,122.0,µg/m³,2016-02-11 11:05:00+00:00
235,384,pm25,141.0,µg/m³,2016-02-11 12:05:00+00:00
235,384,pm25,128.0,µg/m³,2016-02-11 12:25:00+00:00
235,384,pm25,128.0,µg/m³,2016-02-11 12:40:00+00:00
235,384,pm25,349.0,µg/m³,2016-02-12 04:55:00+00:00
235,384,pm25,234.0,µg/m³,2016-02-12 05:25:00+00:00
235,384,pm25,234.0,µg/m³,2016-02-12 05:55:00+00:00
235,384,pm25,174.0,µg/m³,2016-02-13 04:25:00+00:00
235,384,pm25,174.0,µg/m³,2016-02-13 05:05:00+00:00
235,384,pm25,120.0,µg/m³,2016-02-13 05:25:00+00:00
235,384,pm25,120.0,µg/m³,2016-02-13 05:30:00+00:00
235,384,pm25,130.0,µg/m³,2016-02-13 06:20:00+00:00
235,384,pm25,130.0,µg/m³,2016-02-13 07:05:00+00:00
235,384,pm25,130.0,µg/m³,2016-02-13 07:10:00+00:00
235,384,pm25,213.0,µg/m³,2016-02-15 05:05:00+00:00
235,384,pm25,154.0,µg/m³,2016-02-15 05:25:00+00:00
235,384,pm25,154.0,µg/m³,2016-02-15 05:45:00+00:00
235,384,pm25,154.0,µg/m³,2016-02-15 06:05:00+00:00
235,384,pm25,154.0,µg/m³,2016-02-15 06:10:00+00:00
235,384,pm25,138.0,µg/m³,2016-02-16 05:45:00+00:00
235,384,pm25,138.0,µg/m³,2016-02-16 05:50:00+00:00
235,384,pm25,87.0,µg/m³,2016-02-16 06:45:00+00:00
235,384,pm25,87.0,µg/m³,2016-02-16 07:00:00+00:00
235,384,pm25,64.0,µg/m³,2016-02-16 07:45:00+00:00
235,384,pm25,64.0,µg/m³,2016-02-16 07:50:00+00:00
235,384,pm25,168.0,µg/m³,2016-02-17 14:35:00+00:00
235,384,pm25,142.0,µg/m³,2016-02-17 19:45:00+00:00
235,384,pm25,94.0,µg/m³,2016-02-17 22:15:00+00:00
235,384,pm25,198.0,µg/m³,2016-02-18 02:55:00+00:00
235,384,pm25,195.0,µg/m³,2016-02-18 05:45:00+00:00
235,384,pm25,159.0,µg/m³,2016-02-18 06:40:00+00:00
235,384,pm25,241.0,µg/m³,2016-02-19 04:45:00+00:00
235,384,pm25,241.0,µg/m³,2016-02-19 05:05:00+00:00
235,384,pm25,207.0,µg/m³,2016-02-19 05:40:00+00:00
235,384,pm25,113.0,µg/m³,2016-02-19 07:45:00+00:00
235,384,pm25,113.0,µg/m³,2016-02-19 08:05:00+00:00
235,384,pm25,206.0,µg/m³,2016-02-20 08:05:00+00:00
235,384,pm25,147.0,µg/m³,2016-02-20 08:40:00+00:00
235,384,pm25,147.0,µg/m³,2016-02-20 09:00:00+00:00
235,384,pm25,115.0,µg/m³,2016-02-20 09:20:00+00:00
235,384,pm25,136.0,µg/m³,2016-02-20 10:45:00+00:00
235,384,pm25,136.0,µg/m³,2016-02-20 11:05:00+00:00
235,384,pm25,127.0,µg/m³,2016-02-20 11:45:00+00:00
235,384,pm25,127.0,µg/m³,2016-02-20 11:50:00+00:00
235,384,pm25,95.0,µg/m³,2016-02-20 12:45:00+00:00
235,384,pm25,95.0,µg/m³,2016-02-20 13:05:00+00:00
235,384,pm25,88.0,µg/m³,2016-02-20 13:45:00+00:00
235,384,pm25,88.0,µg/m³,2016-02-20 13:50:00+00:00
235,384,pm25,38.0,µg/m³,2016-02-21 08:50:00+00:00
235,384,pm25,85.0,µg/m³,2016-02-22 00:10:00+00:00
235,384,pm25,143.0,µg/m³,2016-02-22 04:00:00+00:00
235,384,pm25,143.0,µg/m³,2016-02-22 04:05:00+00:00
235,384,pm25,94.0,µg/m³,2016-02-25 14:00:00+00:00
235,384,pm25,258.0,µg/m³,2016-03-01 06:45:00+00:00
235,384,pm25,258.0,µg/m³,2016-03-01 06:50:00+00:00
235,384,pm25,141.0,µg/m³,2016-03-03 15:45:00+00:00
235,384,pm25,141.0,µg/m³,2016-03-03 16:05:00+00:00
235,384,pm25,144.0,µg/m³,2016-03-03 16:45:00+00:00
235,384,pm25,144.0,µg/m³,2016-03-03 17:05:00+00:00
235,384,pm25,173.0,µg/m³,2016-03-03 17:40:00+00:00
235,384,pm25,127.0,µg/m³,2016-03-07 13:45:00+00:00
235,384,pm25,127.0,µg/m³,2016-03-07 13:55:00+00:00
235,384,pm25,84.0,µg/m³,2016-03-07 16:05:00+00:00
235,384,pm25,49.0,µg/m³,2016-03-08 09:05:00+00:00
235,385,co,2800.0,µg/m³,2016-02-05 14:00:00+00:00
235,385,co,1000.0,µg/m³,2016-02-06 05:00:00+00:00
235,385,co,1100.0,µg/m³,2016-02-06 05:20:00+00:00
235,385,co,600.0,µg/m³,2016-02-06 06:00:00+00:00
235,385,co,500.0,µg/m³,2016-02-06 06:20:00+00:00
235,385,co,500.0,µg/m³,2016-02-06 06:40:00+00:00
235,385,co,1100.0,µg/m³,2016-02-08 05:00:00+00:00
235,385,co,900.0,µg/m³,2016-02-08 05:15:00+00:00
235,385,co,800.0,µg/m³,2016-02-08 05:40:00+00:00
235,385,co,13600.0,µg/m³,2016-02-08 06:10:00+00:00
235,385,co,500.0,µg/m³,2016-02-08 06:50:00+00:00
235,385,co,500.0,µg/m³,2016-02-08 07:10:00+00:00
235,385,co,600.0,µg/m³,2016-02-08 07:50:00+00:00
235,385,co,600.0,µg/m³,2016-02-08 07:55:00+00:00
235,385,co,2600.0,µg/m³,2016-02-09 04:05:00+00:00
235,385,co,2000.0,µg/m³,2016-02-09 04:15:00+00:00
235,385,co,900.0,µg/m³,2016-02-09 06:05:00+00:00
235,385,co,900.0,µg/m³,2016-02-09 06:25:00+00:00
235,385,co,800.0,µg/m³,2016-02-09 06:30:00+00:00
235,385,co,1200.0,µg/m³,2016-02-10 03:15:00+00:00
235,385,co,500.0,µg/m³,2016-02-10 04:05:00+00:00
235,385,co,2300.0,µg/m³,2016-02-10 05:05:00+00:00
235,385,co,2800.0,µg/m³,2016-02-10 05:15:00+00:00
235,385,co,2000.0,µg/m³,2016-02-10 10:40:00+00:00
235,385,co,2500.0,µg/m³,2016-02-10 12:25:00+00:00
235,385,co,2200.0,µg/m³,2016-02-10 13:05:00+00:00
235,385,co,2600.0,µg/m³,2016-02-10 13:20:00+00:00
235,385,co,1700.0,µg/m³,2016-02-11 07:25:00+00:00
235,385,co,1700.0,µg/m³,2016-02-11 07:45:00+00:00
235,385,co,1900.0,µg/m³,2016-02-11 09:05:00+00:00
235,385,co,1500.0,µg/m³,2016-02-11 09:50:00+00:00
235,385,co,1700.0,µg/m³,2016-02-11 11:35:00+00:00
235,385,co,1800.0,µg/m³,2016-02-11 12:05:00+00:00
235,385,co,2400.0,µg/m³,2016-02-11 12:40:00+00:00
235,385,co,2900.0,µg/m³,2016-02-11 17:35:00+00:00
235,385,co,400.0,µg/m³,2016-02-12 04:55:00+00:00
235,385,co,1100.0,µg/m³,2016-02-12 05:25:00+00:00
235,385,co,1800.0,µg/m³,2016-02-12 05:55:00+00:00
235,385,co,800.0,µg/m³,2016-02-13 05:05:00+00:00
235,385,co,1800.0,µg/m³,2016-02-13 05:25:00+00:00
235,385,co,1500.0,µg/m³,2016-02-13 05:30:00+00:00
235,385,co,1400.0,µg/m³,2016-02-13 06:20:00+00:00
235,385,co,1500.0,µg/m³,2016-02-13 07:05:00+00:00
235,385,co,1500.0,µg/m³,2016-02-13 07:10:00+00:00
235,385,co,1500.0,µg/m³,2016-02-15 05:25:00+00:00
235,385,co,1300.0,µg/m³,2016-02-15 05:45:00+00:00
235,385,co,1200.0,µg/m³,2016-02-15 06:05:00+00:00
235,385,co,1300.0,µg/m³,2016-02-15 06:10:00+00:00
235,385,co,1400.0,µg/m³,2016-02-16 05:50:00+00:00
235,385,co,1200.0,µg/m³,2016-02-16 06:45:00+00:00
235,385,co,1600.0,µg/m³,2016-02-16 07:00:00+00:00
235,385,co,1500.0,µg/m³,2016-02-16 07:45:00+00:00
235,385,co,1600.0,µg/m³,2016-02-16 07:50:00+00:00
235,385,co,1700.0,µg/m³,2016-02-17 02:15:00+00:00
235,385,co,1300.0,µg/m³,2016-02-17 19:50:00+00:00
235,385,co,1300.0,µg/m³,2016-02-17 22:20:00+00:00
235,385,co,1600.0,µg/m³,2016-02-18 03:10:00+00:00
235,385,co,2100.0,µg/m³,2016-02-18 05:50:00+00:00
235,385,co,2000.0,µg/m³,2016-02-18 06:40:00+00:00
235,385,co,2700.0,µg/m³,2016-02-19 04:45:00+00:00
235,385,co,2500.0,µg/m³,2016-02-19 05:10:00+00:00
235,385,co,1800.0,µg/m³,2016-02-19 05:40:00+00:00
235,385,co,2200.0,µg/m³,2016-02-19 07:40:00+00:00
235,385,co,2300.0,µg/m³,2016-02-19 08:05:00+00:00
235,385,co,2300.0,µg/m³,2016-02-19 08:35:00+00:00
235,385,co,700.0,µg/m³,2016-02-20 08:05:00+00:00
235,385,co,600.0,µg/m³,2016-02-20 08:40:00+00:00
235,385,co,400.0,µg/m³,2016-02-20 09:00:00+00:00
235,385,co,500.0,µg/m³,2016-02-20 09:20:00+00:00
235,385,co,300.0,µg/m³,2016-02-20 10:45:00+00:00
235,385,co,200.0,µg/m³,2016-02-20 11:05:00+00:00
235,385,co,500.0,µg/m³,2016-02-20 11:45:00+00:00
235,385,co,300.0,µg/m³,2016-02-20 12:45:00+00:00
235,385,co,300.0,µg/m³,2016-02-20 13:05:00+00:00
235,385,co,1200.0,µg/m³,2016-02-20 13:45:00+00:00
235,385,co,1300.0,µg/m³,2016-02-20 13:50:00+00:00
235,385,co,1300.0,µg/m³,2016-02-21 08:50:00+00:00
235,385,co,1300.0,µg/m³,2016-02-22 04:00:00+00:00
235,385,co,1200.0,µg/m³,2016-02-22 04:05:00+00:00
235,385,co,400.0,µg/m³,2016-02-25 10:30:00+00:00
235,385,co,1600.0,µg/m³,2016-02-25 14:25:00+00:00
235,385,co,1900.0,µg/m³,2016-03-01 06:50:00+00:00
235,385,co,2300.0,µg/m³,2016-03-03 14:45:00+00:00
235,385,co,2500.0,µg/m³,2016-03-03 15:05:00+00:00
235,385,co,3000.0,µg/m³,2016-03-03 15:45:00+00:00
235,385,co,2800.0,µg/m³,2016-03-03 16:05:00+00:00
235,385,co,2800.0,µg/m³,2016-03-03 16:45:00+00:00
235,385,co,2800.0,µg/m³,2016-03-03 17:05:00+00:00
235,385,co,2400.0,µg/m³,2016-03-03 17:40:00+00:00
235,385,co,1000.0,µg/m³,2016-03-07 13:05:00+00:00
235,385,co,1200.0,µg/m³,2016-03-07 13:45:00+00:00
235,385,co,1200.0,µg/m³,2016-03-07 13:55:00+00:00
235,385,co,1000.0,µg/m³,2016-03-08 09:05:00+00:00
235,385,co,2100.0,µg/m³,2016-03-08 10:45:00+00:00
235,385,co,4300.0,µg/m³,2016-03-08 11:05:00+00:00
235,385,co,1800.0,µg/m³,2016-03-08 11:45:00+00:00
235,385,co,1800.0,µg/m³,2016-03-08 12:05:00+00:00
235,385,co,1800.0,µg/m³,2016-03-08 12:35:00+00:00
235,385,co,2000.0,µg/m³,2016-03-08 13:45:00+00:00
235,385,co,1900.0,µg/m³,2016-03-08 14:05:00+00:00
235,12235610,pm25,105.0,µg/m³,2025-02-18 22:00:00+00:00
235,12235610,pm25,95.0,µg/m³,2025-02-18 22:15:00+00:00
235,12235610,pm25,95.0,µg/m³,2025-02-18 22:30:00+00:00
235,12235610,pm25,95.0,µg/m³,2025-02-18 22:45:00+00:00
235,12235610,pm25,95.0,µg/m³,2025-02-18 23:00:00+00:00
235,12235610,pm25,105.0,µg/m³,2025-02-18 23:15:00+00:00
235,12235610,pm25,105.0,µg/m³,2025-02-18 23:30:00+00:00
235,12235610,pm25,105.0,µg/m³,2025-02-18 23:45:00+00:00
235,12235610,pm25,105.0,µg/m³,2025-02-19 00:00:00+00:00
235,12235610,pm25,104.0,µg/m³,2025-02-19 00:15:00+00:00
235,12235610,pm25,104.0,µg/m³,2025-02-19 00:30:00+00:00
235,12235610,pm25,104.0,µg/m³,2025-02-19 00:45:00+00:00
235,12235610,pm25,104.0,µg/m³,2025-02-19 01:00:00+00:00
235,12235610,pm25,97.0,µg/m³,2025-02-19 01:15:00+00:00
235,12235610,pm25,97.0,µg/m³,2025-02-19 01:30:00+00:00
235,12235610,pm25,97.0,µg/m³,2025-02-19 01:45:00+00:00
235,12235610,pm25,97.0,µg/m³,2025-02-19 02:00:00+00:00
235,12235610,pm25,111.0,µg/m³,2025-02-19 02:15:00+00:00
235,12235610,pm25,111.0,µg/m³,2025-02-19 02:30:00+00:00
235,12235610,pm25,111.0,µg/m³,2025-02-19 02:45:00+00:00
235,12235610,pm25,127.0,µg/m³,2025-02-19 03:15:00+00:00
235,12235610,pm25,127.0,µg/m³,2025-02-19 03:30:00+00:00
235,12235610,pm25,127.0,µg/m³,2025-02-19 03:45:00+00:00
235,12235610,pm25,127.0,µg/m³,2025-02-19 04:00:00+00:00
235,12235610,pm25,127.0,µg/m³,2025-02-19 04:15:00+00:00
235,12235610,pm25,127.0,µg/m³,2025-02-19 04:30:00+00:00
235,12235610,pm25,127.0,µg/m³,2025-02-19 04:45:00+00:00
235,12235610,pm25,127.0,µg/m³,2025-02-19 05:00:00+00:00
235,12235610,pm25,88.0,µg/m³,2025-02-19 05:15:00+00:00
235,12235610,pm25,88.0,µg/m³,2025-02-19 05:30:00+00:00
235,12235610,pm25,88.0,µg/m³,2025-02-19 05:45:00+00:00
235,12235610,pm25,88.0,µg/m³,2025-02-19 06:00:00+00:00
235,12235610,pm25,31.0,µg/m³,2025-02-19 06:15:00+00:00
235,12235610,pm25,31.0,µg/m³,2025-02-19 06:30:00+00:00
235,12235610,pm25,31.0,µg/m³,2025-02-19 06:45:00+00:00
235,12235610,pm25,31.0,µg/m³,2025-02-19 07:00:00+00:00
235,12235610,pm25,61.0,µg/m³,2025-02-19 07:15:00+00:00
235,12235610,pm25,61.0,µg/m³,2025-02-19 07:30:00+00:00
235,12235610,pm25,61.0,µg/m³,2025-02-19 07:45:00+00:00
235,12235610,pm25,61.0,µg/m³,2025-02-19 08:00:00+00:00
235,12235610,pm25,59.0,µg/m³,2025-02-19 08:15:00+00:00
235,12235610,pm25,59.0,µg/m³,2025-02-19 08:30:00+00:00
235,12235610,pm25,59.0,µg/m³,2025-02-19 09:00:00+00:00
235,12235610,pm25,64.0,µg/m³,2025-02-19 09:15:00+00:00
235,12235610,pm25,64.0,µg/m³,2025-02-19 09:30:00+00:00
235,12235610,pm25,64.0,µg/m³,2025-02-19 09:45:00+00:00
235,12235610,pm25,64.0,µg/m³,2025-02-19 10:00:00+00:00
235,12235610,pm25,66.0,µg/m³,2025-02-19 10:15:00+00:00
235,12235610,pm25,66.0,µg/m³,2025-02-19 10:30:00+00:00
235,12235610,pm25,66.0,µg/m³,2025-02-19 10:45:00+00:00
235,12235610,pm25,66.0,µg/m³,2025-02-19 11:00:00+00:00
235,12235610,pm25,73.0,µg/m³,2025-02-19 11:15:00+00:00
235,12235610,pm25,73.0,µg/m³,2025-02-19 11:30:00+00:00
235,12235610,pm25,73.0,µg/m³,2025-02-19 11:45:00+00:00
235,12235610,pm25,73.0,µg/m³,2025-02-19 12:00:00+00:00
235,12235610,pm25,78.0,µg/m³,2025-02-19 12:30:00+00:00
235,12235610,pm25,78.0,µg/m³,2025-02-19 12:45:00+00:00
235,12235610,pm25,78.0,µg/m³,2025-02-19 13:00:00+00:00
235,12235610,pm25,83.0,µg/m³,2025-02-19 13:15:00+00:00
235,12235610,pm25,83.0,µg/m³,2025-02-19 13:30:00+00:00
235,12235610,pm25,83.0,µg/m³,2025-02-19 13:45:00+00:00
235,12235610,pm25,83.0,µg/m³,2025-02-19 14:00:00+00:00
235,12235610,pm25,86.0,µg/m³,2025-02-19 14:15:00+00:00
235,12235610,pm25,86.0,µg/m³,2025-02-19 14:45:00+00:00
235,12235610,pm25,86.0,µg/m³,2025-02-19 15:00:00+00:00
235,12235610,pm25,199.0,µg/m³,2025-02-19 15:15:00+00:00
235,12235610,pm25,199.0,µg/m³,2025-02-19 15:30:00+00:00
235,12235610,pm25,199.0,µg/m³,2025-02-19 15:45:00+00:00
235,12235610,pm25,199.0,µg/m³,2025-02-19 16:00:00+00:00
235,12235610,pm25,197.0,µg/m³,2025-02-19 16:15:00+00:00
235,12235610,pm25,197.0,µg/m³,2025-02-19 16:30:00+00:00
235,12235610,pm25,197.0,µg/m³,2025-02-19 16:45:00+00:00
235,12235610,pm25,197.0,µg/m³,2025-02-19 17:00:00+00:00
235,12235610,pm25,132.0,µg/m³,2025-02-19 17:30:00+00:00
235,12235610,pm25,132.0,µg/m³,2025-02-19 18:00:00+00:00
235,12235610,pm25,53.0,µg/m³,2025-02-20 03:00:00+00:00
235,12235610,pm25,100.0,µg/m³,2025-02-20 03:30:00+00:00
235,12235610,pm25,100.0,µg/m³,2025-02-20 03:45:00+00:00
235,12235610,pm25,115.0,µg/m³,2025-02-20 04:15:00+00:00
235,12235610,pm25,115.0,µg/m³,2025-02-20 04:45:00+00:00
235,12235610,pm25,115.0,µg/m³,2025-02-20 05:00:00+00:00
235,12235610,pm25,63.0,µg/m³,2025-02-20 05:15:00+00:00
235,12235610,pm25,63.0,µg/m³,2025-02-20 05:30:00+00:00
235,12235610,pm25,63.0,µg/m³,2025-02-20 05:45:00+00:00
235,12235610,pm25,63.0,µg/m³,2025-02-20 06:00:00+00:00
235,12235610,pm25,86.0,µg/m³,2025-02-20 06:15:00+00:00
235,12235610,pm25,86.0,µg/m³,2025-02-20 07:00:00+00:00
235,12235610,pm25,123.0,µg/m³,2025-02-20 07:15:00+00:00
235,12235610,pm25,123.0,µg/m³,2025-02-20 07:45:00+00:00
235,12235610,pm25,123.0,µg/m³,2025-02-20 08:00:00+00:00
235,12235610,pm25,68.0,µg/m³,2025-02-20 08:15:00+00:00
235,12235610,pm25,68.0,µg/m³,2025-02-20 08:30:00+00:00
235,12235610,pm25,48.0,µg/m³,2025-02-20 09:15:00+00:00
235,12235610,pm25,48.0,µg/m³,2025-02-20 09:30:00+00:00
235,12235610,pm25,48.0,µg/m³,2025-02-20 09:45:00+00:00
235,12235610,pm25,48.0,µg/m³,2025-02-20 10:00:00+00:00
235,12235610,pm25,40.0,µg/m³,2025-02-20 10:15:00+00:00
235,12235610,pm25,40.0,µg/m³,2025-02-20 10:30:00+00:00
235,12235610,pm25,40.0,µg/m³,2025-02-20 10:45:00+00:00
235,12235610,pm25,40.0,µg/m³,2025-02-20 11:00:00+00:00
235,14340864,nox,0.12490000000000001,ppb,2025-02-18 22:15:00+00:00
235,14340864,nox,0.1207,ppb,2025-02-18 22:30:00+00:00
235,14340864,nox,0.1151,ppb,2025-02-18 22:45:00+00:00
235,14340864,nox,0.1141,ppb,2025-02-18 23:00:00+00:00
235,14340864,nox,0.1424,ppb,2025-02-18 23:15:00+00:00
235,14340864,nox,0.15730000000000002,ppb,2025-02-18 23:30:00+00:00
235,14340864,nox,0.185,ppb,2025-02-18 23:45:00+00:00
235,14340864,nox,0.1336,ppb,2025-02-19 00:00:00+00:00
235,14340864,nox,0.13269999999999998,ppb,2025-02-19 00:15:00+00:00
235,14340864,nox,0.1714,ppb,2025-02-19 00:30:00+00:00
235,14340864,nox,0.1165,ppb,2025-02-19 00:45:00+00:00
235,14340864,nox,0.13140000000000002,ppb,2025-02-19 01:00:00+00:00
235,14340864,nox,0.2071,ppb,2025-02-19 01:15:00+00:00
235,14340864,nox,0.195,ppb,2025-02-19 01:30:00+00:00
235,14340864,nox,0.1662,ppb,2025-02-19 01:45:00+00:00
235,14340864,nox,0.1415,ppb,2025-02-19 02:00:00+00:00
235,14340864,nox,0.11109999999999999,ppb,2025-02-19 02:15:00+00:00
235,14340864,nox,0.1184,ppb,2025-02-19 02:30:00+00:00
235,14340864,nox,0.1448,ppb,2025-02-19 02:45:00+00:00
235,14340864,nox,0.1021,ppb,2025-02-19 03:15:00+00:00
235,14340864,nox,0.11309999999999999,ppb,2025-02-19 03:30:00+00:00
235,14340864,nox,0.1024,ppb,2025-02-19 03:45:00+00:00
235,14340864,nox,0.0952,ppb,2025-02-19 04:00:00+00:00
235,14340864,nox,0.087,ppb,2025-02-19 04:15:00+00:00
235,14340864,nox,0.0892,ppb,2025-02-19 04:30:00+00:00
235,14340864,nox,0.0922,ppb,2025-02-19 04:45:00+00:00
235,14340864,nox,0.0639,ppb,2025-02-19 05:15:00+00:00
235,14340864,nox,0.0509,ppb,2025-02-19 05:30:00+00:00
235,14340864,nox,0.052700000000000004,ppb,2025-02-19 05:45:00+00:00
235,14340864,nox,0.0487,ppb,2025-02-19 06:00:00+00:00
235,14340864,nox,0.0513,ppb,2025-02-19 06:15:00+00:00
235,14340864,nox,0.0691,ppb,2025-02-19 06:30:00+00:00
235,14340864,nox,0.0545,ppb,2025-02-19 06:45:00+00:00
235,14340864,nox,0.0515,ppb,2025-02-19 07:00:00+00:00
235,14340864,nox,0.048600000000000004,ppb,2025-02-19 07:15:00+00:00
235,14340864,nox,0.0519,ppb,2025-02-19 07:30:00+00:00
235,14340864,nox,0.0643,ppb,2025-02-19 07:45:00+00:00
235,14340864,nox,0.06609999999999999,ppb,2025-02-19 08:00:00+00:00
235,14340864,nox,0.060200000000000004,ppb,2025-02-19 08:15:00+00:00
235,14340864,nox,0.0513,ppb,2025-02-19 08:30:00+00:00
235,14340864,nox,0.0589,ppb,2025-02-19 09:00:00+00:00
235,14340864,nox,0.048799999999999996,ppb,2025-02-19 09:15:00+00:00
235,14340864,nox,0.0635,ppb,2025-02-19 09:30:00+00:00
235,14340864,nox,0.0729,ppb,2025-02-19 09:45:00+00:00
235,14340864,nox,0.055600000000000004,ppb,2025-02-19 10:00:00+00:00
235,14340864,nox,0.0476,ppb,2025-02-19 10:15:00+00:00
235,14340864,nox,0.0495,ppb,2025-02-19 10:30:00+00:00
235,14340864,nox,0.0433,ppb,2025-02-19 10:45:00+00:00
235,14340864,nox,0.062299999999999994,ppb,2025-02-19 11:00:00+00:00
235,14340864,nox,0.0768,ppb,2025-02-19 11:15:00+00:00
235,14340864,nox,0.0679,ppb,2025-02-19 11:30:00+00:00
235,14340864,nox,0.0668,ppb,2025-02-19 11:45:00+00:00
235,14340864,nox,0.0714,ppb,2025-02-19 12:00:00+00:00
235,14340864,nox,0.082,ppb,2025-02-19 12:30:00+00:00
235,14340864,nox,0.0959,ppb,2025-02-19 12:45:00+00:00
235,14340864,nox,0.0825,ppb,2025-02-19 13:00:00+00:00
235,14340864,nox,0.1007,ppb,2025-02-19 13:15:00+00:00
235,14340864,nox,0.10640000000000001,ppb,2025-02-19 13:30:00+00:00
235,14340864,nox,0.1034,ppb,2025-02-19 13:45:00+00:00
235,14340864,nox,0.0852,ppb,2025-02-19 14:00:00+00:00
235,14340864,nox,0.0732,ppb,2025-02-19 14:15:00+00:00
235,14340864,nox,0.0741,ppb,2025-02-19 14:45:00+00:00
235,14340864,nox,0.0689,ppb,2025-02-19 15:00:00+00:00
235,14340864,nox,0.0676,ppb,2025-02-19 15:15:00+00:00
235,14340864,nox,0.0708,ppb,2025-02-19 15:30:00+00:00
235,14340864,nox,0.1002,ppb,2025-02-19 15:45:00+00:00
235,14340864,nox,0.1012,ppb,2025-02-19 16:00:00+00:00
235,14340864,nox,0.0882,ppb,2025-02-19 16:15:00+00:00
235,14340864,nox,0.1164,ppb,2025-02-19 16:30:00+00:00
235,14340864,nox,0.122,ppb,2025-02-19 16:45:00+00:00
235,14340864,nox,0.11309999999999999,ppb,2025-02-19 17:00:00+00:00
235,14340864,nox,0.1152,ppb,2025-02-19 17:30:00+00:00
235,14340864,nox,0.084,ppb,2025-02-19 18:00:00+00:00
235,14340864,nox,0.0585,ppb,2025-02-20 03:00:00+00:00
235,14340864,nox,0.0531,ppb,2025-02-20 03:15:00+00:00
235,14340864,nox,0.037399999999999996,ppb,2025-02-20 04:45:00+00:00
235,14340864,nox,0.0357,ppb,2025-02-20 05:00:00+00:00
235,14340864,nox,0.034,ppb,2025-02-20 05:15:00+00:00
235,14340864,nox,0.032299999999999995,ppb,2025-02-20 05:30:00+00:00
235,14340864,nox,0.03,ppb,2025-02-20 05:45:00+00:00
235,14340864,nox,0.029,ppb,2025-02-20 06:00:00+00:00
235,14340864,nox,0.0295,ppb,2025-02-20 06:15:00+00:00
235,14340864,nox,0.0264,ppb,2025-02-20 07:15:00+00:00
235,14340864,nox,0.023399999999999997,ppb,2025-02-20 07:45:00+00:00
235,14340864,nox,0.0201,ppb,2025-02-20 08:00:00+00:00
235,14340864,nox,0.0205,ppb,2025-02-20 08:15:00+00:00
235,14340864,nox,0.022600000000000002,ppb,2025-02-20 09:15:00+00:00
235,14340864,nox,0.0268,ppb,2025-02-20 09:30:00+00:00
235,14340864,nox,0.0308,ppb,2025-02-20 09:45:00+00:00
235,14340864,nox,0.033,ppb,2025-02-20 10:00:00+00:00
235,14340864,nox,0.0353,ppb,2025-02-20 10:15:00+00:00
235,14340864,nox,0.0376,ppb,2025-02-20 10:30:00+00:00
235,14340864,nox,0.04,ppb,2025-02-20 10:45:00+00:00
235,14340864,nox,0.0417,ppb,2025-02-20 11:00:00+00:00
235,14340864,nox,0.0442,ppb,2025-02-20 11:15:00+00:00
235,14340864,nox,0.0414,ppb,2025-02-20 11:30:00+00:00
235,14340864,nox,0.037399999999999996,ppb,2025-02-20 11:45:00+00:00
235,14340864,nox,0.037700000000000004,ppb,2025-02-20 12:00:00+00:00
235,14340864,nox,0.047799999999999995,ppb,2025-02-21 05:15:00+00:00
235,14340864,nox,0.0429,ppb,2025-02-21 06:00:00+00:00
235,14340865,wind_direction,12.0,deg,2025-02-18 22:15:00+00:00
235,14340865,wind_direction,223.0,deg,2025-02-18 22:30:00+00:00
235,14340865,wind_direction,331.0,deg,2025-02-18 22:45:00+00:00
235,14340865,wind_direction,331.0,deg,2025-02-18 23:00:00+00:00
235,14340865,wind_direction,331.0,deg,2025-02-18 23:15:00+00:00
235,14340865,wind_direction,342.0,deg,2025-02-18 23:30:00+00:00
235,14340865,wind_direction,345.0,deg,2025-02-18 23:45:00+00:00
235,14340865,wind_direction,192.0,deg,2025-02-19 00:00:00+00:00
235,14340865,wind_direction,159.0,deg,2025-02-19 00:15:00+00:00
235,14340865,wind_direction,293.0,deg,2025-02-19 00:30:00+00:00
235,14340865,wind_direction,203.0,deg,2025-02-19 00:45:00+00:00
235,14340865,wind_direction,260.0,deg,2025-02-19 01:00:00+00:00
235,14340865,wind_direction,260.0,deg,2025-02-19 01:15:00+00:00
235,14340865,wind_direction,260.0,deg,2025-02-19 01:30:00+00:00
235,14340865,wind_direction,260.0,deg,2025-02-19 01:45:00+00:00
235,14340865,wind_direction,256.0,deg,2025-02-19 02:00:00+00:00
235,14340865,wind_direction,249.0,deg,2025-02-19 02:15:00+00:00
235,14340865,wind_direction,143.0,deg,2025-02-19 02:30:00+00:00
235,14340865,wind_direction,149.0,deg,2025-02-19 02:45:00+00:00
235,14340865,wind_direction,222.0,deg,2025-02-19 03:15:00+00:00
235,14340865,wind_direction,127.0,deg,2025-02-19 03:30:00+00:00
235,14340865,wind_direction,172.0,deg,2025-02-19 03:45:00+00:00
235,14340865,wind_direction,99.0,deg,2025-02-19 04:00:00+00:00
235,14340865,wind_direction,78.0,deg,2025-02-19 04:15:00+00:00
235,14340865,wind_direction,94.0,deg,2025-02-19 04:30:00+00:00
235,14340865,wind_direction,157.0,deg,2025-02-19 04:45:00+00:00
235,14340865,wind_direction,78.0,deg,2025-02-19 05:15:00+00:00
235,14340865,wind_direction,81.0,deg,2025-02-19 05:30:00+00:00
235,14340865,wind_direction,71.0,deg,2025-02-19 05:45:00+00:00
235,14340865,wind_direction,92.0,deg,2025-02-19 06:00:00+00:00
235,14340865,wind_direction,124.0,deg,2025-02-19 06:15:00+00:00
235,14340865,wind_direction,109.0,deg,2025-02-19 06:30:00+00:00
235,14340865,wind_direction,118.0,deg,2025-02-19 06:45:00+00:00
235,14340865,wind_direction,128.0,deg,2025-02-19 07:00:00+00:00
235,14340865,wind_direction,125.0,deg,2025-02-19 07:15:00+00:00
235,14340865,wind_direction,93.0,deg,2025-02-19 07:30:00+00:00
235,14340865,wind_direction,87.0,deg,2025-02-19 07:45:00+00:00
235,14340865,wind_direction,124.0,deg,2025-02-19 08:00:00+00:00
235,14340865,wind_direction,99.0,deg,2025-02-19 08:15:00+00:00
235,14340865,wind_direction,227.0,deg,2025-02-19 08:30:00+00:00
235,14340865,wind_direction,122.0,deg,2025-02-19 09:00:00+00:00
235,14340865,wind_direction,187.0,deg,2025-02-19 09:15:00+00:00
235,14340865,wind_direction,78.0,deg,2025-02-19 09:30:00+00:00
235,14340865,wind_direction,100.0,deg,2025-02-19 09:45:00+00:00
235,14340865,wind_direction,109.0,deg,2025-02-19 10:00:00+00:00
235,14340865,wind_direction,186.0,deg,2025-02-19 10:15:00+00:00
235,14340865,wind_direction,160.0,deg,2025-02-19 10:30:00+00:00
235,14340865,wind_direction,65.0,deg,2025-02-19 10:45:00+00:00
235,14340865,wind_direction,49.0,deg,2025-02-19 11:00:00+00:00
235,14340865,wind_direction,60.0,deg,2025-02-19 11:15:00+00:00
235,14340865,wind_direction,162.0,deg,2025-02-19 11:30:00+00:00
235,14340865,wind_direction,125.0,deg,2025-02-19 11:45:00+00:00
235,14340865,wind_direction,107.0,deg,2025-02-19 12:00:00+00:00
235,14340865,wind_direction,76.0,deg,2025-02-19 12:30:00+00:00
235,14340865,wind_direction,76.0,deg,2025-02-19 12:45:00+00:00
235,14340865,wind_direction,76.0,deg,2025-02-19 13:00:00+00:00
235,14340865,wind_direction,80.0,deg,2025-02-19 13:15:00+00:00
235,14340865,wind_direction,103.0,deg,2025-02-19 13:30:00+00:00
235,14340865,wind_direction,87.0,deg,2025-02-19 13:45:00+00:00
235,14340865,wind_direction,118.0,deg,2025-02-19 14:00:00+00:00
235,14340865,wind_direction,118.0,deg,2025-02-19 14:15:00+00:00
235,14340865,wind_direction,119.0,deg,2025-02-19 14:45:00+00:00
235,14340865,wind_direction,119.0,deg,2025-02-19 15:00:00+00:00
235,14340865,wind_direction,119.0,deg,2025-02-19 15:15:00+00:00
235,14340865,wind_direction,119.0,deg,2025-02-19 15:30:00+00:00
235,14340865,wind_direction,118.0,deg,2025-02-19 15:45:00+00:00
235,14340865,wind_direction,198.0,deg,2025-02-19 16:00:00+00:00
235,14340865,wind_direction,213.0,deg,2025-02-19 16:15:00+00:00
235,14340865,wind_direction,188.0,deg,2025-02-19 16:30:00+00:00
235,14340865,wind_direction,188.0,deg,2025-02-19 16:45:00+00:00
235,14340865,wind_direction,188.0,deg,2025-02-19 17:00:00+00:00
235,14340865,wind_direction,188.0,deg,2025-02-19 17:30:00+00:00
235,14340865,wind_direction,188.0,deg,2025-02-19 18:00:00+00:00
235,14340865,wind_direction,172.0,deg,2025-02-20 06:00:00+00:00
235,14340865,wind_direction,161.0,deg,2025-02-20 06:15:00+00:00
235,14340865,wind_direction,169.0,deg,2025-02-20 07:15:00+00:00
235,14340865,wind_direction,163.0,deg,2025-02-20 07:45:00+00:00
235,14340865,wind_direction,180.0,deg,2025-02-20 08:00:00+00:00
235,14340865,wind_direction,164.0,deg,2025-02-20 08:15:00+00:00
235,14340865,wind_direction,173.0,deg,2025-02-20 08:30:00+00:00
235,14340865,wind_direction,178.0,deg,2025-02-20 09:15:00+00:00
235,14340865,wind_direction,185.0,deg,2025-02-20 09:30:00+00:00
235,14340865,wind_direction,187.0,deg,2025-02-20 09:45:00+00:00
235,14340865,wind_direction,180.0,deg,2025-02-20 10:00:00+00:00
235,14340865,wind_direction,181.0,deg,2025-02-20 10:15:00+00:00
235,14340865,wind_direction,167.0,deg,2025-02-20 10:30:00+00:00
235,14340865,wind_direction,143.0,deg,2025-02-20 10:45:00+00:00
235,14340865,wind_direction,192.0,deg,2025-02-20 11:00:00+00:00
235,14340865,wind_direction,182.0,deg,2025-02-20 11:15:00+00:00
235,14340865,wind_direction,161.0,deg,2025-02-20 11:30:00+00:00
235,14340865,wind_direction,152.0,deg,2025-02-20 11:45:00+00:00
235,14340865,wind_direction,159.0,deg,2025-02-20 12:00:00+00:00
235,14340865,wind_direction,152.0,deg,2025-02-21 05:15:00+00:00
235,14340865,wind_direction,182.0,deg,2025-02-21 06:00:00+00:00
235,14340865,wind_direction,172.0,deg,2025-02-21 06:15:00+00:00
235,14340865,wind_direction,165.0,deg,2025-02-21 06:30:00+00:00
235,14340865,wind_direction,166.0,deg,2025-02-21 06:45:00+00:00
235,14340865,wind_direction,157.0,deg,2025-02-21 07:00:00+00:00
235,14340865,wind_direction,195.0,deg,2025-02-21 07:15:00+00:00
235,14340865,wind_direction,95.0,deg,2025-02-21 07:30:00+00:00
235,14340866,wind_speed,0.3,m/s,2025-02-18 22:15:00+00:00
235,14340866,wind_speed,0.3,m/s,2025-02-18 22:30:00+00:00
235,14340866,wind_speed,0.3,m/s,2025-02-18 22:45:00+00:00
235,14340866,wind_speed,0.3,m/s,2025-02-18 23:00:00+00:00
235,14340866,wind_speed,0.3,m/s,2025-02-18 23:15:00+00:00
235,14340866,wind_speed,0.3,m/s,2025-02-18 23:30:00+00:00
235,14340866,wind_speed,0.3,m/s,2025-02-18 23:45:00+00:00
235,14340866,wind_speed,0.3,m/s,2025-02-19 00:00:00+00:00
235,14340866,wind_speed,0.3,m/s,2025-02-19 00:15:00+00:00
235,14340866,wind_speed,0.3,m/s,2025-02-19 00:30:00+00:00
235,14340866,wind_speed,0.3,m/s,2025-02-19 00:45:00+00:00
235,14340866,wind_speed,0.3,m/s,2025-02-19 01:00:00+00:00
235,14340866,wind_speed,0.3,m/s,2025-02-19 01:15:00+00:00
235,14340866,wind_speed,0.3,m/s,2025-02-19 01:30:00+00:00
235,14340866,wind_speed,0.3,m/s,2025-02-19 01:45:00+00:00
235,14340866,wind_speed,0.3,m/s,2025-02-19 02:00:00+00:00
235,14340866,wind_speed,0.3,m/s,2025-02-19 02:15:00+00:00
235,14340866,wind_speed,0.4,m/s,2025-02-19 02:30:00+00:00
235,14340866,wind_speed,0.3,m/s,2025-02-19 02:45:00+00:00
235,14340866,wind_speed,0.3,m/s,2025-02-19 03:15:00+00:00
235,14340866,wind_speed,0.3,m/s,2025-02-19 03:30:00+00:00
235,14340866,wind_speed,0.3,m/s,2025-02-19 03:45:00+00:00
235,14340866,wind_speed,0.4,m/s,2025-02-19 04:00:00+00:00
235,14340866,wind_speed,0.3,m/s,2025-02-19 04:15:00+00:00
235,14340866,wind_speed,0.3,m/s,2025-02-19 04:30:00+00:00
235,14340866,wind_speed,0.3,m/s,2025-02-19 04:45:00+00:00
235,14340866,wind_speed,0.4,m/s,2025-02-19 05:15:00+00:00
235,14340866,wind_speed,0.3,m/s,2025-02-19 05:30:00+00:00
235,14340866,wind_speed,0.5,m/s,2025-02-19 05:45:00+00:00
235,14340866,wind_speed,0.3,m/s,2025-02-19 06:00:00+00:00
235,14340866,wind_speed,0.3,m/s,2025-02-19 06:15:00+00:00
235,14340866,wind_speed,0.3,m/s,2025-02-19 06:30:00+00:00
235,14340866,wind_speed,0.3,m/s,2025-02-19 06:45:00+00:00
235,14340866,wind_speed,0.3,m/s,2025-02-19 07:00:00+00:00
235,14340866,wind_speed,0.4,m/s,2025-02-19 07:15:00+00:00
235,14340866,wind_speed,0.3,m/s,2025-02-19 07:30:00+00:00
235,14340866,wind_speed,0.3,m/s,2025-02-19 07:45:00+00:00
235,14340866,wind_speed,0.5,m/s,2025-02-19 08:00:00+00:00
235,14340866,wind_speed,0.4,m/s,2025-02-19 08:15:00+00:00
235,14340866,wind_speed,0.5,m/s,2025-02-19 08:30:00+00:00
235,14340866,wind_speed,0.4,m/s,2025-02-19 09:00:00+00:00
235,14340866,wind_speed,1.0,m/s,2025-02-19 09:15:00+00:00
235,14340866,wind_speed,0.4,m/s,2025-02-19 09:30:00+00:00
235,14340866,wind_speed,0.3,m/s,2025-02-19 09:45:00+00:00
235,14340866,wind_speed,0.5,m/s,2025-02-19 10:00:00+00:00
235,14340866,wind_speed,0.7,m/s,2025-02-19 10:15:00+00:00
235,14340866,wind_speed,0.7,m/s,2025-02-19 10:30:00+00:00
235,14340866,wind_speed,0.3,m/s,2025-02-19 10:45:00+00:00
235,14340866,wind_speed,0.3,m/s,2025-02-19 11:00:00+00:00
235,14340866,wind_speed,0.3,m/s,2025-02-19 11:15:00+00:00
235,14340866,wind_speed,0.3,m/s,2025-02-19 11:30:00+00:00
235,14340866,wind_speed,0.3,m/s,2025-02-19 11:45:00+00:00
235,14340866,wind_speed,0.3,m/s,2025-02-19 12:00:00+00:00
235,14340866,wind_speed,0.3,m/s,2025-02-19 12:30:00+00:00
235,14340866,wind_speed,0.3,m/s,2025-02-19 12:45:00+00:00
235,14340866,wind_speed,0.3,m/s,2025-02-19 13:00:00+00:00
235,14340866,wind_speed,0.3,m/s,2025-02-19 13:15:00+00:00
235,14340866,wind_speed,0.3,m/s,2025-02-19 13:30:00+00:00
235,14340866,wind_speed,0.3,m/s,2025-02-19 13:45:00+00:00
235,14340866,wind_speed,0.3,m/s,2025-02-19 14:00:00+00:00
235,14340866,wind_speed,0.3,m/s,2025-02-19 14:15:00+00:00
235,14340866,wind_speed,0.3,m/s,2025-02-19 14:45:00+00:00
235,14340866,wind_speed,0.3,m/s,2025-02-19 15:00:00+00:00
235,14340866,wind_speed,0.3,m/s,2025-02-19 15:15:00+00:00
235,14340866,wind_speed,0.3,m/s,2025-02-19 15:30:00+00:00
235,14340866,wind_speed,0.3,m/s,2025-02-19 15:45:00+00:00
235,14340866,wind_speed,1.1,m/s,2025-02-19 16:00:00+00:00
235,14340866,wind_speed,0.4,m/s,2025-02-19 16:15:00+00:00
235,14340866,wind_speed,0.3,m/s,2025-02-19 16:30:00+00:00
235,14340866,wind_speed,0.3,m/s,2025-02-19 16:45:00+00:00
235,14340866,wind_speed,0.3,m/s,2025-02-19 17:00:00+00:00
235,14340866,wind_speed,0.3,m/s,2025-02-19 17:30:00+00:00
235,14340866,wind_speed,0.3,m/s,2025-02-19 18:00:00+00:00
235,14340866,wind_speed,2.2,m/s,2025-02-20 06:00:00+00:00
235,14340866,wind_speed,2.0,m/s,2025-02-20 06:15:00+00:00
235,14340866,wind_speed,2.5,m/s,2025-02-20 07:15:00+00:00
235,14340866,wind_speed,3.3,m/s,2025-02-20 07:45:00+00:00
235,14340866,wind_speed,2.9,m/s,2025-02-20 08:00:00+00:00
235,14340866,wind_speed,3.4,m/s,2025-02-20 08:15:00+00:00
235,14340866,wind_speed,2.7,m/s,2025-02-20 08:30:00+00:00
235,14340866,wind_speed,3.7,m/s,2025-02-20 09:15:00+00:00
235,14340866,wind_speed,3.1,m/s,2025-02-20 09:30:00+00:00
235,14340866,wind_speed,3.7,m/s,2025-02-20 09:45:00+00:00
235,14340866,wind_speed,3.1,m/s,2025-02-20 10:00:00+00:00
235,14340866,wind_speed,2.8,m/s,2025-02-20 10:15:00+00:00
235,14340866,wind_speed,3.0,m/s,2025-02-20 10:30:00+00:00
235,14340866,wind_speed,2.7,m/s,2025-02-20 10:45:00+00:00
235,14340866,wind_speed,3.3,m/s,2025-02-20 11:00:00+00:00
235,14340866,wind_speed,1.9,m/s,2025-02-20 11:15:00+00:00
235,14340866,wind_speed,2.6,m/s,2025-02-20 11:30:00+00:00
235,14340866,wind_speed,2.0,m/s,2025-02-20 11:45:00+00:00
235,14340866,wind_speed,2.2,m/s,2025-02-20 12:00:00+00:00
235,14340866,wind_speed,0.3,m/s,2025-02-21 05:15:00+00:00
235,14340866,wind_speed,0.3,m/s,2025-02-21 06:00:00+00:00
235,14340866,wind_speed,0.4,m/s,2025-02-21 06:15:00+00:00
235,14340866,wind_speed,0.3,m/s,2025-02-21 06:30:00+00:00
235,14340866,wind_speed,0.3,m/s,2025-02-21 06:45:00+00:00
235,14340866,wind_speed,0.3,m/s,2025-02-21 07:00:00+00:00
235,14340866,wind_speed,0.6,m/s,2025-02-21 07:15:00+00:00
235,14340866,wind_speed,0.3,m/s,2025-02-21 07:30:00+00:00
236,386,co,2800.0,µg/m³,2016-02-05 14:00:00+00:00
236,386,co,3600.0,µg/m³,2016-02-05 14:40:00+00:00
236,386,co,4000.0,µg/m³,2016-02-05 15:00:00+00:00
236,386,co,4200.0,µg/m³,2016-02-05 15:40:00+00:00
236,386,co,4600.0,µg/m³,2016-02-05 16:00:00+00:00
236,386,co,5000.0,µg/m³,2016-02-05 16:20:00+00:00
236,386,co,5000.0,µg/m³,2016-02-05 16:40:00+00:00
236,386,co,5300.0,µg/m³,2016-02-05 17:00:00+00:00
236,386,co,3500.0,µg/m³,2016-02-05 17:40:00+00:00
236,386,co,3200.0,µg/m³,2016-02-05 18:00:00+00:00
236,386,co,2300.0,µg/m³,2016-02-05 18:40:00+00:00
236,386,co,3200.0,µg/m³,2016-02-05 19:00:00+00:00
236,386,co,4200.0,µg/m³,2016-02-05 19:40:00+00:00
236,386,co,4300.0,µg/m³,2016-02-05 20:00:00+00:00
236,386,co,4700.0,µg/m³,2016-02-05 20:40:00+00:00
236,386,co,4600.0,µg/m³,2016-02-05 21:00:00+00:00
236,386,co,5100.0,µg/m³,2016-02-05 21:40:00+00:00
236,386,co,4600.0,µg/m³,2016-02-05 21:55:00+00:00
236,386,co,3800.0,µg/m³,2016-02-05 22:35:00+00:00
236,386,co,3800.0,µg/m³,2016-02-05 22:55:00+00:00
236,386,co,3000.0,µg/m³,2016-02-05 23:35:00+00:00
236,386,co,2900.0,µg/m³,2016-02-06 00:00:00+00:00
236,386,co,3600.0,µg/m³,2016-02-06 00:35:00+00:00
236,386,co,3800.0,µg/m³,2016-02-06 00:55:00+00:00
236,386,co,3800.0,µg/m³,2016-02-06 01:35:00+00:00
236,386,co,3900.0,µg/m³,2016-02-06 01:55:00+00:00
236,386,co,4800.0,µg/m³,2016-02-06 02:35:00+00:00
236,386,co,3700.0,µg/m³,2016-02-06 02:55:00+00:00
236,386,co,800.0,µg/m³,2016-02-06 05:35:00+00:00
236,386,co,800.0,µg/m³,2016-02-06 05:55:00+00:00
236,386,co,700.0,µg/m³,2016-02-06 06:35:00+00:00
236,386,co,600.0,µg/m³,2016-02-06 06:55:00+00:00
236,386,co,600.0,µg/m³,2016-02-06 07:35:00+00:00
236,386,co,600.0,µg/m³,2016-02-06 08:00:00+00:00
236,386,co,600.0,µg/m³,2016-02-06 08:40:00+00:00
236,386,co,600.0,µg/m³,2016-02-06 09:00:00+00:00
236,386,co,700.0,µg/m³,2016-02-06 09:20:00+00:00
236,386,co,600.0,µg/m³,2016-02-06 09:40:00+00:00
236,386,co,700.0,µg/m³,2016-02-06 10:00:00+00:00
236,386,co,800.0,µg/m³,2016-02-06 10:40:00+00:00
236,386,co,900.0,µg/m³,2016-02-06 11:00:00+00:00
236,386,co,1000.0,µg/m³,2016-02-06 11:40:00+00:00
236,386,co,1200.0,µg/m³,2016-02-06 12:00:00+00:00
236,386,co,1300.0,µg/m³,2016-02-06 12:35:00+00:00
236,386,co,1400.0,µg/m³,2016-02-06 13:00:00+00:00
236,386,co,1400.0,µg/m³,2016-02-06 13:35:00+00:00
236,386,co,1600.0,µg/m³,2016-02-06 13:55:00+00:00
236,386,co,2200.0,µg/m³,2016-02-06 14:35:00+00:00
236,386,co,2200.0,µg/m³,2016-02-06 14:55:00+00:00
236,386,co,2100.0,µg/m³,2016-02-06 15:35:00+00:00
236,386,co,1900.0,µg/m³,2016-02-06 16:00:00+00:00
236,386,co,1700.0,µg/m³,2016-02-06 16:35:00+00:00
236,386,co,1600.0,µg/m³,2016-02-06 16:55:00+00:00
236,386,co,1300.0,µg/m³,2016-02-06 17:30:00+00:00
236,386,co,1400.0,µg/m³,2016-02-06 17:55:00+00:00
236,386,co,1600.0,µg/m³,2016-02-06 18:40:00+00:00
236,386,co,1700.0,µg/m³,2016-02-06 18:55:00+00:00
236,386,co,1500.0,µg/m³,2016-02-06 19:35:00+00:00
236,386,co,1500.0,µg/m³,2016-02-06 19:55:00+00:00
236,386,co,1300.0,µg/m³,2016-02-06 20:35:00+00:00
236,386,co,1100.0,µg/m³,2016-02-06 20:55:00+00:00
236,386,co,900.0,µg/m³,2016-02-06 21:35:00+00:00
236,386,co,800.0,µg/m³,2016-02-06 21:55:00+00:00
236,386,co,700.0,µg/m³,2016-02-06 22:25:00+00:00
236,386,co,700.0,µg/m³,2016-02-06 22:55:00+00:00
236,386,co,1000.0,µg/m³,2016-02-06 23:40:00+00:00
236,386,co,1000.0,µg/m³,2016-02-07 00:00:00+00:00
236,386,co,1000.0,µg/m³,2016-02-07 00:40:00+00:00
236,386,co,1100.0,µg/m³,2016-02-07 01:00:00+00:00
236,386,co,1200.0,µg/m³,2016-02-07 01:40:00+00:00
236,386,co,1300.0,µg/m³,2016-02-07 02:00:00+00:00
236,386,co,1600.0,µg/m³,2016-02-07 02:40:00+00:00
236,386,co,1500.0,µg/m³,2016-02-07 03:00:00+00:00
236,386,co,1600.0,µg/m³,2016-02-07 04:35:00+00:00
236,386,co,1600.0,µg/m³,2016-02-07 05:00:00+00:00
236,386,co,1000.0,µg/m³,2016-02-07 05:40:00+00:00
236,386,co,900.0,µg/m³,2016-02-07 06:00:00+00:00
236,386,co,700.0,µg/m³,2016-02-07 06:40:00+00:00
236,386,co,600.0,µg/m³,2016-02-07 06:55:00+00:00
236,386,co,500.0,µg/m³,2016-02-07 07:40:00+00:00
236,386,co,400.0,µg/m³,2016-02-07 08:00:00+00:00
236,386,co,300.0,µg/m³,2016-02-07 08:40:00+00:00
236,386,co,200.0,µg/m³,2016-02-07 09:00:00+00:00
236,386,co,0.0,µg/m³,2016-02-07 09:40:00+00:00
236,386,co,300.0,µg/m³,2016-02-07 10:00:00+00:00
236,386,co,500.0,µg/m³,2016-02-07 10:40:00+00:00
236,386,co,500.0,µg/m³,2016-02-07 11:00:00+00:00
236,386,co,800.0,µg/m³,2016-02-07 11:35:00+00:00
236,386,co,700.0,µg/m³,2016-02-07 12:00:00+00:00
236,386,co,900.0,µg/m³,2016-02-07 12:40:00+00:00
236,386,co,1100.0,µg/m³,2016-02-07 13:00:00+00:00
236,386,co,1100.0,µg/m³,2016-02-07 13:40:00+00:00
236,386,co,1000.0,µg/m³,2016-02-07 13:55:00+00:00
236,386,co,900.0,µg/m³,2016-02-07 14:40:00+00:00
236,386,co,900.0,µg/m³,2016-02-07 15:00:00+00:00
236,386,co,900.0,µg/m³,2016-02-07 15:40:00+00:00
236,386,co,1000.0,µg/m³,2016-02-07 16:00:00+00:00
236,386,co,1100.0,µg/m³,2016-02-07 16:40:00+00:00
236,386,co,1000.0,µg/m³,2016-02-07 17:00:00+00:00
236,386,co,900.0,µg/m³,2016-02-07 17:40:00+00:00
236,387,so2,17.7,µg/m³,2016-02-05 14:00:00+00:00
236,387,so2,19.7,µg/m³,2016-02-05 14:40:00+00:00
236,387,so2,20.9,µg/m³,2016-02-05 15:00:00+00:00
236,387,so2,20.3,µg/m³,2016-02-05 15:40:00+00:00
236,387,so2,19.4,µg/m³,2016-02-05 16:00:00+00:00
236,387,so2,20.6,µg/m³,2016-02-05 16:20:00+00:00
236,387,so2,20.3,µg/m³,2016-02-05 16:40:00+00:00
236,387,so2,20.9,µg/m³,2016-02-05 17:00:00+00:00
236,387,so2,21.2,µg/m³,2016-02-05 17:40:00+00:00
236,387,so2,16.3,µg/m³,2016-02-05 18:00:00+00:00
236,387,so2,12.9,µg/m³,2016-02-05 18:40:00+00:00
236,387,so2,15.2,µg/m³,2016-02-05 19:00:00+00:00
236,387,so2,17.4,µg/m³,2016-02-05 19:40:00+00:00
236,387,so2,18.9,µg/m³,2016-02-05 20:00:00+00:00
236,387,so2,20.3,µg/m³,2016-02-05 20:40:00+00:00
236,387,so2,19.2,µg/m³,2016-02-05 21:00:00+00:00
236,387,so2,20.6,µg/m³,2016-02-05 21:40:00+00:00
236,387,so2,20.3,µg/m³,2016-02-05 21:55:00+00:00
236,387,so2,19.7,µg/m³,2016-02-05 22:35:00+00:00
236,387,so2,19.7,µg/m³,2016-02-05 22:55:00+00:00
236,387,so2,17.4,µg/m³,2016-02-05 23:35:00+00:00
236,387,so2,15.2,µg/m³,2016-02-06 00:00:00+00:00
236,387,so2,17.2,µg/m³,2016-02-06 00:35:00+00:00
236,387,so2,16.9,µg/m³,2016-02-06 00:55:00+00:00
236,387,so2,16.3,µg/m³,2016-02-06 01:35:00+00:00
236,387,so2,18.0,µg/m³,2016-02-06 01:55:00+00:00
236,387,so2,25.7,µg/m³,2016-02-06 02:35:00+00:00
236,387,so2,34.6,µg/m³,2016-02-06 02:55:00+00:00
236,387,so2,66.4,µg/m³,2016-02-06 04:35:00+00:00
236,387,so2,66.9,µg/m³,2016-02-06 04:50:00+00:00
236,387,so2,50.6,µg/m³,2016-02-06 05:35:00+00:00
236,387,so2,53.5,µg/m³,2016-02-06 05:55:00+00:00
236,387,so2,40.6,µg/m³,2016-02-06 06:35:00+00:00
236,387,so2,34.6,µg/m³,2016-02-06 06:55:00+00:00
236,387,so2,30.9,µg/m³,2016-02-06 07:35:00+00:00
236,387,so2,29.2,µg/m³,2016-02-06 08:00:00+00:00
236,387,so2,26.6,µg/m³,2016-02-06 08:40:00+00:00
236,387,so2,28.0,µg/m³,2016-02-06 09:00:00+00:00
236,387,so2,28.0,µg/m³,2016-02-06 09:20:00+00:00
236,387,so2,28.3,µg/m³,2016-02-06 09:40:00+00:00
236,387,so2,25.5,µg/m³,2016-02-06 10:00:00+00:00
236,387,so2,25.7,µg/m³,2016-02-06 10:40:00+00:00
236,387,so2,26.0,µg/m³,2016-02-06 11:00:00+00:00
236,387,so2,23.5,µg/m³,2016-02-06 11:40:00+00:00
236,387,so2,20.9,µg/m³,2016-02-06 12:00:00+00:00
236,387,so2,18.0,µg/m³,2016-02-06 12:35:00+00:00
236,387,so2,17.2,µg/m³,2016-02-06 13:00:00+00:00
236,387,so2,15.7,µg/m³,2016-02-06 13:35:00+00:00
236,387,so2,15.4,µg/m³,2016-02-06 13:55:00+00:00
236,387,so2,17.7,µg/m³,2016-02-06 14:35:00+00:00
236,387,so2,18.6,µg/m³,2016-02-06 14:55:00+00:00
236,387,so2,19.7,µg/m³,2016-02-06 15:35:00+00:00
236,387,so2,17.7,µg/m³,2016-02-06 16:00:00+00:00
236,387,so2,15.2,µg/m³,2016-02-06 16:35:00+00:00
236,387,so2,13.7,µg/m³,2016-02-06 16:55:00+00:00
236,387,so2,11.4,µg/m³,2016-02-06 17:55:00+00:00
236,387,so2,11.2,µg/m³,2016-02-06 18:40:00+00:00
236,387,so2,10.3,µg/m³,2016-02-06 18:55:00+00:00
236,387,so2,10.3,µg/m³,2016-02-06 19:35:00+00:00
236,387,so2,10.6,µg/m³,2016-02-06 19:55:00+00:00
236,387,so2,10.6,µg/m³,2016-02-06 20:35:00+00:00
236,387,so2,10.9,µg/m³,2016-02-06 20:55:00+00:00
236,387,so2,26.3,µg/m³,2016-02-06 21:35:00+00:00
236,387,so2,36.6,µg/m³,2016-02-06 21:55:00+00:00
236,387,so2,26.3,µg/m³,2016-02-06 22:25:00+00:00
236,387,so2,26.9,µg/m³,2016-02-06 22:55:00+00:00
236,387,so2,25.5,µg/m³,2016-02-06 23:40:00+00:00
236,387,so2,28.0,µg/m³,2016-02-07 00:00:00+00:00
236,387,so2,26.6,µg/m³,2016-02-07 00:40:00+00:00
236,387,so2,26.3,µg/m³,2016-02-07 01:00:00+00:00
236,387,so2,25.2,µg/m³,2016-02-07 01:40:00+00:00
236,387,so2,23.2,µg/m³,2016-02-07 02:00:00+00:00
236,387,so2,28.6,µg/m³,2016-02-07 02:40:00+00:00
236,387,so2,29.2,µg/m³,2016-02-07 03:00:00+00:00
236,387,so2,14.6,µg/m³,2016-02-07 04:35:00+00:00
236,387,so2,15.4,µg/m³,2016-02-07 05:00:00+00:00
236,387,so2,17.7,µg/m³,2016-02-07 05:40:00+00:00
236,387,so2,22.3,µg/m³,2016-02-07 06:00:00+00:00
236,387,so2,26.0,µg/m³,2016-02-07 06:40:00+00:00
236,387,so2,25.7,µg/m³,2016-02-07 06:55:00+00:00
236,387,so2,22.6,µg/m³,2016-02-07 07:40:00+00:00
236,387,so2,22.0,µg/m³,2016-02-07 08:00:00+00:00
236,387,so2,18.6,µg/m³,2016-02-07 08:40:00+00:00
236,387,so2,18.0,µg/m³,2016-02-07 09:00:00+00:00
236,387,so2,15.4,µg/m³,2016-02-07 09:40:00+00:00
236,387,so2,14.9,µg/m³,2016-02-07 10:00:00+00:00
236,387,so2,13.7,µg/m³,2016-02-07 10:40:00+00:00
236,387,so2,13.4,µg/m³,2016-02-07 11:00:00+00:00
236,387,so2,12.6,µg/m³,2016-02-07 11:35:00+00:00
236,387,so2,13.2,µg/m³,2016-02-07 12:00:00+00:00
236,387,so2,12.0,µg/m³,2016-02-07 12:40:00+00:00
236,387,so2,12.3,µg/m³,2016-02-07 13:00:00+00:00
236,387,so2,11.7,µg/m³,2016-02-07 13:40:00+00:00
236,387,so2,13.4,µg/m³,2016-02-07 13:55:00+00:00
236,387,so2,11.4,µg/m³,2016-02-07 14:40:00+00:00
236,387,so2,11.4,µg/m³,2016-02-07 15:00:00+00:00
236,387,so2,10.3,µg/m³,2016-02-07 15:40:00+00:00
236,387,so2,10.9,µg/m³,2016-02-07 16:00:00+00:00
236,387,so2,11.2,µg/m³,2016-02-07 16:40:00+00:00
236,387,so2,10.3,µg/m³,2016-02-07 17:00:00+00:00
236,388,pm25,118.0,µg/m³,2016-02-05 14:00:00+00:00
236,388,pm25,118.0,µg/m³,2016-02-05 14:20:00+00:00
236,388,pm25,236.0,µg/m³,2016-02-05 14:40:00+00:00
236,388,pm25,236.0,µg/m³,2016-02-05 15:00:00+00:00
236,388,pm25,236.0,µg/m³,2016-02-05 15:20:00+00:00
236,388,pm25,198.0,µg/m³,2016-02-05 15:40:00+00:00
236,388,pm25,198.0,µg/m³,2016-02-05 16:00:00+00:00
236,388,pm25,198.0,µg/m³,2016-02-05 16:20:00+00:00
236,388,pm25,217.0,µg/m³,2016-02-05 16:40:00+00:00
236,388,pm25,217.0,µg/m³,2016-02-05 17:00:00+00:00
236,388,pm25,217.0,µg/m³,2016-02-05 17:20:00+00:00
236,388,pm25,217.0,µg/m³,2016-02-05 17:40:00+00:00
236,388,pm25,217.0,µg/m³,2016-02-05 18:00:00+00:00
236,388,pm25,217.0,µg/m³,2016-02-05 18:20:00+00:00
236,388,pm25,217.0,µg/m³,2016-02-05 18:40:00+00:00
236,388,pm25,217.0,µg/m³,2016-02-05 19:00:00+00:00
236,388,pm25,217.0,µg/m³,2016-02-05 19:20:00+00:00
236,388,pm25,217.0,µg/m³,2016-02-05 19:40:00+00:00
236,388,pm25,217.0,µg/m³,2016-02-05 20:00:00+00:00
236,388,pm25,217.0,µg/m³,2016-02-05 20:20:00+00:00
236,388,pm25,217.0,µg/m³,2016-02-05 20:40:00+00:00
236,388,pm25,217.0,µg/m³,2016-02-05 21:00:00+00:00
236,388,pm25,217.0,µg/m³,2016-02-05 21:20:00+00:00
236,388,pm25,217.0,µg/m³,2016-02-05 21:40:00+00:00
236,388,pm25,217.0,µg/m³,2016-02-05 21:55:00+00:00
236,388,pm25,217.0,µg/m³,2016-02-05 22:20:00+00:00
236,388,pm25,217.0,µg/m³,2016-02-05 22:55:00+00:00
236,388,pm25,217.0,µg/m³,2016-02-05 23:15:00+00:00
236,388,pm25,217.0,µg/m³,2016-02-05 23:35:00+00:00
236,388,pm25,217.0,µg/m³,2016-02-06 00:00:00+00:00
236,388,pm25,217.0,µg/m³,2016-02-06 00:15:00+00:00
236,388,pm25,217.0,µg/m³,2016-02-06 00:35:00+00:00
236,388,pm25,217.0,µg/m³,2016-02-06 00:55:00+00:00
236,388,pm25,217.0,µg/m³,2016-02-06 01:15:00+00:00
236,388,pm25,217.0,µg/m³,2016-02-06 01:35:00+00:00
236,388,pm25,217.0,µg/m³,2016-02-06 01:55:00+00:00
236,388,pm25,217.0,µg/m³,2016-02-06 02:15:00+00:00
236,388,pm25,217.0,µg/m³,2016-02-06 02:35:00+00:00
236,388,pm25,217.0,µg/m³,2016-02-06 02:55:00+00:00
236,388,pm25,217.0,µg/m³,2016-02-06 03:20:00+00:00
236,388,pm25,217.0,µg/m³,2016-02-06 03:35:00+00:00
236,388,pm25,217.0,µg/m³,2016-02-06 03:55:00+00:00
236,388,pm25,217.0,µg/m³,2016-02-06 04:15:00+00:00
236,388,pm25,149.0,µg/m³,2016-02-06 04:50:00+00:00
236,388,pm25,149.0,µg/m³,2016-02-06 05:15:00+00:00
236,388,pm25,92.0,µg/m³,2016-02-06 05:35:00+00:00
236,388,pm25,92.0,µg/m³,2016-02-06 05:55:00+00:00
236,388,pm25,92.0,µg/m³,2016-02-06 06:05:00+00:00
236,388,pm25,132.0,µg/m³,2016-02-06 06:35:00+00:00
236,388,pm25,132.0,µg/m³,2016-02-06 06:55:00+00:00
236,388,pm25,132.0,µg/m³,2016-02-06 07:20:00+00:00
236,388,pm25,69.0,µg/m³,2016-02-06 07:35:00+00:00
236,388,pm25,69.0,µg/m³,2016-02-06 08:00:00+00:00
236,388,pm25,69.0,µg/m³,2016-02-06 08:20:00+00:00
236,388,pm25,67.0,µg/m³,2016-02-06 08:40:00+00:00
236,388,pm25,67.0,µg/m³,2016-02-06 09:00:00+00:00
236,388,pm25,67.0,µg/m³,2016-02-06 09:20:00+00:00
236,388,pm25,60.0,µg/m³,2016-02-06 09:40:00+00:00
236,388,pm25,60.0,µg/m³,2016-02-06 10:00:00+00:00
236,388,pm25,56.0,µg/m³,2016-02-06 10:40:00+00:00
236,388,pm25,56.0,µg/m³,2016-02-06 11:00:00+00:00
236,388,pm25,56.0,µg/m³,2016-02-06 11:20:00+00:00
236,388,pm25,82.0,µg/m³,2016-02-06 11:40:00+00:00
236,388,pm25,82.0,µg/m³,2016-02-06 12:00:00+00:00
236,388,pm25,82.0,µg/m³,2016-02-06 12:20:00+00:00
236,388,pm25,102.0,µg/m³,2016-02-06 13:00:00+00:00
236,388,pm25,102.0,µg/m³,2016-02-06 13:15:00+00:00
236,388,pm25,119.0,µg/m³,2016-02-06 13:55:00+00:00
236,388,pm25,119.0,µg/m³,2016-02-06 14:15:00+00:00
236,388,pm25,159.0,µg/m³,2016-02-06 14:35:00+00:00
236,388,pm25,159.0,µg/m³,2016-02-06 14:55:00+00:00
236,388,pm25,159.0,µg/m³,2016-02-06 15:15:00+00:00
236,388,pm25,161.0,µg/m³,2016-02-06 15:35:00+00:00
236,388,pm25,161.0,µg/m³,2016-02-06 16:00:00+00:00
236,388,pm25,161.0,µg/m³,2016-02-06 16:15:00+00:00
236,388,pm25,156.0,µg/m³,2016-02-06 16:35:00+00:00
236,388,pm25,156.0,µg/m³,2016-02-06 16:55:00+00:00
236,388,pm25,156.0,µg/m³,2016-02-06 17:15:00+00:00
236,388,pm25,146.0,µg/m³,2016-02-06 17:30:00+00:00
236,388,pm25,146.0,µg/m³,2016-02-06 17:55:00+00:00
236,388,pm25,146.0,µg/m³,2016-02-06 18:15:00+00:00
236,388,pm25,157.0,µg/m³,2016-02-06 18:40:00+00:00
236,388,pm25,157.0,µg/m³,2016-02-06 18:55:00+00:00
236,388,pm25,157.0,µg/m³,2016-02-06 19:15:00+00:00
236,388,pm25,169.0,µg/m³,2016-02-06 19:55:00+00:00
236,388,pm25,169.0,µg/m³,2016-02-06 20:15:00+00:00
236,388,pm25,217.0,µg/m³,2016-02-06 20:35:00+00:00
236,388,pm25,217.0,µg/m³,2016-02-06 20:55:00+00:00
236,388,pm25,217.0,µg/m³,2016-02-06 21:15:00+00:00
236,388,pm25,203.0,µg/m³,2016-02-06 21:35:00+00:00
236,388,pm25,203.0,µg/m³,2016-02-06 21:55:00+00:00
236,388,pm25,203.0,µg/m³,2016-02-06 22:15:00+00:00
236,388,pm25,203.0,µg/m³,2016-02-06 22:25:00+00:00
236,388,pm25,199.0,µg/m³,2016-02-06 22:55:00+00:00
236,388,pm25,199.0,µg/m³,2016-02-06 23:20:00+00:00
236,388,pm25,170.0,µg/m³,2016-02-06 23:40:00+00:00
236,388,pm25,170.0,µg/m³,2016-02-07 00:00:00+00:00
236,388,pm25,170.0,µg/m³,2016-02-07 00:20:00+00:00
236,388,pm25,204.0,µg/m³,2016-02-07 00:40:00+00:00
236,388,pm25,204.0,µg/m³,2016-02-07 01:00:00+00:00
236,389,no2,113.2,µg/m³,2016-02-05 14:00:00+00:00
236,389,no2,121.2,µg/m³,2016-02-05 14:40:00+00:00
236,389,no2,126.3,µg/m³,2016-02-05 15:00:00+00:00
236,389,no2,122.6,µg/m³,2016-02-05 15:40:00+00:00
236,389,no2,114.8,µg/m³,2016-02-05 16:00:00+00:00
236,389,no2,122.8,µg/m³,2016-02-05 16:20:00+00:00
236,389,no2,130.8,µg/m³,2016-02-05 16:40:00+00:00
236,389,no2,134.3,µg/m³,2016-02-05 17:00:00+00:00
236,389,no2,143.8,µg/m³,2016-02-05 17:40:00+00:00
236,389,no2,122.8,µg/m³,2016-02-05 18:00:00+00:00
236,389,no2,98.2,µg/m³,2016-02-05 18:40:00+00:00
236,389,no2,90.8,µg/m³,2016-02-05 19:00:00+00:00
236,389,no2,99.0,µg/m³,2016-02-05 19:40:00+00:00
236,389,no2,98.4,µg/m³,2016-02-05 20:00:00+00:00
236,389,no2,87.7,µg/m³,2016-02-05 20:40:00+00:00
236,389,no2,90.2,µg/m³,2016-02-05 21:00:00+00:00
236,389,no2,90.8,µg/m³,2016-02-05 21:40:00+00:00
236,389,no2,88.5,µg/m³,2016-02-05 21:55:00+00:00
236,389,no2,84.2,µg/m³,2016-02-05 22:35:00+00:00
236,389,no2,88.7,µg/m³,2016-02-05 22:55:00+00:00
236,389,no2,86.1,µg/m³,2016-02-05 23:35:00+00:00
236,389,no2,91.6,µg/m³,2016-02-06 00:00:00+00:00
236,389,no2,88.3,µg/m³,2016-02-06 00:35:00+00:00
236,389,no2,85.2,µg/m³,2016-02-06 00:55:00+00:00
236,389,no2,84.8,µg/m³,2016-02-06 01:35:00+00:00
236,389,no2,97.2,µg/m³,2016-02-06 01:55:00+00:00
236,389,no2,228.2,µg/m³,2016-02-06 02:35:00+00:00
236,389,no2,213.2,µg/m³,2016-02-06 02:55:00+00:00
236,389,no2,56.9,µg/m³,2016-02-06 04:35:00+00:00
236,389,no2,56.9,µg/m³,2016-02-06 04:50:00+00:00
236,389,no2,44.4,µg/m³,2016-02-06 05:35:00+00:00
236,389,no2,52.2,µg/m³,2016-02-06 05:55:00+00:00
236,389,no2,43.5,µg/m³,2016-02-06 06:35:00+00:00
236,389,no2,34.9,µg/m³,2016-02-06 06:55:00+00:00
236,389,no2,44.6,µg/m³,2016-02-06 07:35:00+00:00
236,389,no2,39.0,µg/m³,2016-02-06 08:00:00+00:00
236,389,no2,45.6,µg/m³,2016-02-06 08:40:00+00:00
236,389,no2,43.5,µg/m³,2016-02-06 09:00:00+00:00
236,389,no2,50.3,µg/m³,2016-02-06 09:20:00+00:00
236,389,no2,59.8,µg/m³,2016-02-06 09:40:00+00:00
236,389,no2,58.7,µg/m³,2016-02-06 10:00:00+00:00
236,389,no2,75.4,µg/m³,2016-02-06 10:40:00+00:00
236,389,no2,70.5,µg/m³,2016-02-06 11:00:00+00:00
236,389,no2,97.6,µg/m³,2016-02-06 11:40:00+00:00
236,389,no2,115.2,µg/m³,2016-02-06 12:00:00+00:00
236,389,no2,114.4,µg/m³,2016-02-06 12:35:00+00:00
236,389,no2,122.2,µg/m³,2016-02-06 13:00:00+00:00
236,389,no2,90.4,µg/m³,2016-02-06 13:35:00+00:00
236,389,no2,102.5,µg/m³,2016-02-06 13:55:00+00:00
236,389,no2,124.7,µg/m³,2016-02-06 14:35:00+00:00
236,389,no2,134.3,µg/m³,2016-02-06 14:55:00+00:00
236,389,no2,132.9,µg/m³,2016-02-06 15:35:00+00:00
236,389,no2,127.8,µg/m³,2016-02-06 16:00:00+00:00
236,389,no2,109.1,µg/m³,2016-02-06 16:35:00+00:00
236,389,no2,106.6,µg/m³,2016-02-06 16:55:00+00:00
236,389,no2,103.1,µg/m³,2016-02-06 17:30:00+00:00
236,389,no2,102.5,µg/m³,2016-02-06 17:55:00+00:00
236,389,no2,94.7,µg/m³,2016-02-06 18:40:00+00:00
236,389,no2,94.7,µg/m³,2016-02-06 18:55:00+00:00
236,389,no2,91.2,µg/m³,2016-02-06 19:35:00+00:00
236,389,no2,85.2,µg/m³,2016-02-06 19:55:00+00:00
236,389,no2,86.5,µg/m³,2016-02-06 20:35:00+00:00
236,389,no2,83.4,µg/m³,2016-02-06 20:55:00+00:00
236,389,no2,87.9,µg/m³,2016-02-06 21:35:00+00:00
236,389,no2,86.5,µg/m³,2016-02-06 21:55:00+00:00
236,389,no2,79.3,µg/m³,2016-02-06 22:25:00+00:00
236,389,no2,96.3,µg/m³,2016-02-06 22:55:00+00:00
236,389,no2,93.0,µg/m³,2016-02-06 23:40:00+00:00
236,389,no2,80.5,µg/m³,2016-02-07 00:00:00+00:00
236,389,no2,79.5,µg/m³,2016-02-07 00:40:00+00:00
236,389,no2,88.1,µg/m³,2016-02-07 01:00:00+00:00
236,389,no2,92.8,µg/m³,2016-02-07 01:40:00+00:00
236,389,no2,69.2,µg/m³,2016-02-07 02:00:00+00:00
236,389,no2,80.3,µg/m³,2016-02-07 02:40:00+00:00
236,389,no2,80.5,µg/m³,2016-02-07 03:00:00+00:00
236,389,no2,61.4,µg/m³,2016-02-07 04:35:00+00:00
236,389,no2,60.2,µg/m³,2016-02-07 05:00:00+00:00
236,389,no2,47.0,µg/m³,2016-02-07 05:40:00+00:00
236,389,no2,48.7,µg/m³,2016-02-07 06:00:00+00:00
236,389,no2,38.0,µg/m³,2016-02-07 06:40:00+00:00
236,389,no2,39.4,µg/m³,2016-02-07 06:55:00+00:00
236,389,no2,38.6,µg/m³,2016-02-07 07:40:00+00:00
236,389,no2,33.1,µg/m³,2016-02-07 08:00:00+00:00
236,389,no2,30.4,µg/m³,2016-02-07 08:40:00+00:00
236,389,no2,30.8,µg/m³,2016-02-07 09:00:00+00:00
236,389,no2,27.9,µg/m³,2016-02-07 09:40:00+00:00
236,389,no2,24.9,µg/m³,2016-02-07 10:00:00+00:00
236,389,no2,27.1,µg/m³,2016-02-07 10:40:00+00:00
236,389,no2,33.3,µg/m³,2016-02-07 11:00:00+00:00
236,389,no2,40.9,µg/m³,2016-02-07 11:35:00+00:00
236,389,no2,46.2,µg/m³,2016-02-07 12:00:00+00:00
236,389,no2,54.4,µg/m³,2016-02-07 12:40:00+00:00
236,389,no2,49.1,µg/m³,2016-02-07 13:00:00+00:00
236,389,no2,69.4,µg/m³,2016-02-07 13:40:00+00:00
236,389,no2,69.6,µg/m³,2016-02-07 13:55:00+00:00
236,389,no2,70.7,µg/m³,2016-02-07 14:40:00+00:00
236,389,no2,68.4,µg/m³,2016-02-07 15:00:00+00:00
236,389,no2,53.8,µg/m³,2016-02-07 15:40:00+00:00
236,389,no2,51.4,µg/m³,2016-02-07 16:00:00+00:00
236,389,no2,62.0,µg/m³,2016-02-07 16:40:00+00:00
236,390,o3,10.1,µg/m³,2016-02-05 14:00:00+00:00
236,390,o3,9.6,µg/m³,2016-02-05 14:40:00+00:00
236,390,o3,10.5,µg/m³,2016-02-05 15:00:00+00:00
236,390,o3,9.0,µg/m³,2016-02-05 15:40:00+00:00
236,390,o3,10.3,µg/m³,2016-02-05 16:00:00+00:00
236,390,o3,6.0,µg/m³,2016-02-05 16:20:00+00:00
236,390,o3,8.8,µg/m³,2016-02-05 16:40:00+00:00
236,390,o3,9.6,µg/m³,2016-02-05 17:00:00+00:00
236,390,o3,10.3,µg/m³,2016-02-05 17:40:00+00:00
236,390,o3,10.3,µg/m³,2016-02-05 18:00:00+00:00
236,390,o3,10.3,µg/m³,2016-02-05 18:40:00+00:00
236,390,o3,9.2,µg/m³,2016-02-05 19:00:00+00:00
236,390,o3,9.9,µg/m³,2016-02-05 19:40:00+00:00
236,390,o3,9.6,µg/m³,2016-02-05 20:00:00+00:00
236,390,o3,9.6,µg/m³,2016-02-05 20:40:00+00:00
236,390,o3,9.4,µg/m³,2016-02-05 21:00:00+00:00
236,390,o3,10.5,µg/m³,2016-02-05 21:40:00+00:00
236,390,o3,10.7,µg/m³,2016-02-05 21:55:00+00:00
236,390,o3,10.5,µg/m³,2016-02-05 22:35:00+00:00
236,390,o3,11.1,µg/m³,2016-02-05 22:55:00+00:00
236,390,o3,10.5,µg/m³,2016-02-05 23:35:00+00:00
236,390,o3,10.5,µg/m³,2016-02-06 00:00:00+00:00
236,390,o3,9.9,µg/m³,2016-02-06 00:35:00+00:00
236,390,o3,10.1,µg/m³,2016-02-06 00:55:00+00:00
236,390,o3,10.3,µg/m³,2016-02-06 01:35:00+00:00
236,390,o3,9.4,µg/m³,2016-02-06 01:55:00+00:00
236,390,o3,10.5,µg/m³,2016-02-06 03:35:00+00:00
236,390,o3,19.1,µg/m³,2016-02-06 03:55:00+00:00
236,390,o3,47.4,µg/m³,2016-02-06 04:35:00+00:00
236,390,o3,50.1,µg/m³,2016-02-06 04:50:00+00:00
236,390,o3,73.1,µg/m³,2016-02-06 05:35:00+00:00
236,390,o3,75.9,µg/m³,2016-02-06 05:55:00+00:00
236,390,o3,87.6,µg/m³,2016-02-06 06:35:00+00:00
236,390,o3,94.5,µg/m³,2016-02-06 06:55:00+00:00
236,390,o3,91.1,µg/m³,2016-02-06 07:35:00+00:00
236,390,o3,96.0,µg/m³,2016-02-06 08:00:00+00:00
236,390,o3,91.7,µg/m³,2016-02-06 08:40:00+00:00
236,390,o3,94.1,µg/m³,2016-02-06 09:00:00+00:00
236,390,o3,87.4,µg/m³,2016-02-06 09:20:00+00:00
236,390,o3,82.1,µg/m³,2016-02-06 09:40:00+00:00
236,390,o3,75.0,µg/m³,2016-02-06 10:00:00+00:00
236,390,o3,57.6,µg/m³,2016-02-06 10:40:00+00:00
236,390,o3,60.9,µg/m³,2016-02-06 11:00:00+00:00
236,390,o3,35.6,µg/m³,2016-02-06 11:40:00+00:00
236,390,o3,22.3,µg/m³,2016-02-06 12:00:00+00:00
236,390,o3,17.8,µg/m³,2016-02-06 12:35:00+00:00
236,390,o3,10.1,µg/m³,2016-02-06 13:00:00+00:00
236,390,o3,9.6,µg/m³,2016-02-06 13:35:00+00:00
236,390,o3,10.1,µg/m³,2016-02-06 13:55:00+00:00
236,390,o3,9.9,µg/m³,2016-02-06 14:35:00+00:00
236,390,o3,9.9,µg/m³,2016-02-06 14:55:00+00:00
236,390,o3,9.0,µg/m³,2016-02-06 15:35:00+00:00
236,390,o3,9.0,µg/m³,2016-02-06 16:00:00+00:00
236,390,o3,10.5,µg/m³,2016-02-06 16:35:00+00:00
236,390,o3,9.6,µg/m³,2016-02-06 16:55:00+00:00
236,390,o3,10.7,µg/m³,2016-02-06 17:30:00+00:00
236,390,o3,9.4,µg/m³,2016-02-06 17:55:00+00:00
236,390,o3,9.4,µg/m³,2016-02-06 18:40:00+00:00
236,390,o3,9.4,µg/m³,2016-02-06 18:55:00+00:00
236,390,o3,9.9,µg/m³,2016-02-06 19:35:00+00:00
236,390,o3,11.1,µg/m³,2016-02-06 19:55:00+00:00
236,390,o3,10.5,µg/m³,2016-02-06 20:35:00+00:00
236,390,o3,10.3,µg/m³,2016-02-06 20:55:00+00:00
236,390,o3,13.5,µg/m³,2016-02-06 21:35:00+00:00
236,390,o3,17.1,µg/m³,2016-02-06 21:55:00+00:00
236,390,o3,19.1,µg/m³,2016-02-06 22:25:00+00:00
236,390,o3,11.8,µg/m³,2016-02-06 22:55:00+00:00
236,390,o3,9.6,µg/m³,2016-02-06 23:40:00+00:00
236,390,o3,12.9,µg/m³,2016-02-07 00:00:00+00:00
236,390,o3,12.4,µg/m³,2016-02-07 00:40:00+00:00
236,390,o3,10.9,µg/m³,2016-02-07 01:00:00+00:00
236,390,o3,9.6,µg/m³,2016-02-07 01:40:00+00:00
236,390,o3,18.0,µg/m³,2016-02-07 02:00:00+00:00
236,390,o3,10.5,µg/m³,2016-02-07 03:35:00+00:00
236,390,o3,12.6,µg/m³,2016-02-07 03:55:00+00:00
236,390,o3,10.5,µg/m³,2016-02-07 04:35:00+00:00
236,390,o3,13.1,µg/m³,2016-02-07 05:00:00+00:00
236,390,o3,24.6,µg/m³,2016-02-07 05:40:00+00:00
236,390,o3,28.9,µg/m³,2016-02-07 06:00:00+00:00
236,390,o3,39.6,µg/m³,2016-02-07 06:40:00+00:00
236,390,o3,40.3,µg/m³,2016-02-07 06:55:00+00:00
236,390,o3,51.9,µg/m³,2016-02-07 07:40:00+00:00
236,390,o3,58.1,µg/m³,2016-02-07 08:00:00+00:00
236,390,o3,58.3,µg/m³,2016-02-07 08:40:00+00:00
236,390,o3,54.2,µg/m³,2016-02-07 09:00:00+00:00
236,390,o3,54.0,µg/m³,2016-02-07 09:40:00+00:00
236,390,o3,49.1,µg/m³,2016-02-07 10:00:00+00:00
236,390,o3,47.4,µg/m³,2016-02-07 10:40:00+00:00
236,390,o3,42.9,µg/m³,2016-02-07 11:00:00+00:00
236,390,o3,35.6,µg/m³,2016-02-07 11:35:00+00:00
236,390,o3,17.6,µg/m³,2016-02-07 12:00:00+00:00
236,390,o3,9.6,µg/m³,2016-02-07 12:40:00+00:00
236,390,o3,9.9,µg/m³,2016-02-07 13:00:00+00:00
236,390,o3,10.7,µg/m³,2016-02-07 13:40:00+00:00
236,390,o3,10.3,µg/m³,2016-02-07 13:55:00+00:00
236,390,o3,10.9,µg/m³,2016-02-07 14:40:00+00:00
236,390,o3,10.3,µg/m³,2016-02-07 15:00:00+00:00
236,390,o3,10.7,µg/m³,2016-02-07 15:40:00+00:00
236,390,o3,9.9,µg/m³,2016-02-07 16:00:00+00:00
236,390,o3,10.7,µg/m³,2016-02-07 16:40:00+00:00
236,391,pm10,285.0,µg/m³,2016-02-05 14:00:00+00:00
236,391,pm10,285.0,µg/m³,2016-02-05 14:20:00+00:00
236,391,pm10,392.0,µg/m³,2016-02-05 14:40:00+00:00
236,391,pm10,392.0,µg/m³,2016-02-05 15:00:00+00:00
236,391,pm10,392.0,µg/m³,2016-02-05 15:20:00+00:00
236,391,pm10,406.0,µg/m³,2016-02-05 15:40:00+00:00
236,391,pm10,406.0,µg/m³,2016-02-05 16:20:00+00:00
236,391,pm10,422.0,µg/m³,2016-02-05 16:40:00+00:00
236,391,pm10,422.0,µg/m³,2016-02-05 17:00:00+00:00
236,391,pm10,422.0,µg/m³,2016-02-05 17:20:00+00:00
236,391,pm10,493.0,µg/m³,2016-02-05 17:40:00+00:00
236,391,pm10,493.0,µg/m³,2016-02-05 18:00:00+00:00
236,391,pm10,493.0,µg/m³,2016-02-05 18:20:00+00:00
236,391,pm10,490.0,µg/m³,2016-02-05 18:40:00+00:00
236,391,pm10,490.0,µg/m³,2016-02-05 19:00:00+00:00
236,391,pm10,490.0,µg/m³,2016-02-05 19:20:00+00:00
236,391,pm10,470.0,µg/m³,2016-02-05 19:40:00+00:00
236,391,pm10,470.0,µg/m³,2016-02-05 20:00:00+00:00
236,391,pm10,470.0,µg/m³,2016-02-05 20:20:00+00:00
236,391,pm10,580.0,µg/m³,2016-02-05 20:40:00+00:00
236,391,pm10,580.0,µg/m³,2016-02-05 21:00:00+00:00
236,391,pm10,580.0,µg/m³,2016-02-05 21:20:00+00:00
236,391,pm10,672.0,µg/m³,2016-02-05 21:40:00+00:00
236,391,pm10,672.0,µg/m³,2016-02-05 21:55:00+00:00
236,391,pm10,672.0,µg/m³,2016-02-05 22:20:00+00:00
236,391,pm10,652.0,µg/m³,2016-02-05 22:55:00+00:00
236,391,pm10,652.0,µg/m³,2016-02-05 23:15:00+00:00
236,391,pm10,545.0,µg/m³,2016-02-06 00:15:00+00:00
236,391,pm10,521.0,µg/m³,2016-02-06 00:55:00+00:00
236,391,pm10,521.0,µg/m³,2016-02-06 01:15:00+00:00
236,391,pm10,543.0,µg/m³,2016-02-06 01:55:00+00:00
236,391,pm10,543.0,µg/m³,2016-02-06 02:15:00+00:00
236,391,pm10,574.0,µg/m³,2016-02-06 02:35:00+00:00
236,391,pm10,574.0,µg/m³,2016-02-06 02:55:00+00:00
236,391,pm10,574.0,µg/m³,2016-02-06 03:20:00+00:00
236,391,pm10,537.0,µg/m³,2016-02-06 03:35:00+00:00
236,391,pm10,537.0,µg/m³,2016-02-06 03:55:00+00:00
236,391,pm10,537.0,µg/m³,2016-02-06 04:15:00+00:00
236,391,pm10,498.0,µg/m³,2016-02-06 04:35:00+00:00
236,391,pm10,498.0,µg/m³,2016-02-06 04:50:00+00:00
236,391,pm10,498.0,µg/m³,2016-02-06 05:15:00+00:00
236,391,pm10,290.0,µg/m³,2016-02-06 05:35:00+00:00
236,391,pm10,290.0,µg/m³,2016-02-06 05:55:00+00:00
236,391,pm10,290.0,µg/m³,2016-02-06 06:05:00+00:00
236,391,pm10,284.0,µg/m³,2016-02-06 06:35:00+00:00
236,391,pm10,284.0,µg/m³,2016-02-06 06:55:00+00:00
236,391,pm10,284.0,µg/m³,2016-02-06 07:20:00+00:00
236,391,pm10,205.0,µg/m³,2016-02-06 07:35:00+00:00
236,391,pm10,205.0,µg/m³,2016-02-06 08:00:00+00:00
236,391,pm10,205.0,µg/m³,2016-02-06 08:20:00+00:00
236,391,pm10,212.0,µg/m³,2016-02-06 08:40:00+00:00
236,391,pm10,212.0,µg/m³,2016-02-06 09:00:00+00:00
236,391,pm10,212.0,µg/m³,2016-02-06 09:20:00+00:00
236,391,pm10,184.0,µg/m³,2016-02-06 09:40:00+00:00
236,391,pm10,184.0,µg/m³,2016-02-06 10:00:00+00:00
236,391,pm10,184.0,µg/m³,2016-02-06 10:20:00+00:00
236,391,pm10,200.0,µg/m³,2016-02-06 10:40:00+00:00
236,391,pm10,200.0,µg/m³,2016-02-06 11:00:00+00:00
236,391,pm10,200.0,µg/m³,2016-02-06 11:20:00+00:00
236,391,pm10,228.0,µg/m³,2016-02-06 12:00:00+00:00
236,391,pm10,228.0,µg/m³,2016-02-06 12:20:00+00:00
236,391,pm10,252.0,µg/m³,2016-02-06 13:00:00+00:00
236,391,pm10,252.0,µg/m³,2016-02-06 13:15:00+00:00
236,391,pm10,262.0,µg/m³,2016-02-06 13:55:00+00:00
236,391,pm10,262.0,µg/m³,2016-02-06 14:15:00+00:00
236,391,pm10,277.0,µg/m³,2016-02-06 14:55:00+00:00
236,391,pm10,277.0,µg/m³,2016-02-06 15:15:00+00:00
236,391,pm10,353.0,µg/m³,2016-02-06 16:00:00+00:00
236,391,pm10,353.0,µg/m³,2016-02-06 16:15:00+00:00
236,391,pm10,331.0,µg/m³,2016-02-06 16:35:00+00:00
236,391,pm10,331.0,µg/m³,2016-02-06 16:55:00+00:00
236,391,pm10,331.0,µg/m³,2016-02-06 17:15:00+00:00
236,391,pm10,288.0,µg/m³,2016-02-06 17:30:00+00:00
236,391,pm10,288.0,µg/m³,2016-02-06 17:55:00+00:00
236,391,pm10,288.0,µg/m³,2016-02-06 18:15:00+00:00
236,391,pm10,290.0,µg/m³,2016-02-06 18:40:00+00:00
236,391,pm10,290.0,µg/m³,2016-02-06 18:55:00+00:00
236,391,pm10,290.0,µg/m³,2016-02-06 19:15:00+00:00
236,391,pm10,299.0,µg/m³,2016-02-06 19:35:00+00:00
236,391,pm10,299.0,µg/m³,2016-02-06 19:55:00+00:00
236,391,pm10,299.0,µg/m³,2016-02-06 20:15:00+00:00
236,391,pm10,346.0,µg/m³,2016-02-06 20:35:00+00:00
236,391,pm10,346.0,µg/m³,2016-02-06 20:55:00+00:00
236,391,pm10,346.0,µg/m³,2016-02-06 21:15:00+00:00
236,391,pm10,318.0,µg/m³,2016-02-06 21:35:00+00:00
236,391,pm10,318.0,µg/m³,2016-02-06 21:55:00+00:00
236,391,pm10,318.0,µg/m³,2016-02-06 22:15:00+00:00
236,391,pm10,318.0,µg/m³,2016-02-06 22:25:00+00:00
236,391,pm10,285.0,µg/m³,2016-02-06 22:55:00+00:00
236,391,pm10,285.0,µg/m³,2016-02-06 23:20:00+00:00
236,391,pm10,276.0,µg/m³,2016-02-06 23:40:00+00:00
236,391,pm10,276.0,µg/m³,2016-02-07 00:00:00+00:00
236,391,pm10,276.0,µg/m³,2016-02-07 00:20:00+00:00
236,391,pm10,343.0,µg/m³,2016-02-07 00:40:00+00:00
236,391,pm10,343.0,µg/m³,2016-02-07 01:00:00+00:00
236,391,pm10,343.0,µg/m³,2016-02-07 01:20:00+00:00
236,391,pm10,323.0,µg/m³,2016-02-07 01:40:00+00:00
236,391,pm10,323.0,µg/m³,2016-02-07 02:00:00+00:00
236,391,pm10,323.0,µg/m³,2016-02-07 02:20:00+00:00
236,391,pm10,280.0,µg/m³,2016-02-07 02:40:00+00:00
286,474,o3,7.0,µg/m³,2016-03-21 15:35:00+00:00
286,474,o3,69.05,µg/m³,2016-03-22 02:35:00+00:00
286,474,o3,8.63,µg/m³,2016-03-22 16:05:00+00:00
286,474,o3,10.14,µg/m³,2016-03-22 19:05:00+00:00
286,474,o3,12.38,µg/m³,2016-03-22 19:35:00+00:00
286,474,o3,10.93,µg/m³,2016-03-22 23:20:00+00:00
286,474,o3,9.69,µg/m³,2016-03-22 23:50:00+00:00
286,474,o3,11.69,µg/m³,2016-03-23 01:05:00+00:00
286,474,o3,13.91,µg/m³,2016-03-23 02:05:00+00:00
286,474,o3,14.83,µg/m³,2016-03-23 03:50:00+00:00
286,474,o3,348.57,µg/m³,2016-03-23 04:50:00+00:00
286,474,o3,6.62,µg/m³,2016-03-23 09:20:00+00:00
286,474,o3,6.18,µg/m³,2016-03-24 01:35:00+00:00
286,474,o3,14.03,µg/m³,2016-03-24 06:20:00+00:00
286,474,o3,16.75,µg/m³,2016-03-24 07:05:00+00:00
286,474,o3,51.45,µg/m³,2016-03-24 08:35:00+00:00
286,474,o3,5.24,µg/m³,2016-03-24 21:05:00+00:00
286,474,o3,22.07,µg/m³,2016-03-24 22:50:00+00:00
286,474,o3,10.33,µg/m³,2016-03-25 06:50:00+00:00
286,474,o3,4.8,µg/m³,2016-03-25 12:05:00+00:00
286,474,o3,2.89,µg/m³,2016-03-25 15:20:00+00:00
286,474,o3,1.44,µg/m³,2016-03-25 16:05:00+00:00
286,474,o3,1.84,µg/m³,2016-03-25 17:50:00+00:00
286,474,o3,3.93,µg/m³,2016-03-25 21:35:00+00:00
286,474,o3,9.61,µg/m³,2016-03-26 03:05:00+00:00
286,474,o3,8.53,µg/m³,2016-03-26 08:35:00+00:00
286,474,o3,8.57,µg/m³,2016-03-26 09:50:00+00:00
286,474,o3,7.5,µg/m³,2016-03-26 10:05:00+00:00
286,474,o3,8.29,µg/m³,2016-03-26 10:20:00+00:00
286,474,o3,6.57,µg/m³,2016-03-26 10:35:00+00:00
286,474,o3,4.97,µg/m³,2016-03-26 10:50:00+00:00
286,474,o3,0.78,µg/m³,2016-03-26 11:20:00+00:00
286,474,o3,1.59,µg/m³,2016-03-26 11:50:00+00:00
286,474,o3,0.2,µg/m³,2016-03-26 12:20:00+00:00
286,474,o3,1.84,µg/m³,2016-03-26 12:35:00+00:00
286,474,o3,1.76,µg/m³,2016-03-26 12:50:00+00:00
286,474,o3,1.14,µg/m³,2016-03-26 13:05:00+00:00
286,474,o3,1.34,µg/m³,2016-03-26 13:35:00+00:00
286,474,o3,1.51,µg/m³,2016-03-26 13:50:00+00:00
286,474,o3,0.66,µg/m³,2016-03-26 14:05:00+00:00
286,474,o3,1.95,µg/m³,2016-03-26 14:35:00+00:00
286,474,o3,1.31,µg/m³,2016-03-26 15:05:00+00:00
286,474,o3,1.71,µg/m³,2016-03-26 15:20:00+00:00
286,474,o3,8.05,µg/m³,2016-03-26 15:35:00+00:00
286,474,o3,0.67,µg/m³,2016-03-26 15:50:00+00:00
286,474,o3,0.49,µg/m³,2016-03-26 16:05:00+00:00
286,474,o3,1.24,µg/m³,2016-03-26 16:20:00+00:00
286,474,o3,0.51,µg/m³,2016-03-26 16:35:00+00:00
286,474,o3,0.48,µg/m³,2016-03-26 16:50:00+00:00
286,474,o3,2.47,µg/m³,2016-03-26 17:05:00+00:00
286,474,o3,2.71,µg/m³,2016-03-26 17:20:00+00:00
286,474,o3,3.14,µg/m³,2016-03-26 17:35:00+00:00
286,474,o3,3.96,µg/m³,2016-03-26 17:50:00+00:00
286,474,o3,2.04,µg/m³,2016-03-26 18:05:00+00:00
286,474,o3,2.53,µg/m³,2016-03-26 18:20:00+00:00
286,474,o3,4.99,µg/m³,2016-03-26 18:35:00+00:00
286,474,o3,6.22,µg/m³,2016-03-26 18:50:00+00:00
286,474,o3,6.1,µg/m³,2016-03-26 19:05:00+00:00
286,474,o3,4.07,µg/m³,2016-03-26 19:50:00+00:00
286,474,o3,5.62,µg/m³,2016-03-26 20:05:00+00:00
286,474,o3,5.71,µg/m³,2016-03-26 20:20:00+00:00
286,474,o3,1.44,µg/m³,2016-03-26 20:35:00+00:00
286,474,o3,3.3,µg/m³,2016-03-26 20:50:00+00:00
286,474,o3,2.64,µg/m³,2016-03-26 21:05:00+00:00
286,474,o3,4.31,µg/m³,2016-03-26 21:20:00+00:00
286,474,o3,4.74,µg/m³,2016-03-26 21:35:00+00:00
286,474,o3,6.19,µg/m³,2016-03-26 21:50:00+00:00
286,474,o3,4.52,µg/m³,2016-03-26 22:05:00+00:00
286,474,o3,2.71,µg/m³,2016-03-26 22:20:00+00:00
286,474,o3,1.78,µg/m³,2016-03-26 22:35:00+00:00
286,474,o3,0.82,µg/m³,2016-03-26 22:50:00+00:00
286,474,o3,2.96,µg/m³,2016-03-26 23:05:00+00:00
286,474,o3,3.85,µg/m³,2016-03-26 23:20:00+00:00
286,474,o3,3.45,µg/m³,2016-03-26 23:35:00+00:00
286,474,o3,3.93,µg/m³,2016-03-26 23:50:00+00:00
286,474,o3,1.1,µg/m³,2016-03-27 00:05:00+00:00
286,474,o3,0.57,µg/m³,2016-03-27 00:20:00+00:00
286,474,o3,0.43,µg/m³,2016-03-27 00:35:00+00:00
286,474,o3,1.67,µg/m³,2016-03-27 00:50:00+00:00
286,474,o3,2.15,µg/m³,2016-03-27 01:05:00+00:00
286,474,o3,1.89,µg/m³,2016-03-27 01:20:00+00:00
286,474,o3,3.88,µg/m³,2016-03-27 01:35:00+00:00
286,474,o3,4.67,µg/m³,2016-03-27 01:50:00+00:00
286,474,o3,4.22,µg/m³,2016-03-27 02:05:00+00:00
286,474,o3,2.75,µg/m³,2016-03-27 02:20:00+00:00
286,474,o3,4.41,µg/m³,2016-03-27 02:35:00+00:00
286,562,pm25,40.0,µg/m³,2016-03-21 15:35:00+00:00
286,562,pm25,18.0,µg/m³,2016-03-22 02:35:00+00:00
286,562,pm25,37.0,µg/m³,2016-03-22 16:05:00+00:00
286,562,pm25,20.0,µg/m³,2016-03-22 19:05:00+00:00
286,562,pm25,15.0,µg/m³,2016-03-22 19:35:00+00:00
286,562,pm25,85.0,µg/m³,2016-03-22 23:20:00+00:00
286,562,pm25,94.0,µg/m³,2016-03-22 23:50:00+00:00
286,562,pm25,82.0,µg/m³,2016-03-23 01:05:00+00:00
286,562,pm25,42.0,µg/m³,2016-03-23 02:05:00+00:00
286,562,pm25,19.0,µg/m³,2016-03-23 03:50:00+00:00
286,562,pm25,19.0,µg/m³,2016-03-23 04:20:00+00:00
286,562,pm25,13.0,µg/m³,2016-03-23 04:50:00+00:00
286,562,pm25,11.0,µg/m³,2016-03-23 09:20:00+00:00
286,562,pm25,37.0,µg/m³,2016-03-23 13:05:00+00:00
286,562,pm25,42.0,µg/m³,2016-03-23 14:20:00+00:00
286,562,pm25,68.0,µg/m³,2016-03-23 17:20:00+00:00
286,562,pm25,83.0,µg/m³,2016-03-24 01:35:00+00:00
286,562,pm25,26.0,µg/m³,2016-03-24 06:20:00+00:00
286,562,pm25,20.0,µg/m³,2016-03-24 07:05:00+00:00
286,562,pm25,18.0,µg/m³,2016-03-24 08:35:00+00:00
286,562,pm25,18.0,µg/m³,2016-03-24 12:20:00+00:00
286,562,pm25,37.0,µg/m³,2016-03-24 15:50:00+00:00
286,562,pm25,35.0,µg/m³,2016-03-24 19:05:00+00:00
286,562,pm25,63.0,µg/m³,2016-03-24 21:05:00+00:00
286,562,pm25,56.0,µg/m³,2016-03-24 22:50:00+00:00
286,562,pm25,99.0,µg/m³,2016-03-25 02:20:00+00:00
286,562,pm25,24.0,µg/m³,2016-03-25 06:50:00+00:00
286,562,pm25,53.0,µg/m³,2016-03-25 12:05:00+00:00
286,562,pm25,77.0,µg/m³,2016-03-25 15:20:00+00:00
286,562,pm25,106.0,µg/m³,2016-03-25 16:05:00+00:00
286,562,pm25,79.0,µg/m³,2016-03-25 17:50:00+00:00
286,562,pm25,62.0,µg/m³,2016-03-25 21:35:00+00:00
286,562,pm25,76.0,µg/m³,2016-03-25 23:05:00+00:00
286,562,pm25,92.0,µg/m³,2016-03-26 00:50:00+00:00
286,562,pm25,70.0,µg/m³,2016-03-26 03:05:00+00:00
286,562,pm25,26.0,µg/m³,2016-03-26 08:35:00+00:00
286,562,pm25,504.0,µg/m³,2016-03-26 09:50:00+00:00
286,562,pm25,28.0,µg/m³,2016-03-26 10:05:00+00:00
286,562,pm25,28.0,µg/m³,2016-03-26 10:20:00+00:00
286,562,pm25,37.0,µg/m³,2016-03-26 10:35:00+00:00
286,562,pm25,37.0,µg/m³,2016-03-26 10:50:00+00:00
286,562,pm25,37.0,µg/m³,2016-03-26 11:20:00+00:00
286,562,pm25,46.0,µg/m³,2016-03-26 11:50:00+00:00
286,562,pm25,46.0,µg/m³,2016-03-26 12:05:00+00:00
286,562,pm25,46.0,µg/m³,2016-03-26 12:20:00+00:00
286,562,pm25,112.0,µg/m³,2016-03-26 12:35:00+00:00
286,562,pm25,112.0,µg/m³,2016-03-26 12:50:00+00:00
286,562,pm25,112.0,µg/m³,2016-03-26 13:05:00+00:00
286,562,pm25,112.0,µg/m³,2016-03-26 13:20:00+00:00
286,562,pm25,117.0,µg/m³,2016-03-26 13:35:00+00:00
286,562,pm25,117.0,µg/m³,2016-03-26 13:50:00+00:00
286,562,pm25,117.0,µg/m³,2016-03-26 14:05:00+00:00
286,562,pm25,117.0,µg/m³,2016-03-26 14:20:00+00:00
286,562,pm25,147.0,µg/m³,2016-03-26 14:35:00+00:00
286,562,pm25,147.0,µg/m³,2016-03-26 14:50:00+00:00
286,562,pm25,147.0,µg/m³,2016-03-26 15:05:00+00:00
286,562,pm25,147.0,µg/m³,2016-03-26 15:20:00+00:00
286,562,pm25,137.0,µg/m³,2016-03-26 15:35:00+00:00
286,562,pm25,137.0,µg/m³,2016-03-26 15:50:00+00:00
286,562,pm25,137.0,µg/m³,2016-03-26 16:05:00+00:00
286,562,pm25,137.0,µg/m³,2016-03-26 16:20:00+00:00
286,562,pm25,87.0,µg/m³,2016-03-26 16:35:00+00:00
286,562,pm25,87.0,µg/m³,2016-03-26 16:50:00+00:00
286,562,pm25,87.0,µg/m³,2016-03-26 17:05:00+00:00
286,562,pm25,87.0,µg/m³,2016-03-26 17:20:00+00:00
286,562,pm25,86.0,µg/m³,2016-03-26 17:35:00+00:00
286,562,pm25,86.0,µg/m³,2016-03-26 17:50:00+00:00
286,562,pm25,86.0,µg/m³,2016-03-26 18:05:00+00:00
286,562,pm25,86.0,µg/m³,2016-03-26 18:20:00+00:00
286,562,pm25,80.0,µg/m³,2016-03-26 18:35:00+00:00
286,562,pm25,80.0,µg/m³,2016-03-26 18:50:00+00:00
286,562,pm25,80.0,µg/m³,2016-03-26 19:05:00+00:00
286,562,pm25,77.0,µg/m³,2016-03-26 19:50:00+00:00
286,562,pm25,77.0,µg/m³,2016-03-26 20:05:00+00:00
286,562,pm25,77.0,µg/m³,2016-03-26 20:20:00+00:00
286,562,pm25,76.0,µg/m³,2016-03-26 20:35:00+00:00
286,562,pm25,76.0,µg/m³,2016-03-26 20:50:00+00:00
286,562,pm25,76.0,µg/m³,2016-03-26 21:05:00+00:00
286,562,pm25,76.0,µg/m³,2016-03-26 21:20:00+00:00
286,562,pm25,82.0,µg/m³,2016-03-26 21:35:00+00:00
286,562,pm25,82.0,µg/m³,2016-03-26 21:50:00+00:00
286,562,pm25,82.0,µg/m³,2016-03-26 22:05:00+00:00
286,562,pm25,82.0,µg/m³,2016-03-26 22:20:00+00:00
286,562,pm25,83.0,µg/m³,2016-03-26 22:35:00+00:00
286,562,pm25,83.0,µg/m³,2016-03-26 22:50:00+00:00
286,562,pm25,83.0,µg/m³,2016-03-26 23:05:00+00:00
286,562,pm25,83.0,µg/m³,2016-03-26 23:20:00+00:00
286,562,pm25,92.0,µg/m³,2016-03-26 23:35:00+00:00
286,562,pm25,92.0,µg/m³,2016-03-26 23:50:00+00:00
286,562,pm25,92.0,µg/m³,2016-03-27 00:05:00+00:00
286,562,pm25,92.0,µg/m³,2016-03-27 00:20:00+00:00
286,562,pm25,82.0,µg/m³,2016-03-27 00:35:00+00:00
286,562,pm25,82.0,µg/m³,2016-03-27 00:50:00+00:00
286,562,pm25,82.0,µg/m³,2016-03-27 01:05:00+00:00
286,562,pm25,82.0,µg/m³,2016-03-27 01:20:00+00:00
286,562,pm25,120.0,µg/m³,2016-03-27 01:35:00+00:00
286,562,pm25,120.0,µg/m³,2016-03-27 01:50:00+00:00
286,562,pm25,120.0,µg/m³,2016-03-27 02:05:00+00:00
286,562,pm25,120.0,µg/m³,2016-03-27 02:20:00+00:00
286,562,pm25,96.0,µg/m³,2016-03-27 02:35:00+00:00
286,563,so2,6.06,µg/m³,2016-03-21 15:35:00+00:00
286,563,so2,10.05,µg/m³,2016-03-22 02:35:00+00:00
286,563,so2,4.51,µg/m³,2016-03-22 16:05:00+00:00
286,563,so2,6.7,µg/m³,2016-03-22 19:05:00+00:00
286,563,so2,7.29,µg/m³,2016-03-22 19:35:00+00:00
286,563,so2,7.49,µg/m³,2016-03-22 23:20:00+00:00
286,563,so2,6.49,µg/m³,2016-03-22 23:50:00+00:00
286,563,so2,7.44,µg/m³,2016-03-23 01:05:00+00:00
286,563,so2,3.46,µg/m³,2016-03-23 02:05:00+00:00
286,563,so2,3.4,µg/m³,2016-03-23 03:50:00+00:00
286,563,so2,3.39,µg/m³,2016-03-23 04:20:00+00:00
286,563,so2,2.0,µg/m³,2016-03-23 04:50:00+00:00
286,563,so2,7.28,µg/m³,2016-03-23 08:50:00+00:00
286,563,so2,5.0,µg/m³,2016-03-23 09:20:00+00:00
286,563,so2,8.16,µg/m³,2016-03-23 13:05:00+00:00
286,563,so2,4.91,µg/m³,2016-03-23 14:20:00+00:00
286,563,so2,6.81,µg/m³,2016-03-23 17:20:00+00:00
286,563,so2,5.74,µg/m³,2016-03-24 01:35:00+00:00
286,563,so2,6.09,µg/m³,2016-03-24 06:20:00+00:00
286,563,so2,4.77,µg/m³,2016-03-24 07:05:00+00:00
286,563,so2,6.27,µg/m³,2016-03-24 08:35:00+00:00
286,563,so2,7.3,µg/m³,2016-03-24 12:20:00+00:00
286,563,so2,8.13,µg/m³,2016-03-24 15:50:00+00:00
286,563,so2,7.12,µg/m³,2016-03-24 19:05:00+00:00
286,563,so2,8.22,µg/m³,2016-03-24 21:05:00+00:00
286,563,so2,3.87,µg/m³,2016-03-24 22:50:00+00:00
286,563,so2,6.4,µg/m³,2016-03-25 02:20:00+00:00
286,563,so2,13.86,µg/m³,2016-03-25 12:05:00+00:00
286,563,so2,5.63,µg/m³,2016-03-25 15:20:00+00:00
286,563,so2,5.73,µg/m³,2016-03-25 16:05:00+00:00
286,563,so2,8.42,µg/m³,2016-03-25 17:50:00+00:00
286,563,so2,8.45,µg/m³,2016-03-25 21:35:00+00:00
286,563,so2,5.14,µg/m³,2016-03-25 23:05:00+00:00
286,563,so2,4.76,µg/m³,2016-03-26 00:50:00+00:00
286,563,so2,5.6,µg/m³,2016-03-26 03:05:00+00:00
286,563,so2,4.38,µg/m³,2016-03-26 08:35:00+00:00
286,563,so2,8.33,µg/m³,2016-03-26 09:50:00+00:00
286,563,so2,8.51,µg/m³,2016-03-26 10:05:00+00:00
286,563,so2,7.6,µg/m³,2016-03-26 10:20:00+00:00
286,563,so2,5.87,µg/m³,2016-03-26 10:35:00+00:00
286,563,so2,6.83,µg/m³,2016-03-26 10:50:00+00:00
286,563,so2,5.55,µg/m³,2016-03-26 11:20:00+00:00
286,563,so2,6.78,µg/m³,2016-03-26 11:50:00+00:00
286,563,so2,9.13,µg/m³,2016-03-26 12:05:00+00:00
286,563,so2,9.13,µg/m³,2016-03-26 12:20:00+00:00
286,563,so2,10.4,µg/m³,2016-03-26 12:35:00+00:00
286,563,so2,11.77,µg/m³,2016-03-26 12:50:00+00:00
286,563,so2,11.11,µg/m³,2016-03-26 13:05:00+00:00
286,563,so2,13.53,µg/m³,2016-03-26 13:20:00+00:00
286,563,so2,14.39,µg/m³,2016-03-26 13:35:00+00:00
286,563,so2,10.25,µg/m³,2016-03-26 13:50:00+00:00
286,563,so2,7.83,µg/m³,2016-03-26 14:05:00+00:00
286,563,so2,10.19,µg/m³,2016-03-26 14:20:00+00:00
286,563,so2,12.9,µg/m³,2016-03-26 14:35:00+00:00
286,563,so2,9.66,µg/m³,2016-03-26 14:50:00+00:00
286,563,so2,6.13,µg/m³,2016-03-26 15:05:00+00:00
286,563,so2,9.28,µg/m³,2016-03-26 15:20:00+00:00
286,563,so2,8.09,µg/m³,2016-03-26 15:35:00+00:00
286,563,so2,3.7,µg/m³,2016-03-26 15:50:00+00:00
286,563,so2,3.55,µg/m³,2016-03-26 16:05:00+00:00
286,563,so2,4.76,µg/m³,2016-03-26 16:20:00+00:00
286,563,so2,5.96,µg/m³,2016-03-26 16:35:00+00:00
286,563,so2,3.98,µg/m³,2016-03-26 16:50:00+00:00
286,563,so2,1.1,µg/m³,2016-03-26 17:05:00+00:00
286,563,so2,3.07,µg/m³,2016-03-26 17:20:00+00:00
286,563,so2,5.48,µg/m³,2016-03-26 17:35:00+00:00
286,563,so2,4.35,µg/m³,2016-03-26 17:50:00+00:00
286,563,so2,7.77,µg/m³,2016-03-26 18:05:00+00:00
286,563,so2,6.4,µg/m³,2016-03-26 18:20:00+00:00
286,563,so2,7.69,µg/m³,2016-03-26 18:35:00+00:00
286,563,so2,6.43,µg/m³,2016-03-26 18:50:00+00:00
286,563,so2,8.2,µg/m³,2016-03-26 19:05:00+00:00
286,563,so2,8.14,µg/m³,2016-03-26 19:50:00+00:00
286,563,so2,7.66,µg/m³,2016-03-26 20:05:00+00:00
286,563,so2,8.09,µg/m³,2016-03-26 20:20:00+00:00
286,563,so2,8.79,µg/m³,2016-03-26 20:35:00+00:00
286,563,so2,8.67,µg/m³,2016-03-26 20:50:00+00:00
286,563,so2,8.86,µg/m³,2016-03-26 21:05:00+00:00
286,563,so2,8.13,µg/m³,2016-03-26 21:20:00+00:00
286,563,so2,5.96,µg/m³,2016-03-26 21:35:00+00:00
286,563,so2,6.28,µg/m³,2016-03-26 21:50:00+00:00
286,563,so2,6.46,µg/m³,2016-03-26 22:05:00+00:00
286,563,so2,7.38,µg/m³,2016-03-26 22:20:00+00:00
286,563,so2,5.89,µg/m³,2016-03-26 22:35:00+00:00
286,563,so2,6.62,µg/m³,2016-03-26 22:50:00+00:00
286,563,so2,7.44,µg/m³,2016-03-26 23:05:00+00:00
286,563,so2,8.86,µg/m³,2016-03-26 23:20:00+00:00
286,563,so2,9.19,µg/m³,2016-03-26 23:35:00+00:00
286,563,so2,6.18,µg/m³,2016-03-26 23:50:00+00:00
286,563,so2,6.96,µg/m³,2016-03-27 00:05:00+00:00
286,563,so2,7.48,µg/m³,2016-03-27 00:20:00+00:00
286,563,so2,8.05,µg/m³,2016-03-27 00:35:00+00:00
286,563,so2,6.2,µg/m³,2016-03-27 00:50:00+00:00
286,563,so2,7.88,µg/m³,2016-03-27 01:05:00+00:00
286,563,so2,7.89,µg/m³,2016-03-27 01:20:00+00:00
286,563,so2,5.83,µg/m³,2016-03-27 01:35:00+00:00
286,563,so2,6.86,µg/m³,2016-03-27 01:50:00+00:00
286,563,so2,8.11,µg/m³,2016-03-27 02:05:00+00:00
286,563,so2,5.82,µg/m³,2016-03-27 02:20:00+00:00
286,564,co,1230.0,µg/m³,2016-03-21 15:35:00+00:00
286,564,co,650.0,µg/m³,2016-03-22 02:35:00+00:00
286,564,co,970.0,µg/m³,2016-03-22 16:05:00+00:00
286,564,co,430.0,µg/m³,2016-03-22 19:05:00+00:00
286,564,co,390.0,µg/m³,2016-03-22 19:35:00+00:00
286,564,co,940.0,µg/m³,2016-03-22 23:20:00+00:00
286,564,co,1070.0,µg/m³,2016-03-22 23:50:00+00:00
286,564,co,1110.0,µg/m³,2016-03-23 01:05:00+00:00
286,564,co,740.0,µg/m³,2016-03-23 02:05:00+00:00
286,564,co,460.0,µg/m³,2016-03-23 03:50:00+00:00
286,564,co,410.0,µg/m³,2016-03-23 04:20:00+00:00
286,564,co,360.0,µg/m³,2016-03-23 04:50:00+00:00
286,564,co,1470.0,µg/m³,2016-03-23 08:50:00+00:00
286,564,co,1060.0,µg/m³,2016-03-23 09:20:00+00:00
286,564,co,1150.0,µg/m³,2016-03-23 13:05:00+00:00
286,564,co,1420.0,µg/m³,2016-03-23 14:20:00+00:00
286,564,co,1240.0,µg/m³,2016-03-23 17:20:00+00:00
286,564,co,920.0,µg/m³,2016-03-24 01:35:00+00:00
286,564,co,500.0,µg/m³,2016-03-24 06:20:00+00:00
286,564,co,460.0,µg/m³,2016-03-24 07:05:00+00:00
286,564,co,400.0,µg/m³,2016-03-24 08:35:00+00:00
286,564,co,820.0,µg/m³,2016-03-24 12:20:00+00:00
286,564,co,920.0,µg/m³,2016-03-24 15:50:00+00:00
286,564,co,550.0,µg/m³,2016-03-24 19:05:00+00:00
286,564,co,620.0,µg/m³,2016-03-24 21:05:00+00:00
286,564,co,750.0,µg/m³,2016-03-24 22:50:00+00:00
286,564,co,950.0,µg/m³,2016-03-25 02:20:00+00:00
286,564,co,490.0,µg/m³,2016-03-25 06:50:00+00:00
286,564,co,1140.0,µg/m³,2016-03-25 12:05:00+00:00
286,564,co,1430.0,µg/m³,2016-03-25 15:20:00+00:00
286,564,co,1400.0,µg/m³,2016-03-25 16:05:00+00:00
286,564,co,1080.0,µg/m³,2016-03-25 17:50:00+00:00
286,564,co,670.0,µg/m³,2016-03-25 21:35:00+00:00
286,564,co,990.0,µg/m³,2016-03-25 23:05:00+00:00
286,564,co,1410.0,µg/m³,2016-03-26 00:50:00+00:00
286,564,co,950.0,µg/m³,2016-03-26 03:05:00+00:00
286,564,co,680.0,µg/m³,2016-03-26 08:35:00+00:00
286,564,co,780.0,µg/m³,2016-03-26 09:50:00+00:00
286,564,co,830.0,µg/m³,2016-03-26 10:05:00+00:00
286,564,co,840.0,µg/m³,2016-03-26 10:20:00+00:00
286,564,co,850.0,µg/m³,2016-03-26 10:35:00+00:00
286,564,co,940.0,µg/m³,2016-03-26 10:50:00+00:00
286,564,co,1240.0,µg/m³,2016-03-26 11:20:00+00:00
286,564,co,1820.0,µg/m³,2016-03-26 11:50:00+00:00
286,564,co,2380.0,µg/m³,2016-03-26 12:05:00+00:00
286,564,co,2760.0,µg/m³,2016-03-26 12:20:00+00:00
286,564,co,3160.0,µg/m³,2016-03-26 12:35:00+00:00
286,564,co,3580.0,µg/m³,2016-03-26 12:50:00+00:00
286,564,co,3930.0,µg/m³,2016-03-26 13:05:00+00:00
286,564,co,4120.0,µg/m³,2016-03-26 13:20:00+00:00
286,564,co,3440.0,µg/m³,2016-03-26 13:35:00+00:00
286,564,co,3860.0,µg/m³,2016-03-26 13:50:00+00:00
286,564,co,4300.0,µg/m³,2016-03-26 14:05:00+00:00
286,564,co,4880.0,µg/m³,2016-03-26 14:20:00+00:00
286,564,co,5100.0,µg/m³,2016-03-26 14:35:00+00:00
286,564,co,4930.0,µg/m³,2016-03-26 14:50:00+00:00
286,564,co,4290.0,µg/m³,2016-03-26 15:05:00+00:00
286,564,co,3800.0,µg/m³,2016-03-26 15:20:00+00:00
286,564,co,3370.0,µg/m³,2016-03-26 15:35:00+00:00
286,564,co,2790.0,µg/m³,2016-03-26 15:50:00+00:00
286,564,co,2290.0,µg/m³,2016-03-26 16:05:00+00:00
286,564,co,1850.0,µg/m³,2016-03-26 16:20:00+00:00
286,564,co,1450.0,µg/m³,2016-03-26 16:35:00+00:00
286,564,co,1130.0,µg/m³,2016-03-26 16:50:00+00:00
286,564,co,890.0,µg/m³,2016-03-26 17:05:00+00:00
286,564,co,710.0,µg/m³,2016-03-26 17:20:00+00:00
286,564,co,700.0,µg/m³,2016-03-26 17:35:00+00:00
286,564,co,1230.0,µg/m³,2016-03-26 17:50:00+00:00
286,564,co,1090.0,µg/m³,2016-03-26 18:05:00+00:00
286,564,co,980.0,µg/m³,2016-03-26 18:20:00+00:00
286,564,co,900.0,µg/m³,2016-03-26 18:35:00+00:00
286,564,co,830.0,µg/m³,2016-03-26 18:50:00+00:00
286,564,co,790.0,µg/m³,2016-03-26 19:05:00+00:00
286,564,co,630.0,µg/m³,2016-03-26 19:50:00+00:00
286,564,co,600.0,µg/m³,2016-03-26 20:05:00+00:00
286,564,co,580.0,µg/m³,2016-03-26 20:20:00+00:00
286,564,co,610.0,µg/m³,2016-03-26 20:35:00+00:00
286,564,co,620.0,µg/m³,2016-03-26 20:50:00+00:00
286,564,co,600.0,µg/m³,2016-03-26 21:05:00+00:00
286,564,co,570.0,µg/m³,2016-03-26 21:20:00+00:00
286,564,co,570.0,µg/m³,2016-03-26 21:35:00+00:00
286,564,co,850.0,µg/m³,2016-03-26 21:50:00+00:00
286,564,co,890.0,µg/m³,2016-03-26 22:05:00+00:00
286,564,co,890.0,µg/m³,2016-03-26 22:20:00+00:00
286,564,co,920.0,µg/m³,2016-03-26 22:35:00+00:00
286,564,co,930.0,µg/m³,2016-03-26 22:50:00+00:00
286,564,co,960.0,µg/m³,2016-03-26 23:05:00+00:00
286,564,co,950.0,µg/m³,2016-03-26 23:20:00+00:00
286,564,co,990.0,µg/m³,2016-03-26 23:35:00+00:00
286,564,co,1010.0,µg/m³,2016-03-26 23:50:00+00:00
286,564,co,1030.0,µg/m³,2016-03-27 00:05:00+00:00
286,564,co,1040.0,µg/m³,2016-03-27 00:20:00+00:00
286,564,co,1040.0,µg/m³,2016-03-27 00:35:00+00:00
286,564,co,1070.0,µg/m³,2016-03-27 00:50:00+00:00
286,564,co,1110.0,µg/m³,2016-03-27 01:05:00+00:00
286,564,co,1160.0,µg/m³,2016-03-27 01:20:00+00:00
286,564,co,1080.0,µg/m³,2016-03-27 01:35:00+00:00
286,564,co,1150.0,µg/m³,2016-03-27 01:50:00+00:00
286,564,co,1190.0,µg/m³,2016-03-27 02:05:00+00:00
286,564,co,1150.0,µg/m³,2016-03-27 02:20:00+00:00
286,565,no2,17.22,µg/m³,2016-03-21 15:35:00+00:00
286,565,no2,21.93,µg/m³,2016-03-22 02:35:00+00:00
286,565,no2,14.52,µg/m³,2016-03-22 16:05:00+00:00
286,565,no2,11.14,µg/m³,2016-03-22 19:05:00+00:00
286,565,no2,11.11,µg/m³,2016-03-22 19:35:00+00:00
286,565,no2,12.52,µg/m³,2016-03-22 23:20:00+00:00
286,565,no2,13.23,µg/m³,2016-03-22 23:50:00+00:00
286,565,no2,12.6,µg/m³,2016-03-23 01:05:00+00:00
286,565,no2,10.87,µg/m³,2016-03-23 02:05:00+00:00
286,565,no2,9.83,µg/m³,2016-03-23 03:50:00+00:00
286,565,no2,8.96,µg/m³,2016-03-23 04:20:00+00:00
286,565,no2,8.14,µg/m³,2016-03-23 04:50:00+00:00
286,565,no2,71.69,µg/m³,2016-03-23 09:20:00+00:00
286,565,no2,107.58,µg/m³,2016-03-23 13:05:00+00:00
286,565,no2,131.42,µg/m³,2016-03-23 14:20:00+00:00
286,565,no2,121.28,µg/m³,2016-03-23 17:20:00+00:00
286,565,no2,95.42,µg/m³,2016-03-24 01:35:00+00:00
286,565,no2,78.9,µg/m³,2016-03-24 06:20:00+00:00
286,565,no2,74.57,µg/m³,2016-03-24 07:05:00+00:00
286,565,no2,74.71,µg/m³,2016-03-24 08:35:00+00:00
286,565,no2,92.41,µg/m³,2016-03-24 12:20:00+00:00
286,565,no2,122.28,µg/m³,2016-03-24 15:50:00+00:00
286,565,no2,96.67,µg/m³,2016-03-24 19:05:00+00:00
286,565,no2,100.34,µg/m³,2016-03-24 21:05:00+00:00
286,565,no2,96.74,µg/m³,2016-03-24 22:50:00+00:00
286,565,no2,94.75,µg/m³,2016-03-25 02:20:00+00:00
286,565,no2,51.27,µg/m³,2016-03-25 06:50:00+00:00
286,565,no2,105.22,µg/m³,2016-03-25 12:05:00+00:00
286,565,no2,157.72,µg/m³,2016-03-25 15:20:00+00:00
286,565,no2,133.55,µg/m³,2016-03-25 16:05:00+00:00
286,565,no2,152.72,µg/m³,2016-03-25 17:50:00+00:00
286,565,no2,124.72,µg/m³,2016-03-25 21:35:00+00:00
286,565,no2,121.05,µg/m³,2016-03-25 23:05:00+00:00
286,565,no2,139.85,µg/m³,2016-03-26 00:50:00+00:00
286,565,no2,97.5,µg/m³,2016-03-26 03:05:00+00:00
286,565,no2,93.99,µg/m³,2016-03-26 08:35:00+00:00
286,565,no2,101.14,µg/m³,2016-03-26 09:50:00+00:00
286,565,no2,97.27,µg/m³,2016-03-26 10:05:00+00:00
286,565,no2,98.42,µg/m³,2016-03-26 10:20:00+00:00
286,565,no2,104.43,µg/m³,2016-03-26 10:35:00+00:00
286,565,no2,112.23,µg/m³,2016-03-26 10:50:00+00:00
286,565,no2,132.43,µg/m³,2016-03-26 11:20:00+00:00
286,565,no2,147.08,µg/m³,2016-03-26 11:50:00+00:00
286,565,no2,148.35,µg/m³,2016-03-26 12:05:00+00:00
286,565,no2,143.73,µg/m³,2016-03-26 12:20:00+00:00
286,565,no2,157.15,µg/m³,2016-03-26 12:35:00+00:00
286,565,no2,154.53,µg/m³,2016-03-26 12:50:00+00:00
286,565,no2,155.49,µg/m³,2016-03-26 13:05:00+00:00
286,565,no2,153.66,µg/m³,2016-03-26 13:20:00+00:00
286,565,no2,143.17,µg/m³,2016-03-26 13:35:00+00:00
286,565,no2,143.46,µg/m³,2016-03-26 13:50:00+00:00
286,565,no2,145.36,µg/m³,2016-03-26 14:05:00+00:00
286,565,no2,134.52,µg/m³,2016-03-26 14:20:00+00:00
286,565,no2,147.14,µg/m³,2016-03-26 14:35:00+00:00
286,565,no2,134.42,µg/m³,2016-03-26 14:50:00+00:00
286,565,no2,131.37,µg/m³,2016-03-26 15:05:00+00:00
286,565,no2,140.18,µg/m³,2016-03-26 15:20:00+00:00
286,565,no2,149.36,µg/m³,2016-03-26 15:35:00+00:00
286,565,no2,155.23,µg/m³,2016-03-26 15:50:00+00:00
286,565,no2,145.34,µg/m³,2016-03-26 16:05:00+00:00
286,565,no2,139.2,µg/m³,2016-03-26 16:20:00+00:00
286,565,no2,141.82,µg/m³,2016-03-26 16:35:00+00:00
286,565,no2,142.36,µg/m³,2016-03-26 16:50:00+00:00
286,565,no2,140.68,µg/m³,2016-03-26 17:05:00+00:00
286,565,no2,141.42,µg/m³,2016-03-26 17:20:00+00:00
286,565,no2,137.46,µg/m³,2016-03-26 17:35:00+00:00
286,565,no2,130.76,µg/m³,2016-03-26 17:50:00+00:00
286,565,no2,115.79,µg/m³,2016-03-26 18:05:00+00:00
286,565,no2,105.11,µg/m³,2016-03-26 18:20:00+00:00
286,565,no2,100.44,µg/m³,2016-03-26 18:35:00+00:00
286,565,no2,89.16,µg/m³,2016-03-26 18:50:00+00:00
286,565,no2,95.14,µg/m³,2016-03-26 19:05:00+00:00
286,565,no2,87.61,µg/m³,2016-03-26 19:50:00+00:00
286,565,no2,75.95,µg/m³,2016-03-26 20:05:00+00:00
286,565,no2,85.62,µg/m³,2016-03-26 20:20:00+00:00
286,565,no2,88.79,µg/m³,2016-03-26 20:35:00+00:00
286,565,no2,82.56,µg/m³,2016-03-26 20:50:00+00:00
286,565,no2,83.85,µg/m³,2016-03-26 21:05:00+00:00
286,565,no2,77.05,µg/m³,2016-03-26 21:20:00+00:00
286,565,no2,84.47,µg/m³,2016-03-26 21:35:00+00:00
286,565,no2,85.11,µg/m³,2016-03-26 21:50:00+00:00
286,565,no2,87.71,µg/m³,2016-03-26 22:05:00+00:00
286,565,no2,86.81,µg/m³,2016-03-26 22:20:00+00:00
286,565,no2,79.27,µg/m³,2016-03-26 22:35:00+00:00
286,565,no2,93.99,µg/m³,2016-03-26 22:50:00+00:00
286,565,no2,89.97,µg/m³,2016-03-26 23:05:00+00:00
286,565,no2,85.93,µg/m³,2016-03-26 23:20:00+00:00
286,565,no2,95.86,µg/m³,2016-03-26 23:35:00+00:00
286,565,no2,103.74,µg/m³,2016-03-26 23:50:00+00:00
286,565,no2,101.04,µg/m³,2016-03-27 00:05:00+00:00
286,565,no2,100.52,µg/m³,2016-03-27 00:20:00+00:00
286,565,no2,101.75,µg/m³,2016-03-27 00:35:00+00:00
286,565,no2,102.11,µg/m³,2016-03-27 00:50:00+00:00
286,565,no2,108.2,µg/m³,2016-03-27 01:05:00+00:00
286,565,no2,106.04,µg/m³,2016-03-27 01:20:00+00:00
286,565,no2,102.2,µg/m³,2016-03-27 01:35:00+00:00
286,565,no2,110.33,µg/m³,2016-03-27 01:50:00+00:00
286,565,no2,115.09,µg/m³,2016-03-27 02:05:00+00:00
286,565,no2,102.04,µg/m³,2016-03-27 02:20:00+00:00
286,565,no2,91.43,µg/m³,2016-03-27 02:35:00+00:00
